job_title,role_category,open_roles,top_locations,experience_level,work_mode,skills,job_links
60Th Anniversary Chair (Professor) In Human Resource Management/ Employment Relations,HR,1,Manchester Science Park,Senior,On-site,"['People Management', 'Recruitment']","[{""source"": ""Adzuna"", ""url"": ""https://www.adzuna.co.uk/jobs/details/5539110061?utm_medium=api&utm_source=026f28a2""}]"
A&E Consultant,Business,1,Milton Keynes,Senior,On-site,"['Analysis', 'Communication']","[{""source"": ""Adzuna"", ""url"": ""https://www.adzuna.co.uk/jobs/land/ad/5579239493?se=5oxhycgA8RGhuY8Zc5lhIQ&utm_medium=api&utm_source=026f28a2&v=118498D73B10CCFC81EC669CD1AC56571C7A2D34""}]"
Account Development Manager,Healthcare,1,Reading,Senior,On-site,['Clinical Knowledge'],"[{""source"": ""Adzuna"", ""url"": ""https://www.adzuna.co.uk/jobs/details/5576797191?utm_medium=api&utm_source=026f28a2""}]"
Accountant,Finance,17,"Haverfordwest, Hereford, Edinburgh",Mid,On-site,"['Accounting', 'Reporting']","[{""source"": ""Adzuna"", ""url"": ""https://www.adzuna.co.uk/jobs/land/ad/5549283298?se=eiFD08gA8RGV19jEQmXbTQ&utm_medium=api&utm_source=026f28a2&v=8502C8ADA5DD95659DB00EFCAC550A3C7CF3D831""}, {""source"": ""Adzuna"", ""url"": ""https://www.adzuna.co.uk/jobs/land/ad/5607507653?se=eiFD08gA8RGV19jEQmXbTQ&utm_medium=api&utm_source=026f28a2&v=1A7C298E226194CD94C4F76156023C8C3BF1B49F""}, {""source"": ""Adzuna"", ""url"": ""https://www.adzuna.co.uk/jobs/land/ad/5549283026?se=eiFD08gA8RGV19jEQmXbTQ&utm_medium=api&utm_source=026f28a2&v=367C4DD3AD0BEF960AFEEF01610B33A40069422B""}, {""source"": ""Adzuna"", ""url"": ""https://www.adzuna.co.uk/jobs/land/ad/5604757154?se=eiFD08gA8RGV19jEQmXbTQ&utm_medium=api&utm_source=026f28a2&v=7072870B4438396C9F245A204D3356171A185F5E""}, {""source"": ""Adzuna"", ""url"": ""https://www.adzuna.co.uk/jobs/land/ad/5604757115?se=eiFD08gA8RGV19jEQmXbTQ&utm_medium=api&utm_source=026f28a2&v=5C4E2D51D1158C1F2E38C628777E3DEF9C7240E9""}, {""source"": ""Adzuna"", ""url"": ""https://www.adzuna.co.uk/jobs/land/ad/5549283249?se=eiFD08gA8RGV19jEQmXbTQ&utm_medium=api&utm_source=026f28a2&v=B4DF1139FC90A84F23A890F811D581496E5B4F52""}, {""source"": ""Adzuna"", ""url"": ""https://www.adzuna.co.uk/jobs/land/ad/5549282831?se=eiFD08gA8RGV19jEQmXbTQ&utm_medium=api&utm_source=026f28a2&v=9118D9B73D01E58C548BB2B34535E295411F2E74""}, {""source"": ""Adzuna"", ""url"": ""https://www.adzuna.co.uk/jobs/land/ad/5549283211?se=eiFD08gA8RGV19jEQmXbTQ&utm_medium=api&utm_source=026f28a2&v=FD4E05CFE24C2659A53D689DEE7A7379D24ED946""}, {""source"": ""Adzuna"", ""url"": ""https://www.adzuna.co.uk/jobs/land/ad/5581957640?se=eiFD08gA8RGV19jEQmXbTQ&utm_medium=api&utm_source=026f28a2&v=34EB3872E4D9F4D2D3444319965CC39540EF5CAE""}, {""source"": ""Adzuna"", ""url"": ""https://www.adzuna.co.uk/jobs/land/ad/5549283147?se=eiFD08gA8RGV19jEQmXbTQ&utm_medium=api&utm_source=026f28a2&v=CB4A5523A8959A98A69B9A9700116393D0BC9B09""}, {""source"": ""Adzuna"", ""url"": ""https://www.adzuna.co.uk/jobs/land/ad/5549283457?se=eiFD08gA8RGV19jEQmXbTQ&utm_medium=api&utm_source=026f28a2&v=C022A009C5284C516595D387FE65A4FAFEA889A4""}, {""source"": ""Adzuna"", ""url"": ""https://www.adzuna.co.uk/jobs/land/ad/5581957656?se=eiFD08gA8RGV19jEQmXbTQ&utm_medium=api&utm_source=026f28a2&v=6A6B4D3B3B2E02FA6428D4333A63F39C876E25C6""}, {""source"": ""Adzuna"", ""url"": ""https://www.adzuna.co.uk/jobs/land/ad/5604757091?se=eiFD08gA8RGV19jEQmXbTQ&utm_medium=api&utm_source=026f28a2&v=399D43CD461161BE6F3F193A0C14800FA9CE2328""}, {""source"": ""Adzuna"", ""url"": ""https://www.adzuna.co.uk/jobs/land/ad/5549283300?se=eiFD08gA8RGV19jEQmXbTQ&utm_medium=api&utm_source=026f28a2&v=B716899047C23723CD175F889B73CBF6D3D52D92""}, {""source"": ""Adzuna"", ""url"": ""https://www.adzuna.co.uk/jobs/land/ad/5549282872?se=eiFD08gA8RGV19jEQmXbTQ&utm_medium=api&utm_source=026f28a2&v=39DF4B6923EAECDADFAEB820E8D0C94CF33CDEB1""}, {""source"": ""Adzuna"", ""url"": ""https://www.adzuna.co.uk/jobs/land/ad/5600787889?se=eiFD08gA8RGV19jEQmXbTQ&utm_medium=api&utm_source=026f28a2&v=24DE0CEEDB6F5DD7D950D2304EA52446262BE750""}, {""source"": ""Adzuna"", ""url"": ""https://www.adzuna.co.uk/jobs/land/ad/5549282251?se=eiFD08gA8RGV19jEQmXbTQ&utm_medium=api&utm_source=026f28a2&v=7C72B892B54E125F791B1D9AE5367DC5A386329C""}]"
Accountant - Accounts Preparation,Finance,2,Belfast,Mid,On-site,"['Accounting', 'Reporting']","[{""source"": ""Adzuna"", ""url"": ""https://www.adzuna.co.uk/jobs/land/ad/5549282380?se=eiFD08gA8RGV19jEQmXbTQ&utm_medium=api&utm_source=026f28a2&v=02F30D3293D60D9C4FBEFBF1123AED42F0D04267""}, {""source"": ""Adzuna"", ""url"": ""https://www.adzuna.co.uk/jobs/land/ad/5570926459?se=eiFD08gA8RGV19jEQmXbTQ&utm_medium=api&utm_source=026f28a2&v=C42C105FEE93DEB2FB4B5642B9590FF82E22A6BA""}]"
Accountant - Manager,Finance,1,Flintshire,Mid,Hybrid,"['Accounting', 'Reporting']","[{""source"": ""Adzuna"", ""url"": ""https://www.adzuna.co.uk/jobs/land/ad/5581957804?se=eiFD08gA8RGV19jEQmXbTQ&utm_medium=api&utm_source=026f28a2&v=1D472F90362E9FC4A6C8DABB86859F9F1AB9CB8D""}]"
Adhd Operations Manager,Business,1,London,Mid,On-site,"['Analysis', 'Communication']","[{""source"": ""Adzuna"", ""url"": ""https://www.adzuna.co.uk/jobs/land/ad/5570439036?se=jkTCzMgA8RGhuY8Zc5lhIQ&utm_medium=api&utm_source=026f28a2&v=481A936DA787DE12E8F0D3EF8C29E23F6AD6D940""}]"
Advanced Analytics,Data,1,London,Mid,Hybrid,"['Data Analysis', 'SQL']","[{""source"": ""Adzuna"", ""url"": ""https://www.adzuna.co.uk/jobs/details/5378335424?utm_medium=api&utm_source=026f28a2""}]"
Advisory Consultant,Business,1,Leeds,Mid,Hybrid,"['Analysis', 'Communication']","[{""source"": ""Adzuna"", ""url"": ""https://www.adzuna.co.uk/jobs/land/ad/5608356467?se=5oxhycgA8RGhuY8Zc5lhIQ&utm_medium=api&utm_source=026f28a2&v=C2444A813CF6013A7B3701A041EA588F7608B14F""}]"
Algorithm Software Engineer,Engineering,2,"Bristol, Filton",Mid,On-site,"['Problem Solving', 'System Design']","[{""source"": ""Adzuna"", ""url"": ""https://www.adzuna.co.uk/jobs/land/ad/5599943095?se=TJbHrcgA8RGV19jEQmXbTQ&utm_medium=api&utm_source=026f28a2&v=821A9FF2EB85A700E195FB5FD7A2EE96FE08975D""}, {""source"": ""Adzuna"", ""url"": ""https://www.adzuna.co.uk/jobs/land/ad/5610148378?se=CkM4r8gA8RGhuY8Zc5lhIQ&utm_medium=api&utm_source=026f28a2&v=EA5831DD6C0FFC3F0681CFBB91EF875D39441385""}]"
Anaesthetics Nurse/Odp,Healthcare,1,Colchester,Senior,On-site,['Clinical Knowledge'],"[{""source"": ""Adzuna"", ""url"": ""https://www.adzuna.co.uk/jobs/land/ad/5595465198?se=zh-C2MgA8RGhuY8Zc5lhIQ&utm_medium=api&utm_source=026f28a2&v=59FD8CEB4B709C3B2A9FAFC7E783EADCB691FEDE""}]"
Analytical Associate,Data,1,Hull,Mid,On-site,"['Data Analysis', 'SQL']","[{""source"": ""Adzuna"", ""url"": ""https://www.adzuna.co.uk/jobs/details/5586339187?utm_medium=api&utm_source=026f28a2""}]"
Analytical Chemist,Data,3,"Abingdon, Milton Keynes, Newry",Mid,On-site,"['Data Analysis', 'SQL']","[{""source"": ""Adzuna"", ""url"": ""https://www.adzuna.co.uk/jobs/details/5597564124?utm_medium=api&utm_source=026f28a2""}, {""source"": ""Adzuna"", ""url"": ""https://www.adzuna.co.uk/jobs/details/5599454899?utm_medium=api&utm_source=026f28a2""}, {""source"": ""Adzuna"", ""url"": ""https://www.adzuna.co.uk/jobs/details/5602754649?utm_medium=api&utm_source=026f28a2""}]"
Analytical Chemist – Analytical Services,Data,1,Craigavon,Mid,On-site,"['Data Analysis', 'SQL']","[{""source"": ""Adzuna"", ""url"": ""https://www.adzuna.co.uk/jobs/details/5599100193?utm_medium=api&utm_source=026f28a2""}]"
Analytical Scientist,Data,8,"Higher Ferry, Sompting, Stanley",Mid,On-site,"['Data Analysis', 'SQL']","[{""source"": ""Adzuna"", ""url"": ""https://www.adzuna.co.uk/jobs/land/ad/5571848716?se=3GmBvcgA8RGhuY8Zc5lhIQ&utm_medium=api&utm_source=026f28a2&v=788FF29616F1A253B7A4254DB962BA6C212B1988""}, {""source"": ""Adzuna"", ""url"": ""https://www.adzuna.co.uk/jobs/land/ad/5588331977?se=3GmBvcgA8RGhuY8Zc5lhIQ&utm_medium=api&utm_source=026f28a2&v=CA93054072775F96180740C8B5299779FDE6C6C2""}, {""source"": ""Adzuna"", ""url"": ""https://www.adzuna.co.uk/jobs/land/ad/5571405062?se=3GmBvcgA8RGhuY8Zc5lhIQ&utm_medium=api&utm_source=026f28a2&v=EA7021641490031A22F71543ECD5155FF314A7F4""}, {""source"": ""Adzuna"", ""url"": ""https://www.adzuna.co.uk/jobs/land/ad/5595647644?se=3GmBvcgA8RGhuY8Zc5lhIQ&utm_medium=api&utm_source=026f28a2&v=0E70AFCB27D40C6BCC7AFD717960524B223C963E""}, {""source"": ""Adzuna"", ""url"": ""https://www.adzuna.co.uk/jobs/details/5553218988?utm_medium=api&utm_source=026f28a2""}, {""source"": ""Adzuna"", ""url"": ""https://www.adzuna.co.uk/jobs/details/5572693575?utm_medium=api&utm_source=026f28a2""}, {""source"": ""Adzuna"", ""url"": ""https://www.adzuna.co.uk/jobs/details/5585931206?utm_medium=api&utm_source=026f28a2""}, {""source"": ""Adzuna"", ""url"": ""https://www.adzuna.co.uk/jobs/details/5606732451?utm_medium=api&utm_source=026f28a2""}]"
Analytical Specialist,Data,1,Staffordshire,Mid,On-site,"['Data Analysis', 'SQL']","[{""source"": ""Adzuna"", ""url"": ""https://www.adzuna.co.uk/jobs/land/ad/5601021623?se=3GmBvcgA8RGhuY8Zc5lhIQ&utm_medium=api&utm_source=026f28a2&v=B594EAC075CC2CA22105F7F1C5DCE7AAFFBB27F7""}]"
Analytical Technologist,Data,1,Swinley,Mid,On-site,"['Data Analysis', 'SQL']","[{""source"": ""Adzuna"", ""url"": ""https://www.adzuna.co.uk/jobs/details/5536536981?utm_medium=api&utm_source=026f28a2""}]"
Analytics Consultant,Data,1,UK,Senior,Remote,"['Data Analysis', 'SQL']","[{""source"": ""Adzuna"", ""url"": ""https://www.adzuna.co.uk/jobs/land/ad/5597136861?se=yGTuvsgA8RGhuY8Zc5lhIQ&utm_medium=api&utm_source=026f28a2&v=A5D3DED9D58802AEEB5E5661E5998DAD9325898F""}]"
Analytics Director,Data,1,London,Senior,On-site,"['Data Analysis', 'SQL']","[{""source"": ""Adzuna"", ""url"": ""https://www.adzuna.co.uk/jobs/details/5505185296?utm_medium=api&utm_source=026f28a2""}]"
Analytics Engineer,Data,31,"London, UK, Hyde Park",Mid,On-site,"['Azure', 'C++', 'Data Analysis', 'GCP', 'Power BI', 'Python', 'SQL', 'Tableau']","[{""source"": ""Adzuna"", ""url"": ""https://www.adzuna.co.uk/jobs/land/ad/5576117150?se=3GmBvcgA8RGhuY8Zc5lhIQ&utm_medium=api&utm_source=026f28a2&v=B4E66F9E90106D535169C48F76EEAD0FC5906655""}, {""source"": ""Adzuna"", ""url"": ""https://www.adzuna.co.uk/jobs/details/5401791102?utm_medium=api&utm_source=026f28a2""}, {""source"": ""Adzuna"", ""url"": ""https://www.adzuna.co.uk/jobs/details/5567965758?utm_medium=api&utm_source=026f28a2""}, {""source"": ""Adzuna"", ""url"": ""https://www.adzuna.co.uk/jobs/details/5534701877?utm_medium=api&utm_source=026f28a2""}, {""source"": ""Adzuna"", ""url"": ""https://www.adzuna.co.uk/jobs/details/5604771840?utm_medium=api&utm_source=026f28a2""}, {""source"": ""Adzuna"", ""url"": ""https://www.adzuna.co.uk/jobs/land/ad/5309773331?se=3GmBvcgA8RGhuY8Zc5lhIQ&utm_medium=api&utm_source=026f28a2&v=2D49A42B1FBE584752863C055DD3E7379184CBAA""}, {""source"": ""Adzuna"", ""url"": ""https://www.adzuna.co.uk/jobs/land/ad/5579242154?se=3GmBvcgA8RGhuY8Zc5lhIQ&utm_medium=api&utm_source=026f28a2&v=71D0A7586C5CCC91107EEBDD3DB172AA675623FA""}, {""source"": ""Adzuna"", ""url"": ""https://www.adzuna.co.uk/jobs/land/ad/5597288835?se=3GmBvcgA8RGhuY8Zc5lhIQ&utm_medium=api&utm_source=026f28a2&v=ABFA48B0BF4D5BFF6B48B558364FC27DC45216D3""}, {""source"": ""Adzuna"", ""url"": ""https://www.adzuna.co.uk/jobs/land/ad/5580330255?se=3GmBvcgA8RGhuY8Zc5lhIQ&utm_medium=api&utm_source=026f28a2&v=80D3C25FC89BEE973BD7159F78D42A9A6FA9530A""}, {""source"": ""Adzuna"", ""url"": ""https://www.adzuna.co.uk/jobs/land/ad/5597322664?se=3GmBvcgA8RGhuY8Zc5lhIQ&utm_medium=api&utm_source=026f28a2&v=B552F095DD2B58BD60C2C6490CA375B6D597B266""}, {""source"": ""Adzuna"", ""url"": ""https://www.adzuna.co.uk/jobs/land/ad/5580683754?se=3GmBvcgA8RGhuY8Zc5lhIQ&utm_medium=api&utm_source=026f28a2&v=0F7BCD1DD5A6B1C0140BCE9A95089598C86BC917""}, {""source"": ""Adzuna"", ""url"": ""https://www.adzuna.co.uk/jobs/details/5606171591?utm_medium=api&utm_source=026f28a2""}, {""source"": ""Adzuna"", ""url"": ""https://www.adzuna.co.uk/jobs/details/5568290395?utm_medium=api&utm_source=026f28a2""}, {""source"": ""Adzuna"", ""url"": ""https://www.adzuna.co.uk/jobs/details/5572694188?utm_medium=api&utm_source=026f28a2""}, {""source"": ""Adzuna"", ""url"": ""https://www.adzuna.co.uk/jobs/details/5603325058?utm_medium=api&utm_source=026f28a2""}, {""source"": ""Adzuna"", ""url"": ""https://www.adzuna.co.uk/jobs/details/5587671371?utm_medium=api&utm_source=026f28a2""}, {""source"": ""Adzuna"", ""url"": ""https://www.adzuna.co.uk/jobs/details/5611195920?utm_medium=api&utm_source=026f28a2""}, {""source"": ""Adzuna"", ""url"": ""https://www.adzuna.co.uk/jobs/details/5611139187?utm_medium=api&utm_source=026f28a2""}, {""source"": ""Adzuna"", ""url"": ""https://www.adzuna.co.uk/jobs/details/5611195041?utm_medium=api&utm_source=026f28a2""}, {""source"": ""Adzuna"", ""url"": ""https://www.adzuna.co.uk/jobs/details/5569347641?utm_medium=api&utm_source=026f28a2""}, {""source"": ""Adzuna"", ""url"": ""https://www.adzuna.co.uk/jobs/details/5397772540?utm_medium=api&utm_source=026f28a2""}, {""source"": ""Adzuna"", ""url"": ""https://www.adzuna.co.uk/jobs/details/5575621621?utm_medium=api&utm_source=026f28a2""}, {""source"": ""Adzuna"", ""url"": ""https://www.adzuna.co.uk/jobs/details/5550874539?utm_medium=api&utm_source=026f28a2""}, {""source"": ""Adzuna"", ""url"": ""https://www.adzuna.co.uk/jobs/details/5609957625?utm_medium=api&utm_source=026f28a2""}, {""source"": ""Adzuna"", ""url"": ""https://www.adzuna.co.uk/jobs/details/5606184079?utm_medium=api&utm_source=026f28a2""}, {""source"": ""Adzuna"", ""url"": ""https://www.adzuna.co.uk/jobs/details/5600189976?utm_medium=api&utm_source=026f28a2""}, {""source"": ""Adzuna"", ""url"": ""https://www.adzuna.co.uk/jobs/details/5575617166?utm_medium=api&utm_source=026f28a2""}, {""source"": ""Adzuna"", ""url"": ""https://www.adzuna.co.uk/jobs/details/5608834936?utm_medium=api&utm_source=026f28a2""}, {""source"": ""Adzuna"", ""url"": ""https://www.adzuna.co.uk/jobs/details/5606911687?utm_medium=api&utm_source=026f28a2""}, {""source"": ""Adzuna"", ""url"": ""https://www.adzuna.co.uk/jobs/details/5601170243?utm_medium=api&utm_source=026f28a2""}, {""source"": ""Adzuna"", ""url"": ""https://www.adzuna.co.uk/jobs/details/5573613451?utm_medium=api&utm_source=026f28a2""}]"
Analytics Engineer (7 Month Ftc),Data,1,Birmingham,Mid,Hybrid,"['Azure', 'Power BI']","[{""source"": ""Adzuna"", ""url"": ""https://www.adzuna.co.uk/jobs/land/ad/5598597712?se=3GmBvcgA8RGhuY8Zc5lhIQ&utm_medium=api&utm_source=026f28a2&v=1215FE89E324FF95E3000EAE1A237B976E2C280D""}]"
Analytics Engineer/Senior Analytics Engineer,Data,1,London,Senior,On-site,"['Data Analysis', 'SQL']","[{""source"": ""Adzuna"", ""url"": ""https://www.adzuna.co.uk/jobs/details/5574733749?utm_medium=api&utm_source=026f28a2""}]"
Analytics Manager,Data,6,"London, Tingley Common",Senior,On-site,"['Data Analysis', 'SQL']","[{""source"": ""Adzuna"", ""url"": ""https://www.adzuna.co.uk/jobs/details/5371931321?utm_medium=api&utm_source=026f28a2""}, {""source"": ""Adzuna"", ""url"": ""https://www.adzuna.co.uk/jobs/details/5585112866?utm_medium=api&utm_source=026f28a2""}, {""source"": ""Adzuna"", ""url"": ""https://www.adzuna.co.uk/jobs/land/ad/5547144796?se=3GmBvcgA8RGhuY8Zc5lhIQ&utm_medium=api&utm_source=026f28a2&v=AB391D417543042A77A58800020CFFB7B5532F87""}, {""source"": ""Adzuna"", ""url"": ""https://www.adzuna.co.uk/jobs/details/5604769709?utm_medium=api&utm_source=026f28a2""}, {""source"": ""Adzuna"", ""url"": ""https://www.adzuna.co.uk/jobs/details/5604762200?utm_medium=api&utm_source=026f28a2""}, {""source"": ""Adzuna"", ""url"": ""https://www.adzuna.co.uk/jobs/details/5606295515?utm_medium=api&utm_source=026f28a2""}]"
"Analytics Manager, Full Stack (Fraud Analytics)",Data,1,UK,Senior,On-site,"['Data Analysis', 'SQL']","[{""source"": ""Adzuna"", ""url"": ""https://www.adzuna.co.uk/jobs/details/5517728726?utm_medium=api&utm_source=026f28a2""}]"
Apc Quantity Surveyor - Consultancy,Business,1,Liverpool,Mid,Hybrid,"['Analysis', 'Communication']","[{""source"": ""Adzuna"", ""url"": ""https://www.adzuna.co.uk/jobs/land/ad/5603214903?se=Gt8nyMgA8RG27sBWXwN7yg&utm_medium=api&utm_source=026f28a2&v=4921C20E975C77E615194F3E0CD93795D62B3660""}]"
Arboricultural Consultant,Business,2,"Chelmsford, Lyme Green",Mid,On-site,"['Analysis', 'Communication']","[{""source"": ""Adzuna"", ""url"": ""https://www.adzuna.co.uk/jobs/land/ad/5593839017?se=5oxhycgA8RGhuY8Zc5lhIQ&utm_medium=api&utm_source=026f28a2&v=EBAB92C5F364D4CEB7A67DFB56EBDFEB56DABF8E""}, {""source"": ""Adzuna"", ""url"": ""https://www.adzuna.co.uk/jobs/land/ad/5571211273?se=5oxhycgA8RGhuY8Zc5lhIQ&utm_medium=api&utm_source=026f28a2&v=91B7822450BEC209BC26A637C3ED8D5D5002F165""}]"
Area Sales Manager,Healthcare,3,"The City, London, Manchester",Mid,On-site,['Clinical Knowledge'],"[{""source"": ""Adzuna"", ""url"": ""https://www.adzuna.co.uk/jobs/land/ad/5607969248?se=bhvh3cgA8RGI2N0cIjSMgQ&utm_medium=api&utm_source=026f28a2&v=CD66CD7488CF14EE2728BFE5B1E3E476455AB2DF""}, {""source"": ""Adzuna"", ""url"": ""https://www.adzuna.co.uk/jobs/land/ad/5607946199?se=bhvh3cgA8RGI2N0cIjSMgQ&utm_medium=api&utm_source=026f28a2&v=A83A6203204AF8070C668A1228EFAC9517BB4764""}, {""source"": ""Adzuna"", ""url"": ""https://www.adzuna.co.uk/jobs/land/ad/5607969530?se=jBIq38gA8RGV19jEQmXbTQ&utm_medium=api&utm_source=026f28a2&v=36611D4A57954902D628DEC227D8DD46014A1423""}]"
Art And Design Teacher,Design,4,"Penenden Heath, Milton Regis, Paddlesworth",Mid,On-site,"['UI', 'UX']","[{""source"": ""Adzuna"", ""url"": ""https://www.adzuna.co.uk/jobs/land/ad/5601863935?se=DA2Q4MgA8RGV19jEQmXbTQ&utm_medium=api&utm_source=026f28a2&v=DB3239500DA99853F84C53398C77D8DF8F3D0C02""}, {""source"": ""Adzuna"", ""url"": ""https://www.adzuna.co.uk/jobs/land/ad/5601863937?se=DA2Q4MgA8RGV19jEQmXbTQ&utm_medium=api&utm_source=026f28a2&v=47F4678DD7F98B4AEE2AA17A29599BE2FD0D462E""}, {""source"": ""Adzuna"", ""url"": ""https://www.adzuna.co.uk/jobs/land/ad/5601863936?se=DA2Q4MgA8RGV19jEQmXbTQ&utm_medium=api&utm_source=026f28a2&v=571C330AA382B735772FC8D1344882CAF6D43BF7""}, {""source"": ""Adzuna"", ""url"": ""https://www.adzuna.co.uk/jobs/land/ad/5601863939?se=DA2Q4MgA8RGV19jEQmXbTQ&utm_medium=api&utm_source=026f28a2&v=14D79D4CC784BB933CAF3A09226E901DEBEEC219""}]"
Asbestos Consultant,Business,1,Ladywood,Mid,On-site,"['Analysis', 'Communication']","[{""source"": ""Adzuna"", ""url"": ""https://www.adzuna.co.uk/jobs/land/ad/5605929410?se=5oxhycgA8RGhuY8Zc5lhIQ&utm_medium=api&utm_source=026f28a2&v=B04D09C5CC0322C717277AFB3DC3FAAC66AC3388""}]"
Assessment Nurse,Healthcare,6,"Southend-On-Sea, Chelmsford, Heathrow",Mid,Hybrid,['Clinical Knowledge'],"[{""source"": ""Adzuna"", ""url"": ""https://www.adzuna.co.uk/jobs/land/ad/5606244904?se=zh-C2MgA8RGhuY8Zc5lhIQ&utm_medium=api&utm_source=026f28a2&v=0A8ECEE44313B61D652B490EF8DAB400A57D84FC""}, {""source"": ""Adzuna"", ""url"": ""https://www.adzuna.co.uk/jobs/land/ad/5606244905?se=zh-C2MgA8RGhuY8Zc5lhIQ&utm_medium=api&utm_source=026f28a2&v=930D1698FF7EDD03B550DB5FCF9453329DC70FD7""}, {""source"": ""Adzuna"", ""url"": ""https://www.adzuna.co.uk/jobs/land/ad/5606244900?se=zh-C2MgA8RGhuY8Zc5lhIQ&utm_medium=api&utm_source=026f28a2&v=9B8A9EEDB6CDB92106AADE2367E18E9F1BF656D6""}, {""source"": ""Adzuna"", ""url"": ""https://www.adzuna.co.uk/jobs/land/ad/5606244901?se=zh-C2MgA8RGhuY8Zc5lhIQ&utm_medium=api&utm_source=026f28a2&v=58AB08B5D7709996DD52E3093AF84733307AC37A""}, {""source"": ""Adzuna"", ""url"": ""https://www.adzuna.co.uk/jobs/land/ad/5606244897?se=zh-C2MgA8RGhuY8Zc5lhIQ&utm_medium=api&utm_source=026f28a2&v=0B2D1B8D93853E48A500F47B58724B2E9697A3E6""}, {""source"": ""Adzuna"", ""url"": ""https://www.adzuna.co.uk/jobs/land/ad/5606244891?se=zh-C2MgA8RGhuY8Zc5lhIQ&utm_medium=api&utm_source=026f28a2&v=D52FE2CE2C92A3ED84F3E89BC7F6BB90799DB1F3""}]"
Assistant Marketing Manager,Marketing,2,"Bourne End, Buckinghamshire",Mid,Hybrid,"['Campaigns', 'SEO']","[{""source"": ""Adzuna"", ""url"": ""https://www.adzuna.co.uk/jobs/land/ad/5593582282?se=TEEuzsgA8RG27sBWXwN7yg&utm_medium=api&utm_source=026f28a2&v=C35DBFD127CC6700E54EC20C7148236987AC8545""}, {""source"": ""Adzuna"", ""url"": ""https://www.adzuna.co.uk/jobs/land/ad/5607946862?se=TEEuzsgA8RG27sBWXwN7yg&utm_medium=api&utm_source=026f28a2&v=077D48CA39BD47ED32D0D5A653602B56E15E4C89""}]"
Assistant Operations Manager,Business,1,Balmaha,Mid,On-site,"['Analysis', 'Communication']","[{""source"": ""Adzuna"", ""url"": ""https://www.adzuna.co.uk/jobs/land/ad/5610070881?se=jkTCzMgA8RGhuY8Zc5lhIQ&utm_medium=api&utm_source=026f28a2&v=1BD704765D3B420DA2404ED0C4B0DFC773DF157C""}]"
Associate Data Scientist,Data,1,London,Mid,On-site,"['Data Analysis', 'SQL']","[{""source"": ""Adzuna"", ""url"": ""https://www.adzuna.co.uk/jobs/land/ad/5604283708?se=3NP2usgA8RGI2N0cIjSMgQ&utm_medium=api&utm_source=026f28a2&v=FCCEE86665724992C8624074DC4039EDEF1D72C6""}]"
Associate Director - Digital Analytics,Data,1,South East London,Senior,On-site,"['Data Analysis', 'SQL']","[{""source"": ""Adzuna"", ""url"": ""https://www.adzuna.co.uk/jobs/land/ad/5607031071?se=3GmBvcgA8RGhuY8Zc5lhIQ&utm_medium=api&utm_source=026f28a2&v=1848525D925E927585F1D7A865206E43A3CCF3AB""}]"
Associate Marketing Manager,Marketing,1,Bourne End,Mid,Hybrid,"['Campaigns', 'SEO']","[{""source"": ""Adzuna"", ""url"": ""https://www.adzuna.co.uk/jobs/land/ad/5588989030?se=TEEuzsgA8RG27sBWXwN7yg&utm_medium=api&utm_source=026f28a2&v=4378B32CAA4BEC7C20170D8A059FB720EE8D161B""}]"
Associate Product Manager,Product,5,"Burgess Hill, Far Cotton, Baginton",Mid,Hybrid,"['Roadmapping', 'Stakeholder Management']","[{""source"": ""Adzuna"", ""url"": ""https://www.adzuna.co.uk/jobs/land/ad/5592795890?se=sgdRwMgA8RGhuY8Zc5lhIQ&utm_medium=api&utm_source=026f28a2&v=D8E510DA4C28724B888EC06C8E8DCB3F343E0B97""}, {""source"": ""Adzuna"", ""url"": ""https://www.adzuna.co.uk/jobs/land/ad/5601752959?se=sgdRwMgA8RGhuY8Zc5lhIQ&utm_medium=api&utm_source=026f28a2&v=DDC23387AC352791A8CEED1758D6929A3E6268C0""}, {""source"": ""Adzuna"", ""url"": ""https://www.adzuna.co.uk/jobs/land/ad/5601426901?se=sgdRwMgA8RGhuY8Zc5lhIQ&utm_medium=api&utm_source=026f28a2&v=82229D3F76F2982B78008B57EE3FB23CCB0EFDE9""}, {""source"": ""Adzuna"", ""url"": ""https://www.adzuna.co.uk/jobs/land/ad/5601948244?se=sgdRwMgA8RGhuY8Zc5lhIQ&utm_medium=api&utm_source=026f28a2&v=966EEFF24C21F20180E8E05A8B5CE492C01B5903""}, {""source"": ""Adzuna"", ""url"": ""https://www.adzuna.co.uk/jobs/land/ad/5581598279?se=sgdRwMgA8RGhuY8Zc5lhIQ&utm_medium=api&utm_source=026f28a2&v=6B74A6E301CC71676918E94BFBEC663ABB16124F""}]"
Associate Product Owner,Product,1,Wokingham,Entry,On-site,"['Roadmapping', 'Stakeholder Management']","[{""source"": ""Adzuna"", ""url"": ""https://www.adzuna.co.uk/jobs/land/ad/5604011459?se=wsjwwsgA8RG27sBWXwN7yg&utm_medium=api&utm_source=026f28a2&v=35F06F0E4741C37049F4B0A3C93AE6C9DECF62A1""}]"
Associate Software Engineer,Engineering,1,UK,Mid,Hybrid,"['Problem Solving', 'System Design']","[{""source"": ""Adzuna"", ""url"": ""https://www.adzuna.co.uk/jobs/land/ad/5583404511?se=CkM4r8gA8RGhuY8Zc5lhIQ&utm_medium=api&utm_source=026f28a2&v=145A0FEC05C2FBC90177661BE674A6DC38E0BAE6""}]"
"Audit Product Owner, Global Accountancy Firm, Professional Services",Product,1,Bishopsgate,Mid,Remote,"['Roadmapping', 'Stakeholder Management']","[{""source"": ""Adzuna"", ""url"": ""https://www.adzuna.co.uk/jobs/land/ad/5589139906?se=wsjwwsgA8RG27sBWXwN7yg&utm_medium=api&utm_source=026f28a2&v=837F125D19B145ECE0855343FE01B5DC439990E2""}]"
Automation Software Engineer,Engineering,1,Tamworth,Mid,On-site,"['Problem Solving', 'System Design']","[{""source"": ""Adzuna"", ""url"": ""https://www.adzuna.co.uk/jobs/land/ad/5593863357?se=CkM4r8gA8RGhuY8Zc5lhIQ&utm_medium=api&utm_source=026f28a2&v=3574AD8423075141C360A1210C3C653D70C58A7C""}]"
Avp Senior Auditor Data Analytics,Data,1,London,Mid,On-site,['C++'],"[{""source"": ""Adzuna"", ""url"": ""https://www.adzuna.co.uk/jobs/land/ad/5549283366?se=3GmBvcgA8RGhuY8Zc5lhIQ&utm_medium=api&utm_source=026f28a2&v=4FF37FB44257CD30A09F5484B7A598C16E1D3FE1""}]"
Aws Product Manager,Product,1,UK,Mid,On-site,['AWS'],"[{""source"": ""Adzuna"", ""url"": ""https://www.adzuna.co.uk/jobs/land/ad/5587939380?se=sgdRwMgA8RGhuY8Zc5lhIQ&utm_medium=api&utm_source=026f28a2&v=ABBFBB4D21FD46590AD3B92E0BBB83D36E5580B6""}]"
B2B Events Sales & Marketing Manager,Marketing,1,Clevedon,Senior,On-site,"['Campaigns', 'SEO']","[{""source"": ""Adzuna"", ""url"": ""https://www.adzuna.co.uk/jobs/land/ad/5598789970?se=1uV2z8gA8RG27sBWXwN7yg&utm_medium=api&utm_source=026f28a2&v=DE9E04BC1AFA834819E35BD1E93DF7B8518379F2""}]"
Baked Product Development Manager,Product,1,Belasis Hall Technology Park,Mid,On-site,"['Roadmapping', 'Stakeholder Management']","[{""source"": ""Adzuna"", ""url"": ""https://www.adzuna.co.uk/jobs/land/ad/5574808900?se=sgdRwMgA8RGhuY8Zc5lhIQ&utm_medium=api&utm_source=026f28a2&v=F526D33046DF76D54707D5A049B1417C1B4D8461""}]"
Band 3 Hr Administrator,HR,1,Armagh,Mid,Hybrid,"['People Management', 'Recruitment']","[{""source"": ""Adzuna"", ""url"": ""https://www.adzuna.co.uk/jobs/land/ad/5546804334?se=ynHH5cgA8RG27sBWXwN7yg&utm_medium=api&utm_source=026f28a2&v=2C8A5BBC459B54401AA43D1669F236D51722A3BD""}]"
Banking Analyst,Finance,1,Glasgow,Mid,Hybrid,"['Accounting', 'Reporting']","[{""source"": ""Adzuna"", ""url"": ""https://www.adzuna.co.uk/jobs/details/5607172172?utm_medium=api&utm_source=026f28a2""}]"
Banking Single Customer View Data Analyst / Auditor London £38K,Data,1,London,Mid,Hybrid,"['Data Analysis', 'SQL']","[{""source"": ""Adzuna"", ""url"": ""https://www.adzuna.co.uk/jobs/land/ad/5581096281?se=PMCcucgA8RGV19jEQmXbTQ&utm_medium=api&utm_source=026f28a2&v=E2A7DB74645D65A31B87DDD6C717A645575070CE""}]"
Bar & Operations Manager,Business,1,UK,Mid,On-site,"['Analysis', 'Communication']","[{""source"": ""Adzuna"", ""url"": ""https://www.adzuna.co.uk/jobs/land/ad/5610490750?se=jkTCzMgA8RGhuY8Zc5lhIQ&utm_medium=api&utm_source=026f28a2&v=D202D4959CFE0E82DC8DC2EE567412ACD71A05B9""}]"
Bid Writer (Pharma / Medical Devices),Healthcare,1,Bristol,Mid,Hybrid,['Clinical Knowledge'],"[{""source"": ""Adzuna"", ""url"": ""https://www.adzuna.co.uk/jobs/land/ad/5584569077?se=bhvh3cgA8RGI2N0cIjSMgQ&utm_medium=api&utm_source=026f28a2&v=9090ED8743F27918F84FB504C75BEA00101EACD5""}]"
Bid Writer Pharma / Medical Devices,Healthcare,1,Bristol,Mid,Hybrid,['Clinical Knowledge'],"[{""source"": ""Adzuna"", ""url"": ""https://www.adzuna.co.uk/jobs/land/ad/5585083602?se=bhvh3cgA8RGI2N0cIjSMgQ&utm_medium=api&utm_source=026f28a2&v=1D13180C071F2528164EA68F1FA75D32A93AA7EE""}]"
Binding Authority Account Manager - Data Analyst (Broker),Data,1,London,Senior,Hybrid,"['Data Analysis', 'SQL']","[{""source"": ""Adzuna"", ""url"": ""https://www.adzuna.co.uk/jobs/land/ad/5596422417?se=5FtQuMgA8RG27sBWXwN7yg&utm_medium=api&utm_source=026f28a2&v=24084FD9274B8BE586EFDA642FF9BBC50D94219D""}]"
Biostatistician Ii,Healthcare,1,Reading,Senior,On-site,['Clinical Knowledge'],"[{""source"": ""Adzuna"", ""url"": ""https://www.adzuna.co.uk/jobs/details/5482297527?utm_medium=api&utm_source=026f28a2""}]"
Brand Marketing Manager,Marketing,1,Winnersh,Senior,On-site,"['Campaigns', 'SEO']","[{""source"": ""Adzuna"", ""url"": ""https://www.adzuna.co.uk/jobs/land/ad/5588370693?se=TEEuzsgA8RG27sBWXwN7yg&utm_medium=api&utm_source=026f28a2&v=C1365FA83F041C6A6653239C1D45663639C7CC43""}]"
Breeam Consultant,Business,1,Milton Keynes,Mid,On-site,"['Analysis', 'Communication']","[{""source"": ""Adzuna"", ""url"": ""https://www.adzuna.co.uk/jobs/land/ad/5595316567?se=5oxhycgA8RGhuY8Zc5lhIQ&utm_medium=api&utm_source=026f28a2&v=90F421766D77E522E123FB59EE3AB2333AA9CAC3""}]"
Business Analyst,Business,48,"Leeds, Manchester, York",Senior,On-site,"['Analysis', 'Azure', 'Communication', 'Power BI', 'Python', 'SQL']","[{""source"": ""Adzuna"", ""url"": ""https://www.adzuna.co.uk/jobs/land/ad/5610301160?se=SgmZxcgA8RG27sBWXwN7yg&utm_medium=api&utm_source=026f28a2&v=074CA0C2ED5A0812FA66FFC65DB6C546AF9AE5C0""}, {""source"": ""Adzuna"", ""url"": ""https://www.adzuna.co.uk/jobs/land/ad/5610302456?se=SgmZxcgA8RG27sBWXwN7yg&utm_medium=api&utm_source=026f28a2&v=2929D4FD8C176CDBF9EAD1D153AC0AAABA2200B7""}, {""source"": ""Adzuna"", ""url"": ""https://www.adzuna.co.uk/jobs/land/ad/5610300753?se=SgmZxcgA8RG27sBWXwN7yg&utm_medium=api&utm_source=026f28a2&v=F8D99D45874C2F6BE393CEF5D5205B876B5CD480""}, {""source"": ""Adzuna"", ""url"": ""https://www.adzuna.co.uk/jobs/land/ad/5577274827?se=SgmZxcgA8RG27sBWXwN7yg&utm_medium=api&utm_source=026f28a2&v=423BCAD51A491E90FAD88ED05E3F7DB433BA43A9""}, {""source"": ""Adzuna"", ""url"": ""https://www.adzuna.co.uk/jobs/land/ad/5602754579?se=SgmZxcgA8RG27sBWXwN7yg&utm_medium=api&utm_source=026f28a2&v=1F751C282EC5719621C56EB74A97F49EA5BC51DB""}, {""source"": ""Adzuna"", ""url"": ""https://www.adzuna.co.uk/jobs/land/ad/5596782768?se=SgmZxcgA8RG27sBWXwN7yg&utm_medium=api&utm_source=026f28a2&v=0CDFC16F21F2FDC02409D78B55CC96E5472BDB69""}, {""source"": ""Adzuna"", ""url"": ""https://www.adzuna.co.uk/jobs/land/ad/5602754520?se=SgmZxcgA8RG27sBWXwN7yg&utm_medium=api&utm_source=026f28a2&v=4A8E3C0C62C2D461071417B81887356D13512ABF""}, {""source"": ""Adzuna"", ""url"": ""https://www.adzuna.co.uk/jobs/land/ad/5597025068?se=SgmZxcgA8RG27sBWXwN7yg&utm_medium=api&utm_source=026f28a2&v=53B3BF0A497E5C1A53BEB60087F10B8B60C3E13A""}, {""source"": ""Adzuna"", ""url"": ""https://www.adzuna.co.uk/jobs/land/ad/5611356713?se=SgmZxcgA8RG27sBWXwN7yg&utm_medium=api&utm_source=026f28a2&v=A6C0A1B5935C2A5D279E69AD11DD9558A96C5DE9""}, {""source"": ""Adzuna"", ""url"": ""https://www.adzuna.co.uk/jobs/land/ad/5589173399?se=SgmZxcgA8RG27sBWXwN7yg&utm_medium=api&utm_source=026f28a2&v=77C75F4A2A2FB6186E8E040F428555E7A44A2363""}, {""source"": ""Adzuna"", ""url"": ""https://www.adzuna.co.uk/jobs/land/ad/5551370066?se=SgmZxcgA8RG27sBWXwN7yg&utm_medium=api&utm_source=026f28a2&v=CA1D28D276F9B07CE8C2AAC5653D315DA4C3BCEE""}, {""source"": ""Adzuna"", ""url"": ""https://www.adzuna.co.uk/jobs/details/5610114751?utm_medium=api&utm_source=026f28a2""}, {""source"": ""Adzuna"", ""url"": ""https://www.adzuna.co.uk/jobs/details/5604704788?utm_medium=api&utm_source=026f28a2""}, {""source"": ""Adzuna"", ""url"": ""https://www.adzuna.co.uk/jobs/details/5583632495?utm_medium=api&utm_source=026f28a2""}, {""source"": ""Adzuna"", ""url"": ""https://www.adzuna.co.uk/jobs/details/5601471369?utm_medium=api&utm_source=026f28a2""}, {""source"": ""Adzuna"", ""url"": ""https://www.adzuna.co.uk/jobs/details/5601471333?utm_medium=api&utm_source=026f28a2""}, {""source"": ""Adzuna"", ""url"": ""https://www.adzuna.co.uk/jobs/details/5611370163?utm_medium=api&utm_source=026f28a2""}, {""source"": ""Adzuna"", ""url"": ""https://www.adzuna.co.uk/jobs/details/5597999670?utm_medium=api&utm_source=026f28a2""}, {""source"": ""Adzuna"", ""url"": ""https://www.adzuna.co.uk/jobs/details/5602535075?utm_medium=api&utm_source=026f28a2""}, {""source"": ""Adzuna"", ""url"": ""https://www.adzuna.co.uk/jobs/details/5610949175?utm_medium=api&utm_source=026f28a2""}, {""source"": ""Adzuna"", ""url"": ""https://www.adzuna.co.uk/jobs/details/5586958464?utm_medium=api&utm_source=026f28a2""}, {""source"": ""Adzuna"", ""url"": ""https://www.adzuna.co.uk/jobs/details/5604422669?utm_medium=api&utm_source=026f28a2""}, {""source"": ""Adzuna"", ""url"": ""https://www.adzuna.co.uk/jobs/details/5577396771?utm_medium=api&utm_source=026f28a2""}, {""source"": ""Adzuna"", ""url"": ""https://www.adzuna.co.uk/jobs/details/5584269893?utm_medium=api&utm_source=026f28a2""}, {""source"": ""Adzuna"", ""url"": ""https://www.adzuna.co.uk/jobs/details/5574761155?utm_medium=api&utm_source=026f28a2""}, {""source"": ""Adzuna"", ""url"": ""https://www.adzuna.co.uk/jobs/details/5595598489?utm_medium=api&utm_source=026f28a2""}, {""source"": ""Adzuna"", ""url"": ""https://www.adzuna.co.uk/jobs/details/5350418175?utm_medium=api&utm_source=026f28a2""}, {""source"": ""Adzuna"", ""url"": ""https://www.adzuna.co.uk/jobs/details/5583598316?utm_medium=api&utm_source=026f28a2""}, {""source"": ""Adzuna"", ""url"": ""https://www.adzuna.co.uk/jobs/details/5593852108?utm_medium=api&utm_source=026f28a2""}, {""source"": ""Adzuna"", ""url"": ""https://www.adzuna.co.uk/jobs/details/5582274119?utm_medium=api&utm_source=026f28a2""}, {""source"": ""Adzuna"", ""url"": ""https://www.adzuna.co.uk/jobs/details/5577396770?utm_medium=api&utm_source=026f28a2""}, {""source"": ""Adzuna"", ""url"": ""https://www.adzuna.co.uk/jobs/details/5591756232?utm_medium=api&utm_source=026f28a2""}, {""source"": ""Adzuna"", ""url"": ""https://www.adzuna.co.uk/jobs/details/5595600256?utm_medium=api&utm_source=026f28a2""}, {""source"": ""Adzuna"", ""url"": ""https://www.adzuna.co.uk/jobs/details/5580427907?utm_medium=api&utm_source=026f28a2""}, {""source"": ""Adzuna"", ""url"": ""https://www.adzuna.co.uk/jobs/details/5596875619?utm_medium=api&utm_source=026f28a2""}, {""source"": ""Adzuna"", ""url"": ""https://www.adzuna.co.uk/jobs/details/5548457451?utm_medium=api&utm_source=026f28a2""}, {""source"": ""Adzuna"", ""url"": ""https://www.adzuna.co.uk/jobs/details/4260045806?utm_medium=api&utm_source=026f28a2""}, {""source"": ""Adzuna"", ""url"": ""https://www.adzuna.co.uk/jobs/land/ad/5509086120?se=6o3NxsgA8RGV19jEQmXbTQ&utm_medium=api&utm_source=026f28a2&v=ED84D4B6B3505C5C8E8A2F56320FBA4A21C2DA91""}, {""source"": ""Adzuna"", ""url"": ""https://www.adzuna.co.uk/jobs/land/ad/5511320541?se=6o3NxsgA8RGV19jEQmXbTQ&utm_medium=api&utm_source=026f28a2&v=A1F05D852AB4AD08E92475AAD68955E7E51EC902""}, {""source"": ""Adzuna"", ""url"": ""https://www.adzuna.co.uk/jobs/land/ad/5133605057?se=6o3NxsgA8RGV19jEQmXbTQ&utm_medium=api&utm_source=026f28a2&v=52E7952FF56D918EE1BF6F64DD9CE78B91315E60""}, {""source"": ""Adzuna"", ""url"": ""https://www.adzuna.co.uk/jobs/land/ad/5536080566?se=6o3NxsgA8RGV19jEQmXbTQ&utm_medium=api&utm_source=026f28a2&v=17ABE798B5A0C54F3339D17FE9D295778B5928DB""}, {""source"": ""Adzuna"", ""url"": ""https://www.adzuna.co.uk/jobs/land/ad/5509085995?se=6o3NxsgA8RGV19jEQmXbTQ&utm_medium=api&utm_source=026f28a2&v=7D3806CD94D5D8FF9CF73ACE3CF9BDDC6332B1E6""}, {""source"": ""Adzuna"", ""url"": ""https://www.adzuna.co.uk/jobs/land/ad/5587665337?se=6o3NxsgA8RGV19jEQmXbTQ&utm_medium=api&utm_source=026f28a2&v=A07C97BBFE007C1C3DD50B5E98843DBBE7D3B86B""}, {""source"": ""Adzuna"", ""url"": ""https://www.adzuna.co.uk/jobs/land/ad/5608833154?se=6o3NxsgA8RGV19jEQmXbTQ&utm_medium=api&utm_source=026f28a2&v=E1C637F0520789123B9444662522165FDD10F50F""}, {""source"": ""Adzuna"", ""url"": ""https://www.adzuna.co.uk/jobs/land/ad/5571502814?se=6o3NxsgA8RGV19jEQmXbTQ&utm_medium=api&utm_source=026f28a2&v=84845E91F361B4AFCD8901F74143AA9B3C4112BA""}, {""source"": ""Adzuna"", ""url"": ""https://www.adzuna.co.uk/jobs/land/ad/5604820294?se=6o3NxsgA8RGV19jEQmXbTQ&utm_medium=api&utm_source=026f28a2&v=0C1A8601CC0D8F07D7EBD13105F44F5BA95724AD""}, {""source"": ""Adzuna"", ""url"": ""https://www.adzuna.co.uk/jobs/land/ad/5581051756?se=6o3NxsgA8RGV19jEQmXbTQ&utm_medium=api&utm_source=026f28a2&v=8A016AF74A7E672687B23DA9982AD4A95B3069C1""}, {""source"": ""Adzuna"", ""url"": ""https://www.adzuna.co.uk/jobs/land/ad/5581051944?se=6o3NxsgA8RGV19jEQmXbTQ&utm_medium=api&utm_source=026f28a2&v=BEE607E2D419524A06ED52999EB8501A228B4C3F""}]"
Business Analyst (Commercial Insurance Products Exp),Business,1,Camberley,Mid,On-site,"['Analysis', 'Communication']","[{""source"": ""Adzuna"", ""url"": ""https://www.adzuna.co.uk/jobs/land/ad/5601189299?se=SgmZxcgA8RG27sBWXwN7yg&utm_medium=api&utm_source=026f28a2&v=81E90B80093324321E704F3AB8616F432C85507C""}]"
Business Analyst (Erp),Business,1,Aberdeen,Mid,On-site,['Azure'],"[{""source"": ""Adzuna"", ""url"": ""https://www.adzuna.co.uk/jobs/land/ad/5603182789?se=SgmZxcgA8RG27sBWXwN7yg&utm_medium=api&utm_source=026f28a2&v=5542D4FE4CEEEAF888AD9460399DFDA355B85903""}]"
Business Analyst - Customer Journey (Digital Payments),Business,1,Bristol,Senior,On-site,"['Analysis', 'Communication']","[{""source"": ""Adzuna"", ""url"": ""https://www.adzuna.co.uk/jobs/land/ad/5611137784?se=6o3NxsgA8RGV19jEQmXbTQ&utm_medium=api&utm_source=026f28a2&v=448631044C79AA74416D06F948964F76C42DB3FE""}]"
Business Analyst - Data Sciences,Data,1,London,Mid,On-site,"['Data Analysis', 'Python', 'SQL']","[{""source"": ""Adzuna"", ""url"": ""https://www.adzuna.co.uk/jobs/details/5604873652?utm_medium=api&utm_source=026f28a2""}]"
Business Analyst - Operational Resilience - Banking,Business,1,Milton Keynes,Senior,On-site,"['Analysis', 'Communication']","[{""source"": ""Adzuna"", ""url"": ""https://www.adzuna.co.uk/jobs/land/ad/5594800502?se=SgmZxcgA8RG27sBWXwN7yg&utm_medium=api&utm_source=026f28a2&v=B9BE9E6E8DD5B8D6367F86A0C61D9DB7635FECB7""}]"
Business Analyst - Tax,Business,1,London,Senior,On-site,"['Analysis', 'Communication']","[{""source"": ""Adzuna"", ""url"": ""https://www.adzuna.co.uk/jobs/land/ad/5581957690?se=SgmZxcgA8RG27sBWXwN7yg&utm_medium=api&utm_source=026f28a2&v=D42F261D7A882C0740603537474E9859F2C79879""}]"
Business Analyst - Technology,Business,1,Belfast,Senior,On-site,"['Analysis', 'Communication']","[{""source"": ""Adzuna"", ""url"": ""https://www.adzuna.co.uk/jobs/land/ad/5609892304?se=SgmZxcgA8RG27sBWXwN7yg&utm_medium=api&utm_source=026f28a2&v=63109923E0FFD24A7E4CA2BF2104ED4FC2C91BC6""}]"
Business Analyst 12 Month Ftc,Business,1,Bromsgrove,Mid,On-site,"['Analysis', 'Communication']","[{""source"": ""Adzuna"", ""url"": ""https://www.adzuna.co.uk/jobs/land/ad/5583476158?se=SgmZxcgA8RG27sBWXwN7yg&utm_medium=api&utm_source=026f28a2&v=E2E8DF7DA7573EBB6F85600C66ECD61C6BB976B4""}]"
Business Analyst Trainee,Business,8,"Edinburgh Technopole, St. Neots, Newcastle Upon Tyne",Mid,On-site,"['Analysis', 'Communication']","[{""source"": ""Adzuna"", ""url"": ""https://www.adzuna.co.uk/jobs/land/ad/5601835595?se=SgmZxcgA8RG27sBWXwN7yg&utm_medium=api&utm_source=026f28a2&v=0882453BBDF37B9D7A0B9265F393A49FF9CC698B""}, {""source"": ""Adzuna"", ""url"": ""https://www.adzuna.co.uk/jobs/land/ad/5601835579?se=SgmZxcgA8RG27sBWXwN7yg&utm_medium=api&utm_source=026f28a2&v=F6CA18ABC08498BA54EF4C4D89926A55AB2A565E""}, {""source"": ""Adzuna"", ""url"": ""https://www.adzuna.co.uk/jobs/land/ad/5601835608?se=SgmZxcgA8RG27sBWXwN7yg&utm_medium=api&utm_source=026f28a2&v=7BB639BF24522011D140080351D5BF2D1F559593""}, {""source"": ""Adzuna"", ""url"": ""https://www.adzuna.co.uk/jobs/land/ad/5601835569?se=SgmZxcgA8RG27sBWXwN7yg&utm_medium=api&utm_source=026f28a2&v=7DE773CEE60504164C726641162A09593FC813E1""}, {""source"": ""Adzuna"", ""url"": ""https://www.adzuna.co.uk/jobs/land/ad/5601835614?se=SgmZxcgA8RG27sBWXwN7yg&utm_medium=api&utm_source=026f28a2&v=CD8C4FE9AC96E4A2A61FAD16150BF05265759553""}, {""source"": ""Adzuna"", ""url"": ""https://www.adzuna.co.uk/jobs/land/ad/5601863345?se=SgmZxcgA8RG27sBWXwN7yg&utm_medium=api&utm_source=026f28a2&v=DEF4C73786BD2A8E4DC34FB22F1CC1379AE5DCA8""}, {""source"": ""Adzuna"", ""url"": ""https://www.adzuna.co.uk/jobs/land/ad/5601835545?se=SgmZxcgA8RG27sBWXwN7yg&utm_medium=api&utm_source=026f28a2&v=C16E43E45E8C843EC343C4FB0C5395F8ADA649E0""}, {""source"": ""Adzuna"", ""url"": ""https://www.adzuna.co.uk/jobs/land/ad/5601835568?se=SgmZxcgA8RG27sBWXwN7yg&utm_medium=api&utm_source=026f28a2&v=E54C458F4730838F61DCEBBD3609744DF3315F6B""}]"
Business Analyst With Apps Transformation Experience,Business,1,UK,Mid,On-site,"['Analysis', 'Communication']","[{""source"": ""Adzuna"", ""url"": ""https://www.adzuna.co.uk/jobs/land/ad/5606910232?se=6o3NxsgA8RGV19jEQmXbTQ&utm_medium=api&utm_source=026f28a2&v=BDE493026EB3C049661CDC185EBBC83933E7AD64""}]"
"Business Analyst, Pharma-Ana009224",Healthcare,1,UK,Mid,On-site,['Clinical Knowledge'],"[{""source"": ""Adzuna"", ""url"": ""https://www.adzuna.co.uk/jobs/details/5210480871?utm_medium=api&utm_source=026f28a2""}]"
"Business Analyst/Project Manager, Mifid, Regulation",Business,1,Belfast,Mid,On-site,"['Analysis', 'Communication']","[{""source"": ""Adzuna"", ""url"": ""https://www.adzuna.co.uk/jobs/land/ad/5602792029?se=SgmZxcgA8RG27sBWXwN7yg&utm_medium=api&utm_source=026f28a2&v=99DDFCFAB950490CC262467E7DE27310B52C302F""}]"
Business Analytics,Data,1,London,Mid,On-site,"['Data Analysis', 'SQL']","[{""source"": ""Adzuna"", ""url"": ""https://www.adzuna.co.uk/jobs/details/5594067858?utm_medium=api&utm_source=026f28a2""}]"
Business Change Analyst,Business,1,Cambridge,Mid,On-site,['C++'],"[{""source"": ""Adzuna"", ""url"": ""https://www.adzuna.co.uk/jobs/land/ad/5598598931?se=6o3NxsgA8RGV19jEQmXbTQ&utm_medium=api&utm_source=026f28a2&v=EC4CD92A7CD0050DD4949FE976F6E17CBBF46CBF""}]"
Business Data Analyst,Data,2,"The City, London",Senior,On-site,"['Data Analysis', 'SQL']","[{""source"": ""Adzuna"", ""url"": ""https://www.adzuna.co.uk/jobs/land/ad/5587794442?se=5FtQuMgA8RG27sBWXwN7yg&utm_medium=api&utm_source=026f28a2&v=5F63D883DF7321F4F5EF8E4ED86D9818719C2744""}, {""source"": ""Adzuna"", ""url"": ""https://www.adzuna.co.uk/jobs/land/ad/5587794352?se=5FtQuMgA8RG27sBWXwN7yg&utm_medium=api&utm_source=026f28a2&v=0227704D60809AFADA6341C4EB2DA4A22D228D97""}]"
Business Development And Marketing Manager,Marketing,2,"Farnborough, Garden Village",Mid,On-site,"['Campaigns', 'SEO']","[{""source"": ""Adzuna"", ""url"": ""https://www.adzuna.co.uk/jobs/land/ad/5553987504?se=TEEuzsgA8RG27sBWXwN7yg&utm_medium=api&utm_source=026f28a2&v=D67A41054DD0BBBAC9DE94B84708AC76D5E1E02A""}, {""source"": ""Adzuna"", ""url"": ""https://www.adzuna.co.uk/jobs/land/ad/5575640091?se=TEEuzsgA8RG27sBWXwN7yg&utm_medium=api&utm_source=026f28a2&v=E1D057A4A5CE4A0CF3907EF553BAE48FAB8FD40D""}]"
Business Development Manager,Healthcare,1,Stevenage,Mid,On-site,['Clinical Knowledge'],"[{""source"": ""Adzuna"", ""url"": ""https://www.adzuna.co.uk/jobs/land/ad/5570969670?se=jBIq38gA8RGV19jEQmXbTQ&utm_medium=api&utm_source=026f28a2&v=56AAD5DCB11472423F20C407AC8163A40FDE6EDC""}]"
Business Development Manager (Pharma / Medical),Healthcare,1,Bristol,Mid,Hybrid,['Clinical Knowledge'],"[{""source"": ""Adzuna"", ""url"": ""https://www.adzuna.co.uk/jobs/land/ad/5584711653?se=bhvh3cgA8RGI2N0cIjSMgQ&utm_medium=api&utm_source=026f28a2&v=98DBC7555CE81DEADB77464C9170602D8FAF939B""}]"
Business Development Manager Pharma / Medical,Healthcare,1,Bristol,Mid,Hybrid,['Clinical Knowledge'],"[{""source"": ""Adzuna"", ""url"": ""https://www.adzuna.co.uk/jobs/details/5585112308?utm_medium=api&utm_source=026f28a2""}]"
Business Support Officer - Schools Hr,HR,1,Birmingham,Mid,On-site,"['People Management', 'Recruitment']","[{""source"": ""Adzuna"", ""url"": ""https://www.adzuna.co.uk/jobs/land/ad/5604756998?se=ynHH5cgA8RG27sBWXwN7yg&utm_medium=api&utm_source=026f28a2&v=CDB6E0DC0D7BEBFDEDD01DCC4C02AFCFD7377074""}]"
Business Systems Analyst (Cardiology Pacs),Business,1,Fenchurch St,Mid,On-site,"['Analysis', 'Communication']","[{""source"": ""Adzuna"", ""url"": ""https://www.adzuna.co.uk/jobs/land/ad/5553091957?se=6o3NxsgA8RGV19jEQmXbTQ&utm_medium=api&utm_source=026f28a2&v=E65DCFEC6A85CB2615E06E5593E19F4D8ACFDE33""}]"
C++ Software Engineer,Engineering,2,"East Knighton, Fareham",Mid,Hybrid,"['C++', 'Problem Solving', 'System Design']","[{""source"": ""Adzuna"", ""url"": ""https://www.adzuna.co.uk/jobs/land/ad/5596972838?se=TJbHrcgA8RGV19jEQmXbTQ&utm_medium=api&utm_source=026f28a2&v=0FE4728B78D5B8DE5E11D60D43F3147E428C7C83""}, {""source"": ""Adzuna"", ""url"": ""https://www.adzuna.co.uk/jobs/land/ad/5567771021?se=TJbHrcgA8RGV19jEQmXbTQ&utm_medium=api&utm_source=026f28a2&v=1727BBC01C4310330D3A25F63DA84E07A0818481""}]"
Cad & Format Designer,Design,3,"Milton Keynes, Grove, Lathbury",Senior,On-site,"['UI', 'UX']","[{""source"": ""Adzuna"", ""url"": ""https://www.adzuna.co.uk/jobs/land/ad/5594117192?se=DA2Q4MgA8RGV19jEQmXbTQ&utm_medium=api&utm_source=026f28a2&v=44F8E6259725F21A19DE790D3538A0A0AEE1786B""}, {""source"": ""Adzuna"", ""url"": ""https://www.adzuna.co.uk/jobs/land/ad/5594117191?se=DA2Q4MgA8RGV19jEQmXbTQ&utm_medium=api&utm_source=026f28a2&v=43302F6F01A3FD659D7FA31B4F10BA847FBE15E9""}, {""source"": ""Adzuna"", ""url"": ""https://www.adzuna.co.uk/jobs/land/ad/5594117190?se=DA2Q4MgA8RGV19jEQmXbTQ&utm_medium=api&utm_source=026f28a2&v=B3DBFE8210E546C0CE8C647BD55094D8E358AF25""}]"
Calibration Technician - Pharma/Biotech,Healthcare,1,UK,Senior,On-site,['Clinical Knowledge'],"[{""source"": ""Adzuna"", ""url"": ""https://www.adzuna.co.uk/jobs/details/5516112323?utm_medium=api&utm_source=026f28a2""}]"
Calypso Sme Business Analyst,Business,2,"The City, London",Senior,On-site,"['Analysis', 'Communication']","[{""source"": ""Adzuna"", ""url"": ""https://www.adzuna.co.uk/jobs/land/ad/5579384908?se=6o3NxsgA8RGV19jEQmXbTQ&utm_medium=api&utm_source=026f28a2&v=4C33E93928BDA6163BE1D83CECF58BEA6E8020DE""}, {""source"": ""Adzuna"", ""url"": ""https://www.adzuna.co.uk/jobs/land/ad/5578953156?se=6o3NxsgA8RGV19jEQmXbTQ&utm_medium=api&utm_source=026f28a2&v=7B60E22B6ABB7369772F5A59B2287FC33155734B""}]"
Campaign Marketing Manager,Marketing,1,Sowerby Bridge,Mid,On-site,"['Campaigns', 'SEO']","[{""source"": ""Adzuna"", ""url"": ""https://www.adzuna.co.uk/jobs/land/ad/5593255853?se=TEEuzsgA8RG27sBWXwN7yg&utm_medium=api&utm_source=026f28a2&v=64F4950A590D08BA16FC0D3C36C794BA24D3A5A4""}]"
Cardiology Business Systems Analyst,Business,1,London,Mid,On-site,"['Analysis', 'Communication']","[{""source"": ""Adzuna"", ""url"": ""https://www.adzuna.co.uk/jobs/land/ad/5583477566?se=6o3NxsgA8RGV19jEQmXbTQ&utm_medium=api&utm_source=026f28a2&v=198AD77252EBE026CD75D0C9138F56EF86A91E79""}]"
Care Home Deputy Manager,HR,1,Muswell Hill,Mid,On-site,"['People Management', 'Recruitment']","[{""source"": ""Adzuna"", ""url"": ""https://www.adzuna.co.uk/jobs/land/ad/5608510446?se=FlK16cgA8RGhuY8Zc5lhIQ&utm_medium=api&utm_source=026f28a2&v=665F3BCEF4C8EDAA7F477CBD777CC6301A1A51E0""}]"
Care Operations Manager,Business,1,Frodsham,Senior,On-site,"['Analysis', 'Communication']","[{""source"": ""Adzuna"", ""url"": ""https://www.adzuna.co.uk/jobs/land/ad/5585930660?se=jkTCzMgA8RGhuY8Zc5lhIQ&utm_medium=api&utm_source=026f28a2&v=569F70395ADC69254ADA471B77B2EE68BE7A38ED""}]"
Cash And Banking Analyst,Finance,1,Glasgow,Mid,On-site,"['Accounting', 'Reporting']","[{""source"": ""Adzuna"", ""url"": ""https://www.adzuna.co.uk/jobs/land/ad/5549282873?se=2ND21cgA8RG27sBWXwN7yg&utm_medium=api&utm_source=026f28a2&v=51194F2541FED79E476014EC9F1190091A10055E""}]"
Category Insights & Marketing Manager,Marketing,1,Aylesbury,Senior,On-site,['Data Analysis'],"[{""source"": ""Adzuna"", ""url"": ""https://www.adzuna.co.uk/jobs/land/ad/5585183004?se=TEEuzsgA8RG27sBWXwN7yg&utm_medium=api&utm_source=026f28a2&v=EB6BC4D34C58A3EC33590F90E97588E5906C21A1""}]"
Catering Operations Manager,Business,1,Chelmsford,Mid,On-site,"['Analysis', 'Communication']","[{""source"": ""Adzuna"", ""url"": ""https://www.adzuna.co.uk/jobs/land/ad/5604814064?se=jkTCzMgA8RGhuY8Zc5lhIQ&utm_medium=api&utm_source=026f28a2&v=C8018A33AF4CE9695D90F923BAC4437259616B98""}]"
Cen - Senior Finance Analyst - Finance,Finance,1,Bradford,Senior,Hybrid,"['Accounting', 'Reporting']","[{""source"": ""Adzuna"", ""url"": ""https://www.adzuna.co.uk/jobs/land/ad/5605866581?se=2ND21cgA8RG27sBWXwN7yg&utm_medium=api&utm_source=026f28a2&v=B5FC632F78E4B4D623AFC635B1D29D3EE12C7590""}]"
Chartered Accountant,Finance,1,Belfast,Senior,On-site,"['Accounting', 'Reporting']","[{""source"": ""Adzuna"", ""url"": ""https://www.adzuna.co.uk/jobs/land/ad/5600787984?se=Fmmp1MgA8RGI2N0cIjSMgQ&utm_medium=api&utm_source=026f28a2&v=AD99BE18C942BBA29EF9A7EFAB2FABE2BAC26E94""}]"
Chartered Accountant -Accounts And Audit,Finance,1,Guildford,Mid,On-site,"['Accounting', 'Reporting']","[{""source"": ""Adzuna"", ""url"": ""https://www.adzuna.co.uk/jobs/land/ad/5549282726?se=eiFD08gA8RGV19jEQmXbTQ&utm_medium=api&utm_source=026f28a2&v=E4C9D65ED2C58D83F95EDB2F38C484ED15223526""}]"
Children'S Home Registered Manager,HR,5,"Forest Fields, Monk Bretton, Low Valley",Mid,On-site,"['People Management', 'Recruitment']","[{""source"": ""Adzuna"", ""url"": ""https://www.adzuna.co.uk/jobs/land/ad/5587459593?se=vuZb6MgA8RGV19jEQmXbTQ&utm_medium=api&utm_source=026f28a2&v=086CCF37E0B7DEE245D29A1370EC23463227BE58""}, {""source"": ""Adzuna"", ""url"": ""https://www.adzuna.co.uk/jobs/land/ad/5587459601?se=vuZb6MgA8RGV19jEQmXbTQ&utm_medium=api&utm_source=026f28a2&v=66A91EA8C1896941DC807CBA4AC7483C49062C10""}, {""source"": ""Adzuna"", ""url"": ""https://www.adzuna.co.uk/jobs/land/ad/5589111033?se=FlK16cgA8RGhuY8Zc5lhIQ&utm_medium=api&utm_source=026f28a2&v=C199403DA4CFABA601A27A132C054A8105F08C1D""}, {""source"": ""Adzuna"", ""url"": ""https://www.adzuna.co.uk/jobs/land/ad/5589111032?se=FlK16cgA8RGhuY8Zc5lhIQ&utm_medium=api&utm_source=026f28a2&v=8D3787CDBDE240B721B582EC3A8A4317F532016B""}, {""source"": ""Adzuna"", ""url"": ""https://www.adzuna.co.uk/jobs/land/ad/5611152708?se=FlK16cgA8RGhuY8Zc5lhIQ&utm_medium=api&utm_source=026f28a2&v=F21C3D7F9A521A64EFD7F8FA340592FC6ADBD036""}]"
Children'S Home Registered Manager (4 Bed Home),HR,1,Hyde Park,Mid,On-site,"['People Management', 'Recruitment']","[{""source"": ""Adzuna"", ""url"": ""https://www.adzuna.co.uk/jobs/land/ad/5611146290?se=FlK16cgA8RGhuY8Zc5lhIQ&utm_medium=api&utm_source=026f28a2&v=8FEF0327F451B598E2B6508523D33CFA024A9CB4""}]"
Client Accountant,Finance,1,Luton,Mid,On-site,['C++'],"[{""source"": ""Adzuna"", ""url"": ""https://www.adzuna.co.uk/jobs/land/ad/5587820510?se=Fmmp1MgA8RGI2N0cIjSMgQ&utm_medium=api&utm_source=026f28a2&v=A8045285A160289DB71C40FA794C418E7048E8DB""}]"
Client Operations Manager,Business,2,"Chesterfield, Suffolk",Mid,On-site,"['Analysis', 'Communication']","[{""source"": ""Adzuna"", ""url"": ""https://www.adzuna.co.uk/jobs/land/ad/5604860108?se=tmvAysgA8RGhuY8Zc5lhIQ&utm_medium=api&utm_source=026f28a2&v=3CCA730002025311AD72C0459B41A647ABEFF62A""}, {""source"": ""Adzuna"", ""url"": ""https://www.adzuna.co.uk/jobs/land/ad/5584323124?se=jkTCzMgA8RGhuY8Zc5lhIQ&utm_medium=api&utm_source=026f28a2&v=E45E7CF9F92FA77C76DA8CB170DF69049275A938""}]"
Clinical And Research Fellow,Healthcare,1,UK,Mid,On-site,['Clinical Knowledge'],"[{""source"": ""Adzuna"", ""url"": ""https://www.adzuna.co.uk/jobs/details/5603322810?utm_medium=api&utm_source=026f28a2""}]"
Clinical Data Manager,Healthcare,1,UK,Mid,On-site,['Clinical Knowledge'],"[{""source"": ""Adzuna"", ""url"": ""https://www.adzuna.co.uk/jobs/details/5601006570?utm_medium=api&utm_source=026f28a2""}]"
Clinical Lead Nurse,Healthcare,1,Boston,Senior,On-site,['Clinical Knowledge'],"[{""source"": ""Adzuna"", ""url"": ""https://www.adzuna.co.uk/jobs/land/ad/5592488895?se=zo7f2cgA8RG27sBWXwN7yg&utm_medium=api&utm_source=026f28a2&v=4AB5C4C95C9E9D2D638E7FCB3115A182948E1628""}]"
Clinical Operations Manager,Business,2,"Sandwich, Bradford",Senior,On-site,"['Analysis', 'Communication']","[{""source"": ""Adzuna"", ""url"": ""https://www.adzuna.co.uk/jobs/land/ad/5576962969?se=jkTCzMgA8RGhuY8Zc5lhIQ&utm_medium=api&utm_source=026f28a2&v=7014B9DC20D1EC8A0435832A880AB997FD736292""}, {""source"": ""Adzuna"", ""url"": ""https://www.adzuna.co.uk/jobs/land/ad/5595370844?se=jkTCzMgA8RGhuY8Zc5lhIQ&utm_medium=api&utm_source=026f28a2&v=1B9A84E1126A030BD0A3CB22E8469B4BCEF4473B""}]"
Clinical Pharmacologist/Clinical Research Physician,Healthcare,1,Bracknell,Senior,On-site,['Clinical Knowledge'],"[{""source"": ""Adzuna"", ""url"": ""https://www.adzuna.co.uk/jobs/details/5578000468?utm_medium=api&utm_source=026f28a2""}]"
Clinical Quality Assurance Manager,Healthcare,1,Oxfordshire,Senior,On-site,['GCP'],"[{""source"": ""Adzuna"", ""url"": ""https://www.adzuna.co.uk/jobs/land/ad/5578938243?se=bhvh3cgA8RGI2N0cIjSMgQ&utm_medium=api&utm_source=026f28a2&v=B3A37100A1A208FDD59C17B6E062E45A8F29BCC5""}]"
Clinical Quality Assurance Manager – Gcp,Healthcare,1,UK,Senior,On-site,['GCP'],"[{""source"": ""Adzuna"", ""url"": ""https://www.adzuna.co.uk/jobs/land/ad/5583623839?se=bhvh3cgA8RGI2N0cIjSMgQ&utm_medium=api&utm_source=026f28a2&v=F285494DB61AACF7AAB59CAFD02867628799388F""}]"
Clinical Research Associate,Healthcare,4,"UK, Reading, Newcastle Upon Tyne",Senior,On-site,['Clinical Knowledge'],"[{""source"": ""Adzuna"", ""url"": ""https://www.adzuna.co.uk/jobs/details/5597902399?utm_medium=api&utm_source=026f28a2""}, {""source"": ""Adzuna"", ""url"": ""https://www.adzuna.co.uk/jobs/details/5459673550?utm_medium=api&utm_source=026f28a2""}, {""source"": ""Adzuna"", ""url"": ""https://www.adzuna.co.uk/jobs/details/5598912436?utm_medium=api&utm_source=026f28a2""}, {""source"": ""Adzuna"", ""url"": ""https://www.adzuna.co.uk/jobs/details/5571941245?utm_medium=api&utm_source=026f28a2""}]"
Clinical Research Associate (Cra) / Monitor (F/M/D),Healthcare,1,Surrey Research Park,Mid,On-site,['Clinical Knowledge'],"[{""source"": ""Adzuna"", ""url"": ""https://www.adzuna.co.uk/jobs/details/5519127250?utm_medium=api&utm_source=026f28a2""}]"
Clinical Research Associate (French/German Speaking) (Remote),Healthcare,1,UK,Mid,On-site,['Clinical Knowledge'],"[{""source"": ""Adzuna"", ""url"": ""https://www.adzuna.co.uk/jobs/details/5604759812?utm_medium=api&utm_source=026f28a2""}]"
Clinical Research Associate - Iqvia Biotech,Healthcare,1,Reading,Mid,On-site,['Clinical Knowledge'],"[{""source"": ""Adzuna"", ""url"": ""https://www.adzuna.co.uk/jobs/land/ad/5573603752?se=IjGM3MgA8RG27sBWXwN7yg&utm_medium=api&utm_source=026f28a2&v=2ACBDE307AD0FC8329EF9391BADAE1C5D3DA1922""}]"
Clinical Research Associate - Oncology Experience Required,Healthcare,2,Reading,Senior,On-site,['Clinical Knowledge'],"[{""source"": ""Adzuna"", ""url"": ""https://www.adzuna.co.uk/jobs/details/5547743843?utm_medium=api&utm_source=026f28a2""}, {""source"": ""Adzuna"", ""url"": ""https://www.adzuna.co.uk/jobs/details/5548409116?utm_medium=api&utm_source=026f28a2""}]"
Clinical Research Associate - Oncology Experience Requred,Healthcare,1,Reading,Senior,On-site,['Clinical Knowledge'],"[{""source"": ""Adzuna"", ""url"": ""https://www.adzuna.co.uk/jobs/details/5572984221?utm_medium=api&utm_source=026f28a2""}]"
Clinical Research Associate 3,Healthcare,2,UK,Senior,On-site,['Clinical Knowledge'],"[{""source"": ""Adzuna"", ""url"": ""https://www.adzuna.co.uk/jobs/details/5605401111?utm_medium=api&utm_source=026f28a2""}, {""source"": ""Adzuna"", ""url"": ""https://www.adzuna.co.uk/jobs/details/5606183118?utm_medium=api&utm_source=026f28a2""}]"
Clinical Research Associate I,Healthcare,2,"UK, Maidenhead",Mid,On-site,['Clinical Knowledge'],"[{""source"": ""Adzuna"", ""url"": ""https://www.adzuna.co.uk/jobs/details/5591758292?utm_medium=api&utm_source=026f28a2""}, {""source"": ""Adzuna"", ""url"": ""https://www.adzuna.co.uk/jobs/details/5540267585?utm_medium=api&utm_source=026f28a2""}]"
Clinical Research Associate Ii,Healthcare,2,"Maidenhead, UK",Mid,On-site,['Clinical Knowledge'],"[{""source"": ""Adzuna"", ""url"": ""https://www.adzuna.co.uk/jobs/details/5541532036?utm_medium=api&utm_source=026f28a2""}, {""source"": ""Adzuna"", ""url"": ""https://www.adzuna.co.uk/jobs/details/5571211088?utm_medium=api&utm_source=026f28a2""}]"
"Clinical Research Associate Ii / Sr. Cra, United Kingdom",Healthcare,1,UK,Mid,On-site,['Clinical Knowledge'],"[{""source"": ""Adzuna"", ""url"": ""https://www.adzuna.co.uk/jobs/details/5586125531?utm_medium=api&utm_source=026f28a2""}]"
Clinical Research Associate Ii Or Senior Clinical Research Associate,Healthcare,1,UK,Mid,On-site,['Clinical Knowledge'],"[{""source"": ""Adzuna"", ""url"": ""https://www.adzuna.co.uk/jobs/details/5455516329?utm_medium=api&utm_source=026f28a2""}]"
Clinical Research Associate Senior - Uk,Healthcare,1,UK,Mid,On-site,['GCP'],"[{""source"": ""Adzuna"", ""url"": ""https://www.adzuna.co.uk/jobs/details/5510354534?utm_medium=api&utm_source=026f28a2""}]"
Clinical Research Compliance Manager,Healthcare,1,Southwark,Mid,On-site,['Clinical Knowledge'],"[{""source"": ""Adzuna"", ""url"": ""https://www.adzuna.co.uk/jobs/land/ad/5579238195?se=iAcu28gA8RGV19jEQmXbTQ&utm_medium=api&utm_source=026f28a2&v=D2F9BBFB9AFC68D06115ED50BE89A98AB7589E99""}]"
Clinical Research Coordinator,Healthcare,2,"Hendon, Woodston",Mid,On-site,['Clinical Knowledge'],"[{""source"": ""Adzuna"", ""url"": ""https://www.adzuna.co.uk/jobs/land/ad/5575622258?se=iAcu28gA8RGV19jEQmXbTQ&utm_medium=api&utm_source=026f28a2&v=9A8DBC41C3DD294BFBD146500BCF51879FB6A924""}, {""source"": ""Adzuna"", ""url"": ""https://www.adzuna.co.uk/jobs/land/ad/5459095287?se=iAcu28gA8RGV19jEQmXbTQ&utm_medium=api&utm_source=026f28a2&v=28DE5CE116A8CF49F307B380B28D3AF4C58D82C8""}]"
"Clinical Research Coordinator - Belfast, Uk",Healthcare,1,Belfast,Senior,On-site,['Clinical Knowledge'],"[{""source"": ""Adzuna"", ""url"": ""https://www.adzuna.co.uk/jobs/details/5602495896?utm_medium=api&utm_source=026f28a2""}]"
Clinical Research Coordinator Ii,Healthcare,1,High Wycombe,Mid,On-site,['Clinical Knowledge'],"[{""source"": ""Adzuna"", ""url"": ""https://www.adzuna.co.uk/jobs/details/5576138819?utm_medium=api&utm_source=026f28a2""}]"
Clinical Research Coordinator_Emea,Healthcare,1,UK,Mid,On-site,['Clinical Knowledge'],"[{""source"": ""Adzuna"", ""url"": ""https://www.adzuna.co.uk/jobs/details/5611210537?utm_medium=api&utm_source=026f28a2""}]"
Clinical Research Fellow,Healthcare,1,Belgrave,Senior,On-site,['Clinical Knowledge'],"[{""source"": ""Adzuna"", ""url"": ""https://www.adzuna.co.uk/jobs/details/5587671105?utm_medium=api&utm_source=026f28a2""}]"
Clinical Research Fellow In Paediatrics - Research & Innovation,Healthcare,1,Whiteinch,Mid,On-site,['Clinical Knowledge'],"[{""source"": ""Adzuna"", ""url"": ""https://www.adzuna.co.uk/jobs/details/5596263624?utm_medium=api&utm_source=026f28a2""}]"
Clinical Research Fellow/Senior Research Fellow In Applied Virology,Healthcare,1,UK,Mid,On-site,['Clinical Knowledge'],"[{""source"": ""Adzuna"", ""url"": ""https://www.adzuna.co.uk/jobs/land/ad/5608835115?se=IjGM3MgA8RG27sBWXwN7yg&utm_medium=api&utm_source=026f28a2&v=5AF6467F60992D444A598763A8900A7430C87817""}]"
Clinical Research Investigator (Md/Do),Healthcare,1,UK,Mid,On-site,['GCP'],"[{""source"": ""Adzuna"", ""url"": ""https://www.adzuna.co.uk/jobs/details/5119759479?utm_medium=api&utm_source=026f28a2""}]"
Clinical Research Manager,Healthcare,4,"Belfast, Maidenhead, London",Senior,On-site,['Clinical Knowledge'],"[{""source"": ""Adzuna"", ""url"": ""https://www.adzuna.co.uk/jobs/details/5601499249?utm_medium=api&utm_source=026f28a2""}, {""source"": ""Adzuna"", ""url"": ""https://www.adzuna.co.uk/jobs/details/5469351577?utm_medium=api&utm_source=026f28a2""}, {""source"": ""Adzuna"", ""url"": ""https://www.adzuna.co.uk/jobs/details/5593980971?utm_medium=api&utm_source=026f28a2""}, {""source"": ""Adzuna"", ""url"": ""https://www.adzuna.co.uk/jobs/details/5581661403?utm_medium=api&utm_source=026f28a2""}]"
Clinical Research Nurse,Healthcare,8,"London, West Kirby, Liverpool",Mid,On-site,['Clinical Knowledge'],"[{""source"": ""Adzuna"", ""url"": ""https://www.adzuna.co.uk/jobs/land/ad/5593913050?se=iAcu28gA8RGV19jEQmXbTQ&utm_medium=api&utm_source=026f28a2&v=47C0768C6E3BF0080FD5BEFE9710F7E9270B10C8""}, {""source"": ""Adzuna"", ""url"": ""https://www.adzuna.co.uk/jobs/details/5551792973?utm_medium=api&utm_source=026f28a2""}, {""source"": ""Adzuna"", ""url"": ""https://www.adzuna.co.uk/jobs/details/5583827770?utm_medium=api&utm_source=026f28a2""}, {""source"": ""Adzuna"", ""url"": ""https://www.adzuna.co.uk/jobs/details/5547135255?utm_medium=api&utm_source=026f28a2""}, {""source"": ""Adzuna"", ""url"": ""https://www.adzuna.co.uk/jobs/details/5547135268?utm_medium=api&utm_source=026f28a2""}, {""source"": ""Adzuna"", ""url"": ""https://www.adzuna.co.uk/jobs/details/5547135262?utm_medium=api&utm_source=026f28a2""}, {""source"": ""Adzuna"", ""url"": ""https://www.adzuna.co.uk/jobs/details/5548434701?utm_medium=api&utm_source=026f28a2""}, {""source"": ""Adzuna"", ""url"": ""https://www.adzuna.co.uk/jobs/details/5606184046?utm_medium=api&utm_source=026f28a2""}]"
Clinical Research Nurse / Luxury Private Hospital,Healthcare,1,London,Mid,On-site,['Clinical Knowledge'],"[{""source"": ""Adzuna"", ""url"": ""https://www.adzuna.co.uk/jobs/land/ad/5583475697?se=iAcu28gA8RGV19jEQmXbTQ&utm_medium=api&utm_source=026f28a2&v=5F9AF3DADD753C8E968F4D8B3CD49FB39CF6CFB4""}]"
Clinical Research Nurse Manager,Healthcare,1,Whiteinch,Mid,On-site,['Clinical Knowledge'],"[{""source"": ""Adzuna"", ""url"": ""https://www.adzuna.co.uk/jobs/details/5605391074?utm_medium=api&utm_source=026f28a2""}]"
Clinical Research Physician,Healthcare,1,Nottingham,Mid,On-site,['Clinical Knowledge'],"[{""source"": ""Adzuna"", ""url"": ""https://www.adzuna.co.uk/jobs/details/5585928146?utm_medium=api&utm_source=026f28a2""}]"
Clinical Research Site Manager,Healthcare,1,Hendon,Mid,On-site,['Clinical Knowledge'],"[{""source"": ""Adzuna"", ""url"": ""https://www.adzuna.co.uk/jobs/land/ad/5554060912?se=iAcu28gA8RGV19jEQmXbTQ&utm_medium=api&utm_source=026f28a2&v=7BD1A0EA7974FC2B1B7181385EC1B8C651E20CEC""}]"
Clinical Research Technician,Healthcare,1,Nottingham,Mid,On-site,['Clinical Knowledge'],"[{""source"": ""Adzuna"", ""url"": ""https://www.adzuna.co.uk/jobs/details/5604769400?utm_medium=api&utm_source=026f28a2""}]"
Clinical Supplies Operations,Healthcare,1,Liverpool,Senior,On-site,['Clinical Knowledge'],"[{""source"": ""Adzuna"", ""url"": ""https://www.adzuna.co.uk/jobs/land/ad/5610949302?se=bhvh3cgA8RGI2N0cIjSMgQ&utm_medium=api&utm_source=026f28a2&v=712EA6F3EB98921A30E222C4378636EBAD83B003""}]"
"Clinical Trial Manager, Haematology",Healthcare,1,Reading,Senior,On-site,['C++'],"[{""source"": ""Adzuna"", ""url"": ""https://www.adzuna.co.uk/jobs/details/5606851401?utm_medium=api&utm_source=026f28a2""}]"
Combat Systems Consultant,Business,7,"West Stoke, Portsmouth, Alverstoke",Mid,Hybrid,"['Analysis', 'Communication']","[{""source"": ""Adzuna"", ""url"": ""https://www.adzuna.co.uk/jobs/land/ad/5608008982?se=Gt8nyMgA8RG27sBWXwN7yg&utm_medium=api&utm_source=026f28a2&v=4565DA522E9F2A0E5EBB6D73F2D6EEFFC8DD89BF""}, {""source"": ""Adzuna"", ""url"": ""https://www.adzuna.co.uk/jobs/land/ad/5608008995?se=Gt8nyMgA8RG27sBWXwN7yg&utm_medium=api&utm_source=026f28a2&v=3A70FC57E72A29F2C3E893AEA6B4162245F6D4F3""}, {""source"": ""Adzuna"", ""url"": ""https://www.adzuna.co.uk/jobs/land/ad/5608008981?se=Gt8nyMgA8RG27sBWXwN7yg&utm_medium=api&utm_source=026f28a2&v=8541A17E8F6C72E094125F589AF53FE9A705C2C1""}, {""source"": ""Adzuna"", ""url"": ""https://www.adzuna.co.uk/jobs/land/ad/5608008988?se=Gt8nyMgA8RG27sBWXwN7yg&utm_medium=api&utm_source=026f28a2&v=E10AA970C5EB901644C51A92C114C424FDE2DF85""}, {""source"": ""Adzuna"", ""url"": ""https://www.adzuna.co.uk/jobs/land/ad/5608008998?se=Gt8nyMgA8RG27sBWXwN7yg&utm_medium=api&utm_source=026f28a2&v=5E9374B240CC0BEB9A47B9B4C85F3AA9BDF22193""}, {""source"": ""Adzuna"", ""url"": ""https://www.adzuna.co.uk/jobs/land/ad/5608008979?se=Gt8nyMgA8RG27sBWXwN7yg&utm_medium=api&utm_source=026f28a2&v=5C4F1B84D22916A83856828C47514C6AFD4B1CB3""}, {""source"": ""Adzuna"", ""url"": ""https://www.adzuna.co.uk/jobs/land/ad/5608008992?se=Gt8nyMgA8RG27sBWXwN7yg&utm_medium=api&utm_source=026f28a2&v=34E95F0AA0205215E8D67CE6D120307143A711CE""}]"
Commercial Accountant,Finance,1,Belfast,Mid,Hybrid,"['Accounting', 'Reporting']","[{""source"": ""Adzuna"", ""url"": ""https://www.adzuna.co.uk/jobs/land/ad/5549282377?se=Fmmp1MgA8RGI2N0cIjSMgQ&utm_medium=api&utm_source=026f28a2&v=0DEC6C8E9DB719E5CF7F8522AC12E4734C681E73""}]"
Commercial And Marketing Manager,Marketing,1,Eastern England,Senior,On-site,"['Campaigns', 'SEO']","[{""source"": ""Adzuna"", ""url"": ""https://www.adzuna.co.uk/jobs/land/ad/5605326274?se=1uV2z8gA8RG27sBWXwN7yg&utm_medium=api&utm_source=026f28a2&v=3DC3BDE639FD51EC9DCBEE14759F82078C4F857A""}]"
Commercial Finance Analyst,Finance,3,"Bassingbourn, Sandridge, Milton Keynes",Senior,Hybrid,"['Accounting', 'Reporting']","[{""source"": ""Adzuna"", ""url"": ""https://www.adzuna.co.uk/jobs/land/ad/5579895200?se=2ND21cgA8RG27sBWXwN7yg&utm_medium=api&utm_source=026f28a2&v=D1A65FC85EDFBE6E04B038B1E93035035E6C48AC""}, {""source"": ""Adzuna"", ""url"": ""https://www.adzuna.co.uk/jobs/land/ad/5579122419?se=2ND21cgA8RG27sBWXwN7yg&utm_medium=api&utm_source=026f28a2&v=9787355AAEF5B2D093E17CF93B6DFE7FCC0B088F""}, {""source"": ""Adzuna"", ""url"": ""https://www.adzuna.co.uk/jobs/land/ad/5602643882?se=2ND21cgA8RG27sBWXwN7yg&utm_medium=api&utm_source=026f28a2&v=FFC1F10CFCAC12BEEE614B1A25FF03E159F4FDE3""}]"
Commercial Finance Analyst (Beauty/Retail),Finance,1,London,Senior,On-site,"['Accounting', 'Reporting']","[{""source"": ""Adzuna"", ""url"": ""https://www.adzuna.co.uk/jobs/land/ad/5565926136?se=2ND21cgA8RG27sBWXwN7yg&utm_medium=api&utm_source=026f28a2&v=86C36CDBA639FE4390667E469A611EAE972EFF94""}]"
Commercial Marketing Manager,Marketing,5,"Crick, South East London, Glasgow",Mid,On-site,"['C++', 'Campaigns', 'SEO']","[{""source"": ""Adzuna"", ""url"": ""https://www.adzuna.co.uk/jobs/land/ad/5598790550?se=TEEuzsgA8RG27sBWXwN7yg&utm_medium=api&utm_source=026f28a2&v=7530E416BAE6FF3D37EFFC3780F7E816BC182DDB""}, {""source"": ""Adzuna"", ""url"": ""https://www.adzuna.co.uk/jobs/land/ad/5606839675?se=TEEuzsgA8RG27sBWXwN7yg&utm_medium=api&utm_source=026f28a2&v=B351B222467EACD0C28BDD966B351D351AA2CC58""}, {""source"": ""Adzuna"", ""url"": ""https://www.adzuna.co.uk/jobs/land/ad/5587623270?se=1uV2z8gA8RG27sBWXwN7yg&utm_medium=api&utm_source=026f28a2&v=97082BDEDCFCC27FC8A78BF5013DB1CB64E7857D""}, {""source"": ""Adzuna"", ""url"": ""https://www.adzuna.co.uk/jobs/land/ad/5606121590?se=1uV2z8gA8RG27sBWXwN7yg&utm_medium=api&utm_source=026f28a2&v=88CC02E56FC7EE9507A5951B64578865462FE9F3""}, {""source"": ""Adzuna"", ""url"": ""https://www.adzuna.co.uk/jobs/land/ad/5601257653?se=1uV2z8gA8RG27sBWXwN7yg&utm_medium=api&utm_source=026f28a2&v=E7E2B32599990835A4A711E54F8B95E31E32EB2A""}]"
Commissioning Engineer - Pharma,Healthcare,1,Durham,Senior,On-site,['C++'],"[{""source"": ""Adzuna"", ""url"": ""https://www.adzuna.co.uk/jobs/land/ad/5593971396?se=bhvh3cgA8RGI2N0cIjSMgQ&utm_medium=api&utm_source=026f28a2&v=A5629791485C57AFB94E33EFBD593AF1C449008D""}]"
Company Accountant,Finance,5,"Trafford Park, South Ayrshire, UK",Senior,On-site,"['Accounting', 'Excel', 'Reporting']","[{""source"": ""Adzuna"", ""url"": ""https://www.adzuna.co.uk/jobs/land/ad/5554835998?se=eiFD08gA8RGV19jEQmXbTQ&utm_medium=api&utm_source=026f28a2&v=3AAB6EEAA60264F4CCFB4BFB753450076AF81845""}, {""source"": ""Adzuna"", ""url"": ""https://www.adzuna.co.uk/jobs/land/ad/5593243055?se=eiFD08gA8RGV19jEQmXbTQ&utm_medium=api&utm_source=026f28a2&v=E14F7565D264B0BB1468DB3AFDB406F247BB78AD""}, {""source"": ""Adzuna"", ""url"": ""https://www.adzuna.co.uk/jobs/land/ad/5549283159?se=Fmmp1MgA8RGI2N0cIjSMgQ&utm_medium=api&utm_source=026f28a2&v=72F4C8873444712233224C357581D5DCA91393BE""}, {""source"": ""Adzuna"", ""url"": ""https://www.adzuna.co.uk/jobs/land/ad/5600787939?se=Fmmp1MgA8RGI2N0cIjSMgQ&utm_medium=api&utm_source=026f28a2&v=422D97EF184957A59C521FDB1CA01114E6102C16""}, {""source"": ""Adzuna"", ""url"": ""https://www.adzuna.co.uk/jobs/land/ad/5607507725?se=Fmmp1MgA8RGI2N0cIjSMgQ&utm_medium=api&utm_source=026f28a2&v=B2645C0AA1C14EFF866280681FB1F05ED586893A""}]"
Condition Monitoring Analytics Engineer,Data,1,Belfast,Mid,On-site,"['Data Analysis', 'SQL']","[{""source"": ""Adzuna"", ""url"": ""https://www.adzuna.co.uk/jobs/land/ad/5601498473?se=3GmBvcgA8RGhuY8Zc5lhIQ&utm_medium=api&utm_source=026f28a2&v=B1EE3959E278E35D72FDB49236C78B9946C5E872""}]"
Construction Manager - Eu - Pharma,Healthcare,1,Farringdon,Senior,On-site,['Clinical Knowledge'],"[{""source"": ""Adzuna"", ""url"": ""https://www.adzuna.co.uk/jobs/land/ad/5569736070?se=bhvh3cgA8RGI2N0cIjSMgQ&utm_medium=api&utm_source=026f28a2&v=41909FAEAA98C99492C13885E188699853182D9C""}]"
Consultancy And Training Support Officer,Business,1,London,Mid,On-site,"['Analysis', 'Communication']","[{""source"": ""Adzuna"", ""url"": ""https://www.adzuna.co.uk/jobs/land/ad/5546804408?se=Gt8nyMgA8RG27sBWXwN7yg&utm_medium=api&utm_source=026f28a2&v=59A574E7CEA6A80D36713C7461F90B1A2A128424""}]"
Consultant,Business,1,London,Senior,On-site,"['Analysis', 'Communication']","[{""source"": ""Adzuna"", ""url"": ""https://www.adzuna.co.uk/jobs/land/ad/5592865159?se=Gt8nyMgA8RG27sBWXwN7yg&utm_medium=api&utm_source=026f28a2&v=42B32B00B4D6E87271B7A6289D812175B9C5408A""}]"
Consultant (Analytics),Data,1,Soho,Mid,On-site,"['Data Analysis', 'SQL']","[{""source"": ""Adzuna"", ""url"": ""https://www.adzuna.co.uk/jobs/details/5419171813?utm_medium=api&utm_source=026f28a2""}]"
Consultant / Senior Recruitment Consultant,Business,1,Central Park,Senior,On-site,"['Analysis', 'Communication']","[{""source"": ""Adzuna"", ""url"": ""https://www.adzuna.co.uk/jobs/land/ad/5610214618?se=Gt8nyMgA8RG27sBWXwN7yg&utm_medium=api&utm_source=026f28a2&v=B2DD2ED482B30621D46B874E1B95FB1FE9F0184A""}]"
Consultant Dermatologists,Business,1,Canterbury,Senior,On-site,"['Analysis', 'Communication']","[{""source"": ""Adzuna"", ""url"": ""https://www.adzuna.co.uk/jobs/land/ad/5574718824?se=5oxhycgA8RGhuY8Zc5lhIQ&utm_medium=api&utm_source=026f28a2&v=FC9E75D1C49C376EC384DC78695C726ABF609B0E""}]"
Consultant Engineer – Electrical Engineering (Power),Engineering,8,"Heysham, Barrow-In-Furness, Canal Foot",Senior,Hybrid,"['Problem Solving', 'System Design']","[{""source"": ""Adzuna"", ""url"": ""https://www.adzuna.co.uk/jobs/land/ad/5309882097?se=lrC1tcgA8RGI2N0cIjSMgQ&utm_medium=api&utm_source=026f28a2&v=0C0FD6DD0F86A318CD106370C523577144DC8CA9""}, {""source"": ""Adzuna"", ""url"": ""https://www.adzuna.co.uk/jobs/land/ad/5309882077?se=lrC1tcgA8RGI2N0cIjSMgQ&utm_medium=api&utm_source=026f28a2&v=0C988C96D5A5E9AB774CFA6395A4DC295B450862""}, {""source"": ""Adzuna"", ""url"": ""https://www.adzuna.co.uk/jobs/land/ad/5309882101?se=lrC1tcgA8RGI2N0cIjSMgQ&utm_medium=api&utm_source=026f28a2&v=3D34110D94DB17B3969E347E5030DC74CAE5EDB2""}, {""source"": ""Adzuna"", ""url"": ""https://www.adzuna.co.uk/jobs/land/ad/5309882058?se=lrC1tcgA8RGI2N0cIjSMgQ&utm_medium=api&utm_source=026f28a2&v=1769513C6A9717CB59D0FCC77A5A9CD9B9396D4F""}, {""source"": ""Adzuna"", ""url"": ""https://www.adzuna.co.uk/jobs/land/ad/5309882098?se=lrC1tcgA8RGI2N0cIjSMgQ&utm_medium=api&utm_source=026f28a2&v=95477B10A205D7F3C9136AA6F555B5148AD26A0B""}, {""source"": ""Adzuna"", ""url"": ""https://www.adzuna.co.uk/jobs/land/ad/5309882114?se=lrC1tcgA8RGI2N0cIjSMgQ&utm_medium=api&utm_source=026f28a2&v=27C26BC7E5F85DD40D0889C9A4EE481EC9C7E38D""}, {""source"": ""Adzuna"", ""url"": ""https://www.adzuna.co.uk/jobs/land/ad/5309882096?se=lrC1tcgA8RGI2N0cIjSMgQ&utm_medium=api&utm_source=026f28a2&v=F8A03F10F8CD85058E18F6E5967E0434B561D0DF""}, {""source"": ""Adzuna"", ""url"": ""https://www.adzuna.co.uk/jobs/land/ad/5309882102?se=lrC1tcgA8RGI2N0cIjSMgQ&utm_medium=api&utm_source=026f28a2&v=C4B33150F84F7E3A1DAFB1481EC5A2D623C5CF48""}]"
Consultant Gynaecologist,Business,2,"South East London, Glasgow",Mid,On-site,"['Analysis', 'Communication']","[{""source"": ""Adzuna"", ""url"": ""https://www.adzuna.co.uk/jobs/land/ad/5597063228?se=Gt8nyMgA8RG27sBWXwN7yg&utm_medium=api&utm_source=026f28a2&v=D9F69E0FB5C2B473FCDFADF3C5CD83715446C575""}, {""source"": ""Adzuna"", ""url"": ""https://www.adzuna.co.uk/jobs/land/ad/5577668451?se=Gt8nyMgA8RG27sBWXwN7yg&utm_medium=api&utm_source=026f28a2&v=40F85439A93D32A1F72847D4C8C0CD256C0AE402""}]"
Consultant Neurologist,Business,1,Birmingham,Senior,On-site,"['Analysis', 'Communication']","[{""source"": ""Adzuna"", ""url"": ""https://www.adzuna.co.uk/jobs/land/ad/5607343452?se=Gt8nyMgA8RG27sBWXwN7yg&utm_medium=api&utm_source=026f28a2&v=F6BCCFA0D049B174DDEA88C6D04CBA54194CF55E""}]"
Consultant Psychiatrist,Business,5,"Camberley, Nottingham, Derby",Mid,On-site,"['Analysis', 'Communication']","[{""source"": ""Adzuna"", ""url"": ""https://www.adzuna.co.uk/jobs/land/ad/5575616363?se=5oxhycgA8RGhuY8Zc5lhIQ&utm_medium=api&utm_source=026f28a2&v=0BF2E5C70F32242CF48B30805691BC9E0B58C883""}, {""source"": ""Adzuna"", ""url"": ""https://www.adzuna.co.uk/jobs/land/ad/5575616368?se=5oxhycgA8RGhuY8Zc5lhIQ&utm_medium=api&utm_source=026f28a2&v=EBCF40E856A9F07AF00C1EA30262C1ADFAF90C49""}, {""source"": ""Adzuna"", ""url"": ""https://www.adzuna.co.uk/jobs/land/ad/5575616361?se=5oxhycgA8RGhuY8Zc5lhIQ&utm_medium=api&utm_source=026f28a2&v=8F72F5948BEEDFCAD136BD95D6D3048217084B75""}, {""source"": ""Adzuna"", ""url"": ""https://www.adzuna.co.uk/jobs/land/ad/5572560936?se=5oxhycgA8RGhuY8Zc5lhIQ&utm_medium=api&utm_source=026f28a2&v=C99A8D8F9CD7E11F2E624DC042847960C4D248CE""}, {""source"": ""Adzuna"", ""url"": ""https://www.adzuna.co.uk/jobs/land/ad/5601959968?se=5oxhycgA8RGhuY8Zc5lhIQ&utm_medium=api&utm_source=026f28a2&v=C4EA92FFD52F67346D7A5E42542B1902994EAF01""}]"
Consultant Solicitor,Business,1,Nottingham,Mid,Remote,"['Analysis', 'Communication']","[{""source"": ""Adzuna"", ""url"": ""https://www.adzuna.co.uk/jobs/land/ad/5593839765?se=5oxhycgA8RGhuY8Zc5lhIQ&utm_medium=api&utm_source=026f28a2&v=9E5523719C260FCE6031F224520BE881C7E8335D""}]"
Contract Software Engineer,Engineering,1,The Headland,Mid,On-site,"['Problem Solving', 'System Design']","[{""source"": ""Adzuna"", ""url"": ""https://www.adzuna.co.uk/jobs/land/ad/5603017983?se=TJbHrcgA8RGV19jEQmXbTQ&utm_medium=api&utm_source=026f28a2&v=8593F7293DDE6893C8D09698D546743B676EA77E""}]"
Contractor Senior Clinical Research Associate Cns/Oncology- Uk,Healthcare,1,Eastern England,Mid,On-site,['Clinical Knowledge'],"[{""source"": ""Adzuna"", ""url"": ""https://www.adzuna.co.uk/jobs/details/5598918797?utm_medium=api&utm_source=026f28a2""}]"
Corporate Finance Analyst (Renewable Energy),Finance,1,London,Mid,On-site,"['Accounting', 'Reporting']","[{""source"": ""Adzuna"", ""url"": ""https://www.adzuna.co.uk/jobs/land/ad/5549282402?se=2ND21cgA8RG27sBWXwN7yg&utm_medium=api&utm_source=026f28a2&v=C5650CD72C2CEB321A108AB2C901C92D7D4775D9""}]"
Cost Accountant,Finance,1,Coventry,Entry,Hybrid,"['Accounting', 'Reporting']","[{""source"": ""Adzuna"", ""url"": ""https://www.adzuna.co.uk/jobs/land/ad/5549282713?se=Fmmp1MgA8RGI2N0cIjSMgQ&utm_medium=api&utm_source=026f28a2&v=508FD00C9732CF7AD7B1E2A0D9F5E1BAE7117E13""}]"
Cra Uk - Oncology Experience Required,Healthcare,1,UK,Senior,On-site,['Clinical Knowledge'],"[{""source"": ""Adzuna"", ""url"": ""https://www.adzuna.co.uk/jobs/details/5583026634?utm_medium=api&utm_source=026f28a2""}]"
Crm Marketing Manager,Marketing,1,Stoke-On-Trent,Senior,On-site,"['Campaigns', 'SEO']","[{""source"": ""Adzuna"", ""url"": ""https://www.adzuna.co.uk/jobs/land/ad/5600774013?se=TEEuzsgA8RG27sBWXwN7yg&utm_medium=api&utm_source=026f28a2&v=0351557F1FBCC9CE896C3F8AF105FB6078314B3D""}]"
Cts Project Executive,Healthcare,1,St. Albans,Mid,On-site,['Clinical Knowledge'],"[{""source"": ""Adzuna"", ""url"": ""https://www.adzuna.co.uk/jobs/land/ad/5553955726?se=jBIq38gA8RGV19jEQmXbTQ&utm_medium=api&utm_source=026f28a2&v=F83000FCC849CD686B922E90321A3B5256463070""}]"
Customer Data & Strategy Intelligence Manager,Data,1,South East London,Senior,Hybrid,"['Data Analysis', 'SQL']","[{""source"": ""Adzuna"", ""url"": ""https://www.adzuna.co.uk/jobs/land/ad/5581848701?se=3GmBvcgA8RGhuY8Zc5lhIQ&utm_medium=api&utm_source=026f28a2&v=9B6794DC75B23919DFD78482129BFD1375EB17CB""}]"
Cyber Advisory - Senior Consultant,Business,1,London,Senior,On-site,"['Analysis', 'Communication']","[{""source"": ""Adzuna"", ""url"": ""https://www.adzuna.co.uk/jobs/land/ad/5608120917?se=Gt8nyMgA8RG27sBWXwN7yg&utm_medium=api&utm_source=026f28a2&v=67ECA35E19C2E24B2F745D35D2DF3B1755D5CF38""}]"
D365 Finance Analyst,Finance,1,UK,Mid,Hybrid,"['Accounting', 'Reporting']","[{""source"": ""Adzuna"", ""url"": ""https://www.adzuna.co.uk/jobs/land/ad/5605378696?se=2ND21cgA8RG27sBWXwN7yg&utm_medium=api&utm_source=026f28a2&v=B1F119BB024463B7A8A8F18856DC07317A5C9C31""}]"
Data & Analytics Engineer,Data,1,Milton Keynes,Senior,On-site,"['Data Analysis', 'SQL']","[{""source"": ""Adzuna"", ""url"": ""https://www.adzuna.co.uk/jobs/land/ad/5601425309?se=3GmBvcgA8RGhuY8Zc5lhIQ&utm_medium=api&utm_source=026f28a2&v=D4FB6C3EE6A213181530AC3D9BC7DF60BADFB12F""}]"
Data Analyst,Data,63,"Barnstaple, Coalville, Devon",Mid,On-site,"['C++', 'Data Analysis', 'Excel', 'Power BI', 'Python', 'SQL', 'Tableau']","[{""source"": ""Adzuna"", ""url"": ""https://www.adzuna.co.uk/jobs/land/ad/5605789139?se=5FtQuMgA8RG27sBWXwN7yg&utm_medium=api&utm_source=026f28a2&v=53A232D222E53EC620DCE025B4386D295AA9C7A6""}, {""source"": ""Adzuna"", ""url"": ""https://www.adzuna.co.uk/jobs/land/ad/5602537896?se=5FtQuMgA8RG27sBWXwN7yg&utm_medium=api&utm_source=026f28a2&v=4F60E3EC6E79FD3A71614F4A7F6EBBB94A306A6E""}, {""source"": ""Adzuna"", ""url"": ""https://www.adzuna.co.uk/jobs/land/ad/5607948863?se=5FtQuMgA8RG27sBWXwN7yg&utm_medium=api&utm_source=026f28a2&v=94559D908FAF1CB92801A6D45D8D845A0959F6FA""}, {""source"": ""Adzuna"", ""url"": ""https://www.adzuna.co.uk/jobs/details/5603800590?utm_medium=api&utm_source=026f28a2""}, {""source"": ""Adzuna"", ""url"": ""https://www.adzuna.co.uk/jobs/details/5596943188?utm_medium=api&utm_source=026f28a2""}, {""source"": ""Adzuna"", ""url"": ""https://www.adzuna.co.uk/jobs/details/5596932846?utm_medium=api&utm_source=026f28a2""}, {""source"": ""Adzuna"", ""url"": ""https://www.adzuna.co.uk/jobs/details/5596939129?utm_medium=api&utm_source=026f28a2""}, {""source"": ""Adzuna"", ""url"": ""https://www.adzuna.co.uk/jobs/details/5596936249?utm_medium=api&utm_source=026f28a2""}, {""source"": ""Adzuna"", ""url"": ""https://www.adzuna.co.uk/jobs/details/5596941812?utm_medium=api&utm_source=026f28a2""}, {""source"": ""Adzuna"", ""url"": ""https://www.adzuna.co.uk/jobs/details/5596938609?utm_medium=api&utm_source=026f28a2""}, {""source"": ""Adzuna"", ""url"": ""https://www.adzuna.co.uk/jobs/details/5596937448?utm_medium=api&utm_source=026f28a2""}, {""source"": ""Adzuna"", ""url"": ""https://www.adzuna.co.uk/jobs/details/5596936657?utm_medium=api&utm_source=026f28a2""}, {""source"": ""Adzuna"", ""url"": ""https://www.adzuna.co.uk/jobs/details/5596924365?utm_medium=api&utm_source=026f28a2""}, {""source"": ""Adzuna"", ""url"": ""https://www.adzuna.co.uk/jobs/details/5596926191?utm_medium=api&utm_source=026f28a2""}, {""source"": ""Adzuna"", ""url"": ""https://www.adzuna.co.uk/jobs/details/5596926594?utm_medium=api&utm_source=026f28a2""}, {""source"": ""Adzuna"", ""url"": ""https://www.adzuna.co.uk/jobs/details/5596927307?utm_medium=api&utm_source=026f28a2""}, {""source"": ""Adzuna"", ""url"": ""https://www.adzuna.co.uk/jobs/details/5596922807?utm_medium=api&utm_source=026f28a2""}, {""source"": ""Adzuna"", ""url"": ""https://www.adzuna.co.uk/jobs/details/5581373700?utm_medium=api&utm_source=026f28a2""}, {""source"": ""Adzuna"", ""url"": ""https://www.adzuna.co.uk/jobs/details/5594529792?utm_medium=api&utm_source=026f28a2""}, {""source"": ""Adzuna"", ""url"": ""https://www.adzuna.co.uk/jobs/details/5597999430?utm_medium=api&utm_source=026f28a2""}, {""source"": ""Adzuna"", ""url"": ""https://www.adzuna.co.uk/jobs/details/5607496427?utm_medium=api&utm_source=026f28a2""}, {""source"": ""Adzuna"", ""url"": ""https://www.adzuna.co.uk/jobs/details/5588587310?utm_medium=api&utm_source=026f28a2""}, {""source"": ""Adzuna"", ""url"": ""https://www.adzuna.co.uk/jobs/details/5587407116?utm_medium=api&utm_source=026f28a2""}, {""source"": ""Adzuna"", ""url"": ""https://www.adzuna.co.uk/jobs/details/5575635852?utm_medium=api&utm_source=026f28a2""}, {""source"": ""Adzuna"", ""url"": ""https://www.adzuna.co.uk/jobs/details/5596374391?utm_medium=api&utm_source=026f28a2""}, {""source"": ""Adzuna"", ""url"": ""https://www.adzuna.co.uk/jobs/details/5527970554?utm_medium=api&utm_source=026f28a2""}, {""source"": ""Adzuna"", ""url"": ""https://www.adzuna.co.uk/jobs/details/5539523301?utm_medium=api&utm_source=026f28a2""}, {""source"": ""Adzuna"", ""url"": ""https://www.adzuna.co.uk/jobs/details/5596095795?utm_medium=api&utm_source=026f28a2""}, {""source"": ""Adzuna"", ""url"": ""https://www.adzuna.co.uk/jobs/details/5470003950?utm_medium=api&utm_source=026f28a2""}, {""source"": ""Adzuna"", ""url"": ""https://www.adzuna.co.uk/jobs/details/5587944810?utm_medium=api&utm_source=026f28a2""}, {""source"": ""Adzuna"", ""url"": ""https://www.adzuna.co.uk/jobs/details/5580480108?utm_medium=api&utm_source=026f28a2""}, {""source"": ""Adzuna"", ""url"": ""https://www.adzuna.co.uk/jobs/details/5569978285?utm_medium=api&utm_source=026f28a2""}, {""source"": ""Adzuna"", ""url"": ""https://www.adzuna.co.uk/jobs/details/5595591026?utm_medium=api&utm_source=026f28a2""}, {""source"": ""Adzuna"", ""url"": ""https://www.adzuna.co.uk/jobs/details/5507633225?utm_medium=api&utm_source=026f28a2""}, {""source"": ""Adzuna"", ""url"": ""https://www.adzuna.co.uk/jobs/details/5598646965?utm_medium=api&utm_source=026f28a2""}, {""source"": ""Adzuna"", ""url"": ""https://www.adzuna.co.uk/jobs/land/ad/5597285054?se=PMCcucgA8RGV19jEQmXbTQ&utm_medium=api&utm_source=026f28a2&v=273B870790FA78EDE0B6C8A6C7427D0AC0B8A3BA""}, {""source"": ""Adzuna"", ""url"": ""https://www.adzuna.co.uk/jobs/land/ad/5519126617?se=PMCcucgA8RGV19jEQmXbTQ&utm_medium=api&utm_source=026f28a2&v=36A8CDD0A9C5EC4B493D132F499F3FEA47B1E49E""}, {""source"": ""Adzuna"", ""url"": ""https://www.adzuna.co.uk/jobs/land/ad/5573614045?se=PMCcucgA8RGV19jEQmXbTQ&utm_medium=api&utm_source=026f28a2&v=FF5AA20F38FED1052DE7EED7937212EC57AFD33E""}, {""source"": ""Adzuna"", ""url"": ""https://www.adzuna.co.uk/jobs/land/ad/5545525406?se=PMCcucgA8RGV19jEQmXbTQ&utm_medium=api&utm_source=026f28a2&v=68A1AB5606FA72457B1209132C05B935DC253BE6""}, {""source"": ""Adzuna"", ""url"": ""https://www.adzuna.co.uk/jobs/land/ad/5607449089?se=PMCcucgA8RGV19jEQmXbTQ&utm_medium=api&utm_source=026f28a2&v=B6A3B7585166F27F183190CE56D8BE7D0A1E8345""}, {""source"": ""Adzuna"", ""url"": ""https://www.adzuna.co.uk/jobs/land/ad/5610489088?se=PMCcucgA8RGV19jEQmXbTQ&utm_medium=api&utm_source=026f28a2&v=9B2ADB6A862CE7E318BC2E8379F0ED3F5DD2E36A""}, {""source"": ""Adzuna"", ""url"": ""https://www.adzuna.co.uk/jobs/land/ad/5593891992?se=PMCcucgA8RGV19jEQmXbTQ&utm_medium=api&utm_source=026f28a2&v=5FB989D3920A02843A998CA23469578F9E4B9D7E""}, {""source"": ""Adzuna"", ""url"": ""https://www.adzuna.co.uk/jobs/land/ad/5580589111?se=PMCcucgA8RGV19jEQmXbTQ&utm_medium=api&utm_source=026f28a2&v=2980495043E90065F53D3597FC937F230DE07393""}, {""source"": ""Adzuna"", ""url"": ""https://www.adzuna.co.uk/jobs/land/ad/5610489152?se=PMCcucgA8RGV19jEQmXbTQ&utm_medium=api&utm_source=026f28a2&v=F3E95E5FA84794D30E01918FACB54904820C8BC2""}, {""source"": ""Adzuna"", ""url"": ""https://www.adzuna.co.uk/jobs/land/ad/5610510655?se=PMCcucgA8RGV19jEQmXbTQ&utm_medium=api&utm_source=026f28a2&v=837B0F26E4851BF38F0D11A539F1DC9DE3F0165B""}, {""source"": ""Adzuna"", ""url"": ""https://www.adzuna.co.uk/jobs/land/ad/5586268385?se=PMCcucgA8RGV19jEQmXbTQ&utm_medium=api&utm_source=026f28a2&v=B63D7D6A49A588381847D179F507C05FEEC3011E""}, {""source"": ""Adzuna"", ""url"": ""https://www.adzuna.co.uk/jobs/land/ad/5601191220?se=PMCcucgA8RGV19jEQmXbTQ&utm_medium=api&utm_source=026f28a2&v=319B3B39723CC2BD79BCFC903D55A4F7BD528D3A""}, {""source"": ""Adzuna"", ""url"": ""https://www.adzuna.co.uk/jobs/land/ad/5575857794?se=PMCcucgA8RGV19jEQmXbTQ&utm_medium=api&utm_source=026f28a2&v=23491DA4A1726EDCDA2D802BD7630E1868B9951E""}, {""source"": ""Adzuna"", ""url"": ""https://www.adzuna.co.uk/jobs/land/ad/5580684193?se=PMCcucgA8RGV19jEQmXbTQ&utm_medium=api&utm_source=026f28a2&v=060C9A84F9D13AE2EA7F622A8133D8BCEBE3A1B1""}, {""source"": ""Adzuna"", ""url"": ""https://www.adzuna.co.uk/jobs/land/ad/5593299906?se=PMCcucgA8RGV19jEQmXbTQ&utm_medium=api&utm_source=026f28a2&v=7347B8D15CCC56AFCF6BA44DB103804DB80142E1""}, {""source"": ""Adzuna"", ""url"": ""https://www.adzuna.co.uk/jobs/land/ad/5601902410?se=PMCcucgA8RGV19jEQmXbTQ&utm_medium=api&utm_source=026f28a2&v=D79CB376DE537313CBF6F06EF0B86C931C6C3C96""}, {""source"": ""Adzuna"", ""url"": ""https://www.adzuna.co.uk/jobs/land/ad/5607384793?se=PMCcucgA8RGV19jEQmXbTQ&utm_medium=api&utm_source=026f28a2&v=0640DAF2257C5C3C0B382196B049BC18F0F44B64""}, {""source"": ""Adzuna"", ""url"": ""https://www.adzuna.co.uk/jobs/land/ad/5593967601?se=PMCcucgA8RGV19jEQmXbTQ&utm_medium=api&utm_source=026f28a2&v=A2EE064674E88840CC8BCD5E1CAAB7949F818AD4""}, {""source"": ""Adzuna"", ""url"": ""https://www.adzuna.co.uk/jobs/land/ad/5606628823?se=PMCcucgA8RGV19jEQmXbTQ&utm_medium=api&utm_source=026f28a2&v=FB09C96930B0F3D02528950B0106C1E3336CAFE6""}, {""source"": ""Adzuna"", ""url"": ""https://www.adzuna.co.uk/jobs/land/ad/5588245649?se=PMCcucgA8RGV19jEQmXbTQ&utm_medium=api&utm_source=026f28a2&v=5027BE4FD909C03CF812382B3762C9FA41AFDB55""}, {""source"": ""Adzuna"", ""url"": ""https://www.adzuna.co.uk/jobs/land/ad/5604678120?se=PMCcucgA8RGV19jEQmXbTQ&utm_medium=api&utm_source=026f28a2&v=6C4B0941C0F9BC447810CC25090A138D0BDE5600""}, {""source"": ""Adzuna"", ""url"": ""https://www.adzuna.co.uk/jobs/land/ad/5568566334?se=PMCcucgA8RGV19jEQmXbTQ&utm_medium=api&utm_source=026f28a2&v=5C1702D6CD84022F1A2251C6E24E96661EF379D3""}, {""source"": ""Adzuna"", ""url"": ""https://www.adzuna.co.uk/jobs/land/ad/5571499875?se=PMCcucgA8RGV19jEQmXbTQ&utm_medium=api&utm_source=026f28a2&v=8D28AE79B8850B749114E0010D0979C40AC0D0D5""}, {""source"": ""Adzuna"", ""url"": ""https://www.adzuna.co.uk/jobs/land/ad/5587820822?se=PMCcucgA8RGV19jEQmXbTQ&utm_medium=api&utm_source=026f28a2&v=18F288F903B9F2E1CACFBA727D7C9E2093C10835""}, {""source"": ""Adzuna"", ""url"": ""https://www.adzuna.co.uk/jobs/land/ad/5553640587?se=PMCcucgA8RGV19jEQmXbTQ&utm_medium=api&utm_source=026f28a2&v=8A7840CE89EE4324FFDD7F72544BAEA0B6936C0C""}, {""source"": ""Adzuna"", ""url"": ""https://www.adzuna.co.uk/jobs/land/ad/5584522404?se=PMCcucgA8RGV19jEQmXbTQ&utm_medium=api&utm_source=026f28a2&v=B3E8B856094515373A86572B6705FCB3E3997172""}, {""source"": ""Adzuna"", ""url"": ""https://www.adzuna.co.uk/jobs/land/ad/5571833354?se=PMCcucgA8RGV19jEQmXbTQ&utm_medium=api&utm_source=026f28a2&v=B0E60EB9B3EF06163F4EE4ACC58B4E0E22607B68""}, {""source"": ""Adzuna"", ""url"": ""https://www.adzuna.co.uk/jobs/details/5601191536?utm_medium=api&utm_source=026f28a2""}]"
Data Analyst (2 Posts) - Gla14847,Data,1,UK,Mid,On-site,"['Data Analysis', 'SQL']","[{""source"": ""Adzuna"", ""url"": ""https://www.adzuna.co.uk/jobs/land/ad/5606045181?se=5FtQuMgA8RG27sBWXwN7yg&utm_medium=api&utm_source=026f28a2&v=9F4579DF936FCF4577580BC673ADA752F5ABA6A4""}]"
Data Analyst (Fixed Term Contract),Data,1,Oxford,Mid,On-site,"['Data Analysis', 'SQL']","[{""source"": ""Adzuna"", ""url"": ""https://www.adzuna.co.uk/jobs/land/ad/5607299480?se=5FtQuMgA8RG27sBWXwN7yg&utm_medium=api&utm_source=026f28a2&v=6551915AB46D0ADD15455FC89B65A8EB8817DEA1""}]"
Data Analyst - Financial Services Technology,Data,1,Belfast,Senior,On-site,"['Data Analysis', 'SQL']","[{""source"": ""Adzuna"", ""url"": ""https://www.adzuna.co.uk/jobs/land/ad/5605781790?se=5FtQuMgA8RG27sBWXwN7yg&utm_medium=api&utm_source=026f28a2&v=423B766CD2297C373E3EFFB561242D8EF6F264B0""}]"
Data Analyst / Senior Data Analyst,Data,1,London,Senior,On-site,"['Data Analysis', 'SQL']","[{""source"": ""Adzuna"", ""url"": ""https://www.adzuna.co.uk/jobs/details/5580663565?utm_medium=api&utm_source=026f28a2""}]"
Data Analyst Apprenticeship,Data,1,Dunsdale,Mid,On-site,"['Data Analysis', 'SQL']","[{""source"": ""Adzuna"", ""url"": ""https://www.adzuna.co.uk/jobs/land/ad/5607972024?se=5FtQuMgA8RG27sBWXwN7yg&utm_medium=api&utm_source=026f28a2&v=4E39A95DD6DFCFFDED74C6581D163DC07672FD28""}]"
Data Analyst Software Systems Test,Data,1,Warwick,Mid,On-site,"['Data Analysis', 'SQL']","[{""source"": ""Adzuna"", ""url"": ""https://www.adzuna.co.uk/jobs/land/ad/5596407030?se=5FtQuMgA8RG27sBWXwN7yg&utm_medium=api&utm_source=026f28a2&v=0262A5E46BF29A2B8F9EBA5B41EF5A0E2AA6BC88""}]"
Data Analyst Trainee,Data,3,"Liverpool, Newcastle Upon Tyne, Edinburgh Technopole",Entry,On-site,['Data Analysis'],"[{""source"": ""Adzuna"", ""url"": ""https://www.adzuna.co.uk/jobs/land/ad/5601835592?se=5FtQuMgA8RG27sBWXwN7yg&utm_medium=api&utm_source=026f28a2&v=15B297E0844F3D52D890F3E6400AC4AE04F55A7A""}, {""source"": ""Adzuna"", ""url"": ""https://www.adzuna.co.uk/jobs/land/ad/5601835532?se=5FtQuMgA8RG27sBWXwN7yg&utm_medium=api&utm_source=026f28a2&v=F91CE0F86C5AD666173D0DEC5892F29788255FD8""}, {""source"": ""Adzuna"", ""url"": ""https://www.adzuna.co.uk/jobs/land/ad/5601835547?se=5FtQuMgA8RG27sBWXwN7yg&utm_medium=api&utm_source=026f28a2&v=2E070A8FB2B7E2D46E1B144F7F6E2FBF299ABD17""}]"
Data Analyst – Work From Home,Data,1,London,Mid,Remote,"['Data Analysis', 'SQL']","[{""source"": ""Adzuna"", ""url"": ""https://www.adzuna.co.uk/jobs/details/5601954441?utm_medium=api&utm_source=026f28a2""}]"
Data Analytics,Data,2,"London, UK",Mid,On-site,"['Data Analysis', 'SQL']","[{""source"": ""Adzuna"", ""url"": ""https://www.adzuna.co.uk/jobs/details/5596744311?utm_medium=api&utm_source=026f28a2""}, {""source"": ""Adzuna"", ""url"": ""https://www.adzuna.co.uk/jobs/details/5210489578?utm_medium=api&utm_source=026f28a2""}]"
Data Analytics Lead,Data,1,London,Senior,On-site,"['Data Analysis', 'SQL']","[{""source"": ""Adzuna"", ""url"": ""https://www.adzuna.co.uk/jobs/details/5594048268?utm_medium=api&utm_source=026f28a2""}]"
Data Analytics Sales Executive,Data,2,"The City, London",Senior,Remote,"['AWS', 'Azure', 'SQL']","[{""source"": ""Adzuna"", ""url"": ""https://www.adzuna.co.uk/jobs/land/ad/5578989192?se=3GmBvcgA8RGhuY8Zc5lhIQ&utm_medium=api&utm_source=026f28a2&v=0E2269A582929CB5522A88D0D802C7AF8BC363C8""}, {""source"": ""Adzuna"", ""url"": ""https://www.adzuna.co.uk/jobs/land/ad/5578938225?se=3GmBvcgA8RGhuY8Zc5lhIQ&utm_medium=api&utm_source=026f28a2&v=8F841B453F1BA354A8275027346F6D67427C74EC""}]"
"Data And Analytics Manager. Crewe/Hybrid, £80K",Data,1,Basford,Senior,Hybrid,"['Machine Learning', 'SQL']","[{""source"": ""Adzuna"", ""url"": ""https://www.adzuna.co.uk/jobs/land/ad/5604373221?se=3GmBvcgA8RGhuY8Zc5lhIQ&utm_medium=api&utm_source=026f28a2&v=2A8021B5DF2FA6B5460743A564693A4B49E6AE8D""}]"
Data And Analytics Specialist,Data,1,London,Senior,On-site,"['Data Analysis', 'SQL']","[{""source"": ""Adzuna"", ""url"": ""https://www.adzuna.co.uk/jobs/land/ad/5585083649?se=3GmBvcgA8RGhuY8Zc5lhIQ&utm_medium=api&utm_source=026f28a2&v=243F1FAED3E7A07AC45B9A517347B2D18FA71FCF""}]"
Data Business Analyst,Business,2,"The City, London",Senior,Hybrid,"['Analysis', 'Communication']","[{""source"": ""Adzuna"", ""url"": ""https://www.adzuna.co.uk/jobs/land/ad/5573711233?se=6o3NxsgA8RGV19jEQmXbTQ&utm_medium=api&utm_source=026f28a2&v=A4339B3B8E389CFDFC07E37A6559431796019384""}, {""source"": ""Adzuna"", ""url"": ""https://www.adzuna.co.uk/jobs/land/ad/5573346006?se=6o3NxsgA8RGV19jEQmXbTQ&utm_medium=api&utm_source=026f28a2&v=57950B6E70C8EAE5314DEAB35278B38EEE8601A1""}]"
Data Engineering & Analytics Team Lead,Data,1,Newcastle Upon Tyne,Senior,Remote,"['Data Analysis', 'SQL']","[{""source"": ""Adzuna"", ""url"": ""https://www.adzuna.co.uk/jobs/land/ad/5606048942?se=3GmBvcgA8RGhuY8Zc5lhIQ&utm_medium=api&utm_source=026f28a2&v=355341397A41A4B55BF281E18CCE734755FE050C""}]"
Data Governance Analyst,Data,1,London,Senior,On-site,"['Data Analysis', 'SQL']","[{""source"": ""Adzuna"", ""url"": ""https://www.adzuna.co.uk/jobs/land/ad/5590510538?se=PMCcucgA8RGV19jEQmXbTQ&utm_medium=api&utm_source=026f28a2&v=8698B5C7ED4B9573D2659B76F4D4982332CEA9D3""}]"
Data Management Project Leader,Healthcare,1,Reading,Senior,On-site,['Clinical Knowledge'],"[{""source"": ""Adzuna"", ""url"": ""https://www.adzuna.co.uk/jobs/details/5544847421?utm_medium=api&utm_source=026f28a2""}]"
Data Product Owner,Product,1,London,Senior,Hybrid,"['Roadmapping', 'Stakeholder Management']","[{""source"": ""Adzuna"", ""url"": ""https://www.adzuna.co.uk/jobs/land/ad/5595334506?se=wsjwwsgA8RG27sBWXwN7yg&utm_medium=api&utm_source=026f28a2&v=5242C51A89E0FD2A04A0D4F9A73D1B7FA181A7F5""}]"
Data Science Engineer,Data,1,London,Senior,On-site,"['Data Analysis', 'SQL']","[{""source"": ""Adzuna"", ""url"": ""https://www.adzuna.co.uk/jobs/land/ad/5601327922?se=3NP2usgA8RGI2N0cIjSMgQ&utm_medium=api&utm_source=026f28a2&v=A0E92E026C716B3A17877BE231837FBD0F3E8416""}]"
Data Science Practitioner,Data,2,"Glasgow City Centre, Glasgow",Senior,On-site,['Machine Learning'],"[{""source"": ""Adzuna"", ""url"": ""https://www.adzuna.co.uk/jobs/land/ad/5592294141?se=3NP2usgA8RGI2N0cIjSMgQ&utm_medium=api&utm_source=026f28a2&v=A8E71A7EC78038909AB363884D68D7A9605A63E7""}, {""source"": ""Adzuna"", ""url"": ""https://www.adzuna.co.uk/jobs/land/ad/5593869229?se=3NP2usgA8RGI2N0cIjSMgQ&utm_medium=api&utm_source=026f28a2&v=0B0EDDEF5221C417C00CE5F923290BF54C0F4CF4""}]"
Data Science Programme Lead,Data,3,"Peterborough, Cambridgeshire",Senior,Hybrid,"['Data Analysis', 'SQL']","[{""source"": ""Adzuna"", ""url"": ""https://www.adzuna.co.uk/jobs/land/ad/5597180697?se=3NP2usgA8RGI2N0cIjSMgQ&utm_medium=api&utm_source=026f28a2&v=69DF8BE0F003B3024C8AE0BD4234695936DB10D1""}, {""source"": ""Adzuna"", ""url"": ""https://www.adzuna.co.uk/jobs/land/ad/5597042025?se=3NP2usgA8RGI2N0cIjSMgQ&utm_medium=api&utm_source=026f28a2&v=01468098AB4E31E3087CDDCC4AB1BDA5581B2B61""}, {""source"": ""Adzuna"", ""url"": ""https://www.adzuna.co.uk/jobs/land/ad/5598607538?se=3NP2usgA8RGI2N0cIjSMgQ&utm_medium=api&utm_source=026f28a2&v=B489B4650E5572E82C7D783F8F9909CF31A30E26""}]"
Data Scientist,Data,36,"London, Markfield, Glasgow",Mid,On-site,"['AWS', 'Azure', 'Data Analysis', 'Excel', 'Machine Learning', 'Python', 'SQL']","[{""source"": ""Adzuna"", ""url"": ""https://www.adzuna.co.uk/jobs/land/ad/5596414211?se=3NP2usgA8RGI2N0cIjSMgQ&utm_medium=api&utm_source=026f28a2&v=B4D56759398083860DDF4C1EBC9317AE2C31C210""}, {""source"": ""Adzuna"", ""url"": ""https://www.adzuna.co.uk/jobs/land/ad/5611137786?se=3NP2usgA8RGI2N0cIjSMgQ&utm_medium=api&utm_source=026f28a2&v=9311DE13125153485E738331C04D6F14C01B6F9D""}, {""source"": ""Adzuna"", ""url"": ""https://www.adzuna.co.uk/jobs/land/ad/5590509998?se=3NP2usgA8RGI2N0cIjSMgQ&utm_medium=api&utm_source=026f28a2&v=D7FCDD0A2F70118DA01E4F9A29FA0BA23C3E436F""}, {""source"": ""Adzuna"", ""url"": ""https://www.adzuna.co.uk/jobs/land/ad/5590511851?se=3NP2usgA8RGI2N0cIjSMgQ&utm_medium=api&utm_source=026f28a2&v=3669F1C55412C1480036921C52E94456AB0566EF""}, {""source"": ""Adzuna"", ""url"": ""https://www.adzuna.co.uk/jobs/land/ad/5595243181?se=3NP2usgA8RGI2N0cIjSMgQ&utm_medium=api&utm_source=026f28a2&v=DE709395648307CB90C47A1B6821D0AA73FBA82A""}, {""source"": ""Adzuna"", ""url"": ""https://www.adzuna.co.uk/jobs/land/ad/5599460159?se=3NP2usgA8RGI2N0cIjSMgQ&utm_medium=api&utm_source=026f28a2&v=F31DF0B01D4D877DCDB4C4DEECDA7AD3AC3D5106""}, {""source"": ""Adzuna"", ""url"": ""https://www.adzuna.co.uk/jobs/land/ad/5588400508?se=3NP2usgA8RGI2N0cIjSMgQ&utm_medium=api&utm_source=026f28a2&v=9C993EB55E5E97B9875776B437BFDBB8E57BEE4C""}, {""source"": ""Adzuna"", ""url"": ""https://www.adzuna.co.uk/jobs/land/ad/5608811209?se=3NP2usgA8RGI2N0cIjSMgQ&utm_medium=api&utm_source=026f28a2&v=ABE8D95B8CDD9010694C3479A97C431B7E6A957F""}, {""source"": ""Adzuna"", ""url"": ""https://www.adzuna.co.uk/jobs/land/ad/5551398569?se=3NP2usgA8RGI2N0cIjSMgQ&utm_medium=api&utm_source=026f28a2&v=5130D7D9FC166B8EBFCDB4A6B3816E74D156F011""}, {""source"": ""Adzuna"", ""url"": ""https://www.adzuna.co.uk/jobs/land/ad/5590424671?se=3NP2usgA8RGI2N0cIjSMgQ&utm_medium=api&utm_source=026f28a2&v=07AA1DAD8E24FAE0449C5C3F3E8AAF49A322F6F4""}, {""source"": ""Adzuna"", ""url"": ""https://www.adzuna.co.uk/jobs/land/ad/5590118115?se=3NP2usgA8RGI2N0cIjSMgQ&utm_medium=api&utm_source=026f28a2&v=10BD5F89DD9FAA3B92062FB4DADACD01361E1E7E""}, {""source"": ""Adzuna"", ""url"": ""https://www.adzuna.co.uk/jobs/land/ad/5578953188?se=3NP2usgA8RGI2N0cIjSMgQ&utm_medium=api&utm_source=026f28a2&v=91E7AE8BB1D39507AE758437D406CE483878AB71""}, {""source"": ""Adzuna"", ""url"": ""https://www.adzuna.co.uk/jobs/land/ad/5606049767?se=3NP2usgA8RGI2N0cIjSMgQ&utm_medium=api&utm_source=026f28a2&v=0C7D2857647C91BA0DF8F77D85EFC721276E9E07""}, {""source"": ""Adzuna"", ""url"": ""https://www.adzuna.co.uk/jobs/land/ad/5474788220?se=1rQzvMgA8RGV19jEQmXbTQ&utm_medium=api&utm_source=026f28a2&v=9A07DE0C080956DAD728D26358C14E0AE44A22E3""}, {""source"": ""Adzuna"", ""url"": ""https://www.adzuna.co.uk/jobs/land/ad/5549752673?se=1rQzvMgA8RGV19jEQmXbTQ&utm_medium=api&utm_source=026f28a2&v=365351A67C2ADAB146C5F5DCD1C55AC31DC9EDDA""}, {""source"": ""Adzuna"", ""url"": ""https://www.adzuna.co.uk/jobs/land/ad/5375180610?se=1rQzvMgA8RGV19jEQmXbTQ&utm_medium=api&utm_source=026f28a2&v=0DEB089DADD46AB4CAD85F19D29F970782B428B8""}, {""source"": ""Adzuna"", ""url"": ""https://www.adzuna.co.uk/jobs/land/ad/5299400273?se=1rQzvMgA8RGV19jEQmXbTQ&utm_medium=api&utm_source=026f28a2&v=94D13FE5BD443678770EE0F8D4F9D860E03B1638""}, {""source"": ""Adzuna"", ""url"": ""https://www.adzuna.co.uk/jobs/details/5606244153?utm_medium=api&utm_source=026f28a2""}, {""source"": ""Adzuna"", ""url"": ""https://www.adzuna.co.uk/jobs/details/5570998696?utm_medium=api&utm_source=026f28a2""}, {""source"": ""Adzuna"", ""url"": ""https://www.adzuna.co.uk/jobs/details/5601322358?utm_medium=api&utm_source=026f28a2""}, {""source"": ""Adzuna"", ""url"": ""https://www.adzuna.co.uk/jobs/details/5603181486?utm_medium=api&utm_source=026f28a2""}, {""source"": ""Adzuna"", ""url"": ""https://www.adzuna.co.uk/jobs/details/5604263980?utm_medium=api&utm_source=026f28a2""}, {""source"": ""Adzuna"", ""url"": ""https://www.adzuna.co.uk/jobs/details/5588613890?utm_medium=api&utm_source=026f28a2""}, {""source"": ""Adzuna"", ""url"": ""https://www.adzuna.co.uk/jobs/details/5603322132?utm_medium=api&utm_source=026f28a2""}, {""source"": ""Adzuna"", ""url"": ""https://www.adzuna.co.uk/jobs/details/5539611279?utm_medium=api&utm_source=026f28a2""}, {""source"": ""Adzuna"", ""url"": ""https://www.adzuna.co.uk/jobs/details/5533597835?utm_medium=api&utm_source=026f28a2""}, {""source"": ""Adzuna"", ""url"": ""https://www.adzuna.co.uk/jobs/details/5603181494?utm_medium=api&utm_source=026f28a2""}, {""source"": ""Adzuna"", ""url"": ""https://www.adzuna.co.uk/jobs/land/ad/5595647042?se=1rQzvMgA8RGV19jEQmXbTQ&utm_medium=api&utm_source=026f28a2&v=722D8637FC2A268C94447A23EB4384151A8CD1D8""}, {""source"": ""Adzuna"", ""url"": ""https://www.adzuna.co.uk/jobs/land/ad/5604106426?se=1rQzvMgA8RGV19jEQmXbTQ&utm_medium=api&utm_source=026f28a2&v=6A3B893F6CA8FDD8170B73699BB3F2725131083E""}, {""source"": ""Adzuna"", ""url"": ""https://www.adzuna.co.uk/jobs/land/ad/5601959706?se=1rQzvMgA8RGV19jEQmXbTQ&utm_medium=api&utm_source=026f28a2&v=A27DDE450B8D80602697A4836C53F2444ABFE61F""}, {""source"": ""Adzuna"", ""url"": ""https://www.adzuna.co.uk/jobs/details/5589387173?utm_medium=api&utm_source=026f28a2""}, {""source"": ""Adzuna"", ""url"": ""https://www.adzuna.co.uk/jobs/details/5596028999?utm_medium=api&utm_source=026f28a2""}, {""source"": ""Adzuna"", ""url"": ""https://www.adzuna.co.uk/jobs/details/5600120366?utm_medium=api&utm_source=026f28a2""}, {""source"": ""Adzuna"", ""url"": ""https://www.adzuna.co.uk/jobs/details/5517249385?utm_medium=api&utm_source=026f28a2""}, {""source"": ""Adzuna"", ""url"": ""https://www.adzuna.co.uk/jobs/details/5601499251?utm_medium=api&utm_source=026f28a2""}, {""source"": ""Adzuna"", ""url"": ""https://www.adzuna.co.uk/jobs/details/5598917435?utm_medium=api&utm_source=026f28a2""}]"
Data Scientist (Consumer App),Data,1,UK,Mid,Remote,"['Data Analysis', 'SQL']","[{""source"": ""Adzuna"", ""url"": ""https://www.adzuna.co.uk/jobs/land/ad/5605326017?se=1rQzvMgA8RGV19jEQmXbTQ&utm_medium=api&utm_source=026f28a2&v=C1DE3423F475D299B124BA7EC8829DF84E0B200F""}]"
Data Scientist (Football Club),Data,2,"The City, London",Mid,On-site,"['Data Analysis', 'SQL']","[{""source"": ""Adzuna"", ""url"": ""https://www.adzuna.co.uk/jobs/land/ad/5551625318?se=1rQzvMgA8RGV19jEQmXbTQ&utm_medium=api&utm_source=026f28a2&v=30024188C675226A0DC53D8416C2EDC45D96B8BA""}, {""source"": ""Adzuna"", ""url"": ""https://www.adzuna.co.uk/jobs/land/ad/5551657693?se=1rQzvMgA8RGV19jEQmXbTQ&utm_medium=api&utm_source=026f28a2&v=EA7A89A1257EBC700ABE3F7770F0C4B592C1F928""}]"
Data Scientist (Sports Analytics),Data,2,"The City, London",Mid,On-site,"['Data Analysis', 'SQL']","[{""source"": ""Adzuna"", ""url"": ""https://www.adzuna.co.uk/jobs/land/ad/5551369605?se=1rQzvMgA8RGV19jEQmXbTQ&utm_medium=api&utm_source=026f28a2&v=6885925DC9E86ABB53CE9936D2BAE6F7360489E8""}, {""source"": ""Adzuna"", ""url"": ""https://www.adzuna.co.uk/jobs/land/ad/5551370268?se=1rQzvMgA8RGV19jEQmXbTQ&utm_medium=api&utm_source=026f28a2&v=71D1BA25F92BF347EBD8AE6A4A6A2B1756ECAA00""}]"
Data Scientist - Global Investment Firm,Data,2,"London, The City",Mid,On-site,"['Data Analysis', 'SQL']","[{""source"": ""Adzuna"", ""url"": ""https://www.adzuna.co.uk/jobs/land/ad/5606048943?se=1rQzvMgA8RGV19jEQmXbTQ&utm_medium=api&utm_source=026f28a2&v=67D64D4B875247A54E531A0E49EAED1E65A454C8""}, {""source"": ""Adzuna"", ""url"": ""https://www.adzuna.co.uk/jobs/land/ad/5606049688?se=1rQzvMgA8RGV19jEQmXbTQ&utm_medium=api&utm_source=026f28a2&v=BCB2AC30CCF960DA6CA60B4870C0EAE21D3231CC""}]"
Data Scientist - Operational Research,Data,1,London,Mid,Hybrid,"['Data Analysis', 'SQL']","[{""source"": ""Adzuna"", ""url"": ""https://www.adzuna.co.uk/jobs/land/ad/5605766960?se=3NP2usgA8RGI2N0cIjSMgQ&utm_medium=api&utm_source=026f28a2&v=97AF50176F827C62FC3852685F59BE03C918DA2E""}]"
Data Scientist Intern - London,Data,2,"The City, London",Senior,On-site,"['Data Analysis', 'SQL']","[{""source"": ""Adzuna"", ""url"": ""https://www.adzuna.co.uk/jobs/land/ad/5577849468?se=1rQzvMgA8RGV19jEQmXbTQ&utm_medium=api&utm_source=026f28a2&v=72F51861DC534619A8A4496C5E70D4A307D22C1C""}, {""source"": ""Adzuna"", ""url"": ""https://www.adzuna.co.uk/jobs/land/ad/5577849478?se=1rQzvMgA8RGV19jEQmXbTQ&utm_medium=api&utm_source=026f28a2&v=C057A89220572126592430B094A5EA1731DF051C""}]"
Data Scientist- Fintech,Data,1,London,Senior,On-site,"['Data Analysis', 'SQL']","[{""source"": ""Adzuna"", ""url"": ""https://www.adzuna.co.uk/jobs/land/ad/5596414443?se=3NP2usgA8RGI2N0cIjSMgQ&utm_medium=api&utm_source=026f28a2&v=091D21E2E1A92A8FF2101D5375EB5426A05721F0""}]"
Data Selections Analyst,Data,1,London,Mid,Hybrid,"['Data Analysis', 'SQL']","[{""source"": ""Adzuna"", ""url"": ""https://www.adzuna.co.uk/jobs/land/ad/5602933159?se=PMCcucgA8RGV19jEQmXbTQ&utm_medium=api&utm_source=026f28a2&v=24811CB29FEE0249755F9A5465A45FB38DC45DC6""}]"
"Data, Technology And Advisory Services Client Partner For Commercial Solutions, Uki, Pharma & Life Sciences",Healthcare,2,"London, Reading",Mid,On-site,['Clinical Knowledge'],"[{""source"": ""Adzuna"", ""url"": ""https://www.adzuna.co.uk/jobs/details/5536917787?utm_medium=api&utm_source=026f28a2""}, {""source"": ""Adzuna"", ""url"": ""https://www.adzuna.co.uk/jobs/details/5536917785?utm_medium=api&utm_source=026f28a2""}]"
Delivery Consultant,Business,1,Colchester,Mid,On-site,"['Analysis', 'Communication']","[{""source"": ""Adzuna"", ""url"": ""https://www.adzuna.co.uk/jobs/land/ad/5603030615?se=5oxhycgA8RGhuY8Zc5lhIQ&utm_medium=api&utm_source=026f28a2&v=0B7CD2EF00097A3CF0C68C2697B0102DE2675773""}]"
Demand Planner,Healthcare,1,Weston,Mid,On-site,['Clinical Knowledge'],"[{""source"": ""Adzuna"", ""url"": ""https://www.adzuna.co.uk/jobs/details/5591490938?utm_medium=api&utm_source=026f28a2""}]"
Dental Nurse,Healthcare,6,"Worcester, Harrogate, UK",Mid,On-site,['Clinical Knowledge'],"[{""source"": ""Adzuna"", ""url"": ""https://www.adzuna.co.uk/jobs/land/ad/5592497248?se=zo7f2cgA8RG27sBWXwN7yg&utm_medium=api&utm_source=026f28a2&v=BB13AD29DB357F88B10EFB219C0C0E157A35199A""}, {""source"": ""Adzuna"", ""url"": ""https://www.adzuna.co.uk/jobs/land/ad/5593839431?se=zo7f2cgA8RG27sBWXwN7yg&utm_medium=api&utm_source=026f28a2&v=181D57E8F289F2020DD6EBBC58C0C547CECE233A""}, {""source"": ""Adzuna"", ""url"": ""https://www.adzuna.co.uk/jobs/land/ad/5600734094?se=zo7f2cgA8RG27sBWXwN7yg&utm_medium=api&utm_source=026f28a2&v=B823E60BE8514608860D77DF64EB53F5D398D002""}, {""source"": ""Adzuna"", ""url"": ""https://www.adzuna.co.uk/jobs/land/ad/5580332639?se=zo7f2cgA8RG27sBWXwN7yg&utm_medium=api&utm_source=026f28a2&v=332CAD76D9D638B69E5C377950B2028DCA63E513""}, {""source"": ""Adzuna"", ""url"": ""https://www.adzuna.co.uk/jobs/land/ad/5590335966?se=zo7f2cgA8RG27sBWXwN7yg&utm_medium=api&utm_source=026f28a2&v=0BD93F4B0D6B36F45BD0627334F4B04FB8461146""}, {""source"": ""Adzuna"", ""url"": ""https://www.adzuna.co.uk/jobs/land/ad/5600019878?se=zo7f2cgA8RG27sBWXwN7yg&utm_medium=api&utm_source=026f28a2&v=8C0441326497FB8A27D4085DC353DA721DE0510A""}]"
Deputy Human Resources Manager,HR,1,UK,Mid,On-site,"['People Management', 'Recruitment']","[{""source"": ""Adzuna"", ""url"": ""https://www.adzuna.co.uk/jobs/details/5593216801?utm_medium=api&utm_source=026f28a2""}]"
Design Coordinator,Design,1,Woking,Mid,On-site,['C++'],"[{""source"": ""Adzuna"", ""url"": ""https://www.adzuna.co.uk/jobs/land/ad/5597063380?se=7BXT4cgA8RG27sBWXwN7yg&utm_medium=api&utm_source=026f28a2&v=F187D75E22A5A506919C97921FD4BA593A4F4D33""}]"
Design Engineer,Design,3,"Glasgow City Centre, Glinton, Warrington",Mid,On-site,"['UI', 'UX']","[{""source"": ""Adzuna"", ""url"": ""https://www.adzuna.co.uk/jobs/land/ad/5595011862?se=7BXT4cgA8RG27sBWXwN7yg&utm_medium=api&utm_source=026f28a2&v=DC6C840D6EF4F75A1C83B12CFE78051B143105BB""}, {""source"": ""Adzuna"", ""url"": ""https://www.adzuna.co.uk/jobs/land/ad/5587671990?se=7BXT4cgA8RG27sBWXwN7yg&utm_medium=api&utm_source=026f28a2&v=1DA0EA0F29419CD0F5E4C9F22CB4C21A1F0B7E72""}, {""source"": ""Adzuna"", ""url"": ""https://www.adzuna.co.uk/jobs/land/ad/5599943523?se=7BXT4cgA8RG27sBWXwN7yg&utm_medium=api&utm_source=026f28a2&v=5EBB3B96204BB2602DB64D96ACAFD342FF8E68CC""}]"
Design Manager,Design,24,"Witham, Cardiff County, Thirsk",Senior,On-site,"['C++', 'Excel', 'UI', 'UX']","[{""source"": ""Adzuna"", ""url"": ""https://www.adzuna.co.uk/jobs/land/ad/5595588178?se=7BXT4cgA8RG27sBWXwN7yg&utm_medium=api&utm_source=026f28a2&v=1E415F5B3752CCFBADB24B11D98030863D51E2CD""}, {""source"": ""Adzuna"", ""url"": ""https://www.adzuna.co.uk/jobs/land/ad/5603019883?se=7BXT4cgA8RG27sBWXwN7yg&utm_medium=api&utm_source=026f28a2&v=915FC0313FB8BE2101415E3A341A78464E042BCD""}, {""source"": ""Adzuna"", ""url"": ""https://www.adzuna.co.uk/jobs/land/ad/5603019881?se=7BXT4cgA8RG27sBWXwN7yg&utm_medium=api&utm_source=026f28a2&v=55202B812ADE10AF7F433AEAAE19BF9FBE9EF071""}, {""source"": ""Adzuna"", ""url"": ""https://www.adzuna.co.uk/jobs/land/ad/5590336835?se=7BXT4cgA8RG27sBWXwN7yg&utm_medium=api&utm_source=026f28a2&v=A279AEA9C67B6F17BFEB3FF05B0E8D3D5C9DD06E""}, {""source"": ""Adzuna"", ""url"": ""https://www.adzuna.co.uk/jobs/land/ad/5590336856?se=7BXT4cgA8RG27sBWXwN7yg&utm_medium=api&utm_source=026f28a2&v=C1704A4C9AC1CADDB8F8F147C49A942587CA869D""}, {""source"": ""Adzuna"", ""url"": ""https://www.adzuna.co.uk/jobs/land/ad/5597063381?se=7BXT4cgA8RG27sBWXwN7yg&utm_medium=api&utm_source=026f28a2&v=F9D3CE1AA75FBD521FBF784ABE81C3EC6C7B3799""}, {""source"": ""Adzuna"", ""url"": ""https://www.adzuna.co.uk/jobs/land/ad/5542092108?se=7BXT4cgA8RG27sBWXwN7yg&utm_medium=api&utm_source=026f28a2&v=4476423377C99FF428D1AA24C226B934E7776F71""}, {""source"": ""Adzuna"", ""url"": ""https://www.adzuna.co.uk/jobs/land/ad/5580332814?se=7BXT4cgA8RG27sBWXwN7yg&utm_medium=api&utm_source=026f28a2&v=2BC58BE837A192ED187AB300087058D728127379""}, {""source"": ""Adzuna"", ""url"": ""https://www.adzuna.co.uk/jobs/land/ad/5583825888?se=7BXT4cgA8RG27sBWXwN7yg&utm_medium=api&utm_source=026f28a2&v=BCCEBAFE1BE13F2DA799E80D280A35C4059DE383""}, {""source"": ""Adzuna"", ""url"": ""https://www.adzuna.co.uk/jobs/land/ad/5603019880?se=7BXT4cgA8RG27sBWXwN7yg&utm_medium=api&utm_source=026f28a2&v=8051989B41340FCCD3460FED14FBF8D529D08484""}, {""source"": ""Adzuna"", ""url"": ""https://www.adzuna.co.uk/jobs/land/ad/5608589119?se=7BXT4cgA8RG27sBWXwN7yg&utm_medium=api&utm_source=026f28a2&v=7A1F5A44443AFE1A39E661EE52217BDC8B2029F3""}, {""source"": ""Adzuna"", ""url"": ""https://www.adzuna.co.uk/jobs/land/ad/5583825876?se=7BXT4cgA8RG27sBWXwN7yg&utm_medium=api&utm_source=026f28a2&v=EF026406884C8174A960F5C4D76DF6F0CB6A3A9E""}, {""source"": ""Adzuna"", ""url"": ""https://www.adzuna.co.uk/jobs/land/ad/5593839886?se=7BXT4cgA8RG27sBWXwN7yg&utm_medium=api&utm_source=026f28a2&v=2E5848558D9909422449757D7C2C4CC059199303""}, {""source"": ""Adzuna"", ""url"": ""https://www.adzuna.co.uk/jobs/land/ad/5598537388?se=7BXT4cgA8RG27sBWXwN7yg&utm_medium=api&utm_source=026f28a2&v=9E23AC8028114279745E2AE630C7913A251FBFF1""}, {""source"": ""Adzuna"", ""url"": ""https://www.adzuna.co.uk/jobs/land/ad/5569656398?se=7BXT4cgA8RG27sBWXwN7yg&utm_medium=api&utm_source=026f28a2&v=E6BBB9CF788A12EC1AEF74F5666F485FFBC93198""}, {""source"": ""Adzuna"", ""url"": ""https://www.adzuna.co.uk/jobs/land/ad/5603019877?se=7BXT4cgA8RG27sBWXwN7yg&utm_medium=api&utm_source=026f28a2&v=AD756CD1750344A04013C683FDE3624C34F328B6""}, {""source"": ""Adzuna"", ""url"": ""https://www.adzuna.co.uk/jobs/land/ad/5571211497?se=7BXT4cgA8RG27sBWXwN7yg&utm_medium=api&utm_source=026f28a2&v=7D7D222422F3CF448ED4712ED9D74D4C1AD3BB82""}, {""source"": ""Adzuna"", ""url"": ""https://www.adzuna.co.uk/jobs/land/ad/5571211498?se=7BXT4cgA8RG27sBWXwN7yg&utm_medium=api&utm_source=026f28a2&v=CB4D584AEB6C96D2D2C8FEF10640CA832EB4B079""}, {""source"": ""Adzuna"", ""url"": ""https://www.adzuna.co.uk/jobs/land/ad/5521682657?se=7BXT4cgA8RG27sBWXwN7yg&utm_medium=api&utm_source=026f28a2&v=C62878F1387A8CB63876CE1A89BDD000693AFAA9""}, {""source"": ""Adzuna"", ""url"": ""https://www.adzuna.co.uk/jobs/land/ad/5567771825?se=7BXT4cgA8RG27sBWXwN7yg&utm_medium=api&utm_source=026f28a2&v=F8085745B9EC17711DF2CCDA451825620EDC70ED""}, {""source"": ""Adzuna"", ""url"": ""https://www.adzuna.co.uk/jobs/land/ad/5583825881?se=7BXT4cgA8RG27sBWXwN7yg&utm_medium=api&utm_source=026f28a2&v=E20694BE012F37E624F52D41E1E60C3D44BB6EE4""}, {""source"": ""Adzuna"", ""url"": ""https://www.adzuna.co.uk/jobs/land/ad/5611229864?se=7BXT4cgA8RG27sBWXwN7yg&utm_medium=api&utm_source=026f28a2&v=F8754AA6998085A2496189A129EBE15002469E57""}, {""source"": ""Adzuna"", ""url"": ""https://www.adzuna.co.uk/jobs/land/ad/5575616140?se=7BXT4cgA8RG27sBWXwN7yg&utm_medium=api&utm_source=026f28a2&v=26BD0AD84A52EC7F7D8981C30976DD675A04D373""}, {""source"": ""Adzuna"", ""url"": ""https://www.adzuna.co.uk/jobs/land/ad/5573632527?se=7BXT4cgA8RG27sBWXwN7yg&utm_medium=api&utm_source=026f28a2&v=4CA0F5C5DB6E1D8D6C5204E995CFF03AE5710E54""}]"
Design Managers,Design,1,Warrington,Mid,Hybrid,"['UI', 'UX']","[{""source"": ""Adzuna"", ""url"": ""https://www.adzuna.co.uk/jobs/land/ad/5607343618?se=7BXT4cgA8RG27sBWXwN7yg&utm_medium=api&utm_source=026f28a2&v=02BAC8565F1E584CCCFF8715A921210F0EB049D3""}]"
Designate General Manager,Design,1,Pride Park,Mid,On-site,"['UI', 'UX']","[{""source"": ""Adzuna"", ""url"": ""https://www.adzuna.co.uk/jobs/land/ad/5608121004?se=DA2Q4MgA8RGV19jEQmXbTQ&utm_medium=api&utm_source=026f28a2&v=147A18949FAC120BAC11AE3410D0437DA53A3DB3""}]"
Designate Retail Manager,Design,1,Pride Park,Mid,On-site,"['UI', 'UX']","[{""source"": ""Adzuna"", ""url"": ""https://www.adzuna.co.uk/jobs/land/ad/5608121007?se=DA2Q4MgA8RGV19jEQmXbTQ&utm_medium=api&utm_source=026f28a2&v=539B4EE366E2173E0882589A9F89C9A1FC8FCCA0""}]"
Designate Retail Sales Manager,Design,1,Pride Park,Mid,On-site,"['UI', 'UX']","[{""source"": ""Adzuna"", ""url"": ""https://www.adzuna.co.uk/jobs/land/ad/5608121005?se=DA2Q4MgA8RGV19jEQmXbTQ&utm_medium=api&utm_source=026f28a2&v=F8C60A3259673B586059E5D2055D701C30F15BB7""}]"
Designate Store Manager,Design,1,Pride Park,Mid,On-site,"['UI', 'UX']","[{""source"": ""Adzuna"", ""url"": ""https://www.adzuna.co.uk/jobs/land/ad/5608121006?se=DA2Q4MgA8RGV19jEQmXbTQ&utm_medium=api&utm_source=026f28a2&v=324353D00F6ABB0E04903EFBC2070919CB37837D""}]"
Designated Safeguarding Lead,Design,3,"The City, UK, Chigwell",Mid,On-site,"['UI', 'UX']","[{""source"": ""Adzuna"", ""url"": ""https://www.adzuna.co.uk/jobs/land/ad/5582134876?se=DA2Q4MgA8RGV19jEQmXbTQ&utm_medium=api&utm_source=026f28a2&v=2D92A7A7CD1F7042F17EDC1E1560110F9FD76BC7""}, {""source"": ""Adzuna"", ""url"": ""https://www.adzuna.co.uk/jobs/land/ad/5608009181?se=DA2Q4MgA8RGV19jEQmXbTQ&utm_medium=api&utm_source=026f28a2&v=1A3AB0D23FE94326A0F1F1F9E66CEA7E373387A6""}, {""source"": ""Adzuna"", ""url"": ""https://www.adzuna.co.uk/jobs/land/ad/5582134885?se=DA2Q4MgA8RGV19jEQmXbTQ&utm_medium=api&utm_source=026f28a2&v=E1DA2B15F7EEEA137C873004C30A3E348E0FEFB2""}]"
Desktop Engineer Lab (Pharma R&D),Healthcare,1,Stevenage,Mid,On-site,['Clinical Knowledge'],"[{""source"": ""Adzuna"", ""url"": ""https://www.adzuna.co.uk/jobs/details/5560003550?utm_medium=api&utm_source=026f28a2""}]"
Devops Engineer,Engineering,73,"Belfast, Chelmsford, Eastern England",Mid,On-site,"['AWS', 'Azure', 'C++', 'GCP', 'Java', 'Node.js', 'Problem Solving', 'Python', 'SQL', 'System Design']","[{""source"": ""Adzuna"", ""url"": ""https://www.adzuna.co.uk/jobs/land/ad/5569384775?se=qqN8sMgA8RGI2N0cIjSMgQ&utm_medium=api&utm_source=026f28a2&v=0F94EE424A5F78D0124269CB7C99D467F3473F4F""}, {""source"": ""Adzuna"", ""url"": ""https://www.adzuna.co.uk/jobs/land/ad/5570926978?se=qqN8sMgA8RGI2N0cIjSMgQ&utm_medium=api&utm_source=026f28a2&v=D35E7D875C11AB2F713DA63D1B3E364773E48EC3""}, {""source"": ""Adzuna"", ""url"": ""https://www.adzuna.co.uk/jobs/land/ad/5610302625?se=qqN8sMgA8RGI2N0cIjSMgQ&utm_medium=api&utm_source=026f28a2&v=58744EFD330402F2D88A3F343950023FBB3DF984""}, {""source"": ""Adzuna"", ""url"": ""https://www.adzuna.co.uk/jobs/land/ad/5578938230?se=qqN8sMgA8RGI2N0cIjSMgQ&utm_medium=api&utm_source=026f28a2&v=C6BE84B306BCF53529D7FF9646ADCAE749030A27""}, {""source"": ""Adzuna"", ""url"": ""https://www.adzuna.co.uk/jobs/land/ad/5599390817?se=qqN8sMgA8RGI2N0cIjSMgQ&utm_medium=api&utm_source=026f28a2&v=7A6B29583535C4B8147C3C24A10C7F92770E6AD2""}, {""source"": ""Adzuna"", ""url"": ""https://www.adzuna.co.uk/jobs/land/ad/5577849744?se=qqN8sMgA8RGI2N0cIjSMgQ&utm_medium=api&utm_source=026f28a2&v=6A361D3577CD33E6BAF9235EDD2BAA580FCC183E""}, {""source"": ""Adzuna"", ""url"": ""https://www.adzuna.co.uk/jobs/land/ad/5605327820?se=qqN8sMgA8RGI2N0cIjSMgQ&utm_medium=api&utm_source=026f28a2&v=831DB4EAD3118C439DF27E669BA03FBAEF62D9C0""}, {""source"": ""Adzuna"", ""url"": ""https://www.adzuna.co.uk/jobs/land/ad/5551391530?se=qqN8sMgA8RGI2N0cIjSMgQ&utm_medium=api&utm_source=026f28a2&v=551989ACC60D05194D713430C0D53E7412982064""}, {""source"": ""Adzuna"", ""url"": ""https://www.adzuna.co.uk/jobs/land/ad/5587623591?se=qqN8sMgA8RGI2N0cIjSMgQ&utm_medium=api&utm_source=026f28a2&v=35F5F8854659149E8CFF98641CF5292151F49178""}, {""source"": ""Adzuna"", ""url"": ""https://www.adzuna.co.uk/jobs/land/ad/5609954906?se=qqN8sMgA8RGI2N0cIjSMgQ&utm_medium=api&utm_source=026f28a2&v=EC9D8D35F528A85F9A8477367B8EB56E61B8179D""}, {""source"": ""Adzuna"", ""url"": ""https://www.adzuna.co.uk/jobs/land/ad/5606049789?se=qqN8sMgA8RGI2N0cIjSMgQ&utm_medium=api&utm_source=026f28a2&v=DC2C3C8F1EAF48885BA8003CF3DC309321F3222A""}, {""source"": ""Adzuna"", ""url"": ""https://www.adzuna.co.uk/jobs/land/ad/5573339025?se=qqN8sMgA8RGI2N0cIjSMgQ&utm_medium=api&utm_source=026f28a2&v=4BE19B010B9C8572C181A09EDEBBB5C502B2CD42""}, {""source"": ""Adzuna"", ""url"": ""https://www.adzuna.co.uk/jobs/land/ad/5573712408?se=qqN8sMgA8RGI2N0cIjSMgQ&utm_medium=api&utm_source=026f28a2&v=27C330840B6F712CDA5AF8880EE7A8997E90E1CA""}, {""source"": ""Adzuna"", ""url"": ""https://www.adzuna.co.uk/jobs/land/ad/5587622854?se=qqN8sMgA8RGI2N0cIjSMgQ&utm_medium=api&utm_source=026f28a2&v=241EFE86527694815FD924E80E0542D93F9D186B""}, {""source"": ""Adzuna"", ""url"": ""https://www.adzuna.co.uk/jobs/land/ad/5595362256?se=qqN8sMgA8RGI2N0cIjSMgQ&utm_medium=api&utm_source=026f28a2&v=7C29300D75721D0869F9FFD7831E5A04C8BC86B8""}, {""source"": ""Adzuna"", ""url"": ""https://www.adzuna.co.uk/jobs/details/5526348569?utm_medium=api&utm_source=026f28a2""}, {""source"": ""Adzuna"", ""url"": ""https://www.adzuna.co.uk/jobs/details/5551831255?utm_medium=api&utm_source=026f28a2""}, {""source"": ""Adzuna"", ""url"": ""https://www.adzuna.co.uk/jobs/details/5606115916?utm_medium=api&utm_source=026f28a2""}, {""source"": ""Adzuna"", ""url"": ""https://www.adzuna.co.uk/jobs/details/5607168956?utm_medium=api&utm_source=026f28a2""}, {""source"": ""Adzuna"", ""url"": ""https://www.adzuna.co.uk/jobs/details/5533597921?utm_medium=api&utm_source=026f28a2""}, {""source"": ""Adzuna"", ""url"": ""https://www.adzuna.co.uk/jobs/details/5410644839?utm_medium=api&utm_source=026f28a2""}, {""source"": ""Adzuna"", ""url"": ""https://www.adzuna.co.uk/jobs/details/4160863023?utm_medium=api&utm_source=026f28a2""}, {""source"": ""Adzuna"", ""url"": ""https://www.adzuna.co.uk/jobs/details/5592493152?utm_medium=api&utm_source=026f28a2""}, {""source"": ""Adzuna"", ""url"": ""https://www.adzuna.co.uk/jobs/land/ad/5603312936?se=qqN8sMgA8RGI2N0cIjSMgQ&utm_medium=api&utm_source=026f28a2&v=F236C716EB88DFD7038A6A38434B9D192AFFF40B""}, {""source"": ""Adzuna"", ""url"": ""https://www.adzuna.co.uk/jobs/land/ad/5509079070?se=lAi-scgA8RGI2N0cIjSMgQ&utm_medium=api&utm_source=026f28a2&v=E8F8155B04AEA02D242B6BDB3CCE800530E53DF3""}, {""source"": ""Adzuna"", ""url"": ""https://www.adzuna.co.uk/jobs/land/ad/5585920391?se=lAi-scgA8RGI2N0cIjSMgQ&utm_medium=api&utm_source=026f28a2&v=4B257A021D10147BA8403C85E335A77B8B13BBE2""}, {""source"": ""Adzuna"", ""url"": ""https://www.adzuna.co.uk/jobs/land/ad/5450242727?se=lAi-scgA8RGI2N0cIjSMgQ&utm_medium=api&utm_source=026f28a2&v=DA90CE2DEE20D118D33470C3CFE60EF95B5BB4DE""}, {""source"": ""Adzuna"", ""url"": ""https://www.adzuna.co.uk/jobs/land/ad/5420392969?se=lAi-scgA8RGI2N0cIjSMgQ&utm_medium=api&utm_source=026f28a2&v=95F9A9B2802B20434AB28AFA1F32A369F52303B6""}, {""source"": ""Adzuna"", ""url"": ""https://www.adzuna.co.uk/jobs/land/ad/5593891982?se=lAi-scgA8RGI2N0cIjSMgQ&utm_medium=api&utm_source=026f28a2&v=F91EC1156384D8B2A6349583490DD8ACAAD41358""}, {""source"": ""Adzuna"", ""url"": ""https://www.adzuna.co.uk/jobs/land/ad/5601265235?se=lAi-scgA8RGI2N0cIjSMgQ&utm_medium=api&utm_source=026f28a2&v=24711829BEE777D875714C0CE1D1222B79D364AE""}, {""source"": ""Adzuna"", ""url"": ""https://www.adzuna.co.uk/jobs/land/ad/5539357732?se=lAi-scgA8RGI2N0cIjSMgQ&utm_medium=api&utm_source=026f28a2&v=14C21257AB8C78AEAF63E3EA9469EE1D6D07C9BC""}, {""source"": ""Adzuna"", ""url"": ""https://www.adzuna.co.uk/jobs/land/ad/5586269719?se=lAi-scgA8RGI2N0cIjSMgQ&utm_medium=api&utm_source=026f28a2&v=828497DBB0A1D834BFF4793C9FC286A00B009F74""}, {""source"": ""Adzuna"", ""url"": ""https://www.adzuna.co.uk/jobs/land/ad/5602350375?se=lAi-scgA8RGI2N0cIjSMgQ&utm_medium=api&utm_source=026f28a2&v=A8BC0FF3434C935FE1B06F6F6E3740DC4C9AF3A0""}, {""source"": ""Adzuna"", ""url"": ""https://www.adzuna.co.uk/jobs/land/ad/5588251197?se=lAi-scgA8RGI2N0cIjSMgQ&utm_medium=api&utm_source=026f28a2&v=4DBDC44503FA002FD6F7A5FC40A296C2F7E0651C""}, {""source"": ""Adzuna"", ""url"": ""https://www.adzuna.co.uk/jobs/land/ad/5597275042?se=lAi-scgA8RGI2N0cIjSMgQ&utm_medium=api&utm_source=026f28a2&v=C9575E6D5E721EE0742948F43354AB81B37CD969""}, {""source"": ""Adzuna"", ""url"": ""https://www.adzuna.co.uk/jobs/land/ad/5572564655?se=lAi-scgA8RGI2N0cIjSMgQ&utm_medium=api&utm_source=026f28a2&v=98599EF855F5E551273833A8B86A5308E989290E""}, {""source"": ""Adzuna"", ""url"": ""https://www.adzuna.co.uk/jobs/land/ad/5604872901?se=lAi-scgA8RGI2N0cIjSMgQ&utm_medium=api&utm_source=026f28a2&v=8CEB96B89EBCD1867DD42E589C4B5FC45AAB735F""}, {""source"": ""Adzuna"", ""url"": ""https://www.adzuna.co.uk/jobs/land/ad/5593299904?se=lAi-scgA8RGI2N0cIjSMgQ&utm_medium=api&utm_source=026f28a2&v=AD7E0AD9ECFE28736BE2CA45618D726499B1AAB2""}, {""source"": ""Adzuna"", ""url"": ""https://www.adzuna.co.uk/jobs/land/ad/5601265217?se=lAi-scgA8RGI2N0cIjSMgQ&utm_medium=api&utm_source=026f28a2&v=62A8185EE2F0F1469869779EE19FAAB39925E1B2""}, {""source"": ""Adzuna"", ""url"": ""https://www.adzuna.co.uk/jobs/land/ad/5569059416?se=lAi-scgA8RGI2N0cIjSMgQ&utm_medium=api&utm_source=026f28a2&v=7818F25CDAB2A208FA2B74838BC52BECFAC18015""}, {""source"": ""Adzuna"", ""url"": ""https://www.adzuna.co.uk/jobs/land/ad/5586126839?se=lAi-scgA8RGI2N0cIjSMgQ&utm_medium=api&utm_source=026f28a2&v=49D7F2A5495E103F4BDA1AD0E99373644813B4DB""}, {""source"": ""Adzuna"", ""url"": ""https://www.adzuna.co.uk/jobs/land/ad/5591736607?se=lAi-scgA8RGI2N0cIjSMgQ&utm_medium=api&utm_source=026f28a2&v=4399A0985C0F635251B584F96EDD2A3FF2B46060""}, {""source"": ""Adzuna"", ""url"": ""https://www.adzuna.co.uk/jobs/details/5588553564?utm_medium=api&utm_source=026f28a2""}, {""source"": ""Adzuna"", ""url"": ""https://www.adzuna.co.uk/jobs/details/5570830577?utm_medium=api&utm_source=026f28a2""}, {""source"": ""Adzuna"", ""url"": ""https://www.adzuna.co.uk/jobs/details/5609959190?utm_medium=api&utm_source=026f28a2""}, {""source"": ""Adzuna"", ""url"": ""https://www.adzuna.co.uk/jobs/details/5594178518?utm_medium=api&utm_source=026f28a2""}, {""source"": ""Adzuna"", ""url"": ""https://www.adzuna.co.uk/jobs/land/ad/5571400039?se=lAi-scgA8RGI2N0cIjSMgQ&utm_medium=api&utm_source=026f28a2&v=E6C01041E25E3C0AF00B978F622007FDE2AE975F""}, {""source"": ""Adzuna"", ""url"": ""https://www.adzuna.co.uk/jobs/details/5592975399?utm_medium=api&utm_source=026f28a2""}, {""source"": ""Adzuna"", ""url"": ""https://www.adzuna.co.uk/jobs/details/5591384079?utm_medium=api&utm_source=026f28a2""}, {""source"": ""Adzuna"", ""url"": ""https://www.adzuna.co.uk/jobs/details/5555365268?utm_medium=api&utm_source=026f28a2""}, {""source"": ""Adzuna"", ""url"": ""https://www.adzuna.co.uk/jobs/details/5601325942?utm_medium=api&utm_source=026f28a2""}, {""source"": ""Adzuna"", ""url"": ""https://www.adzuna.co.uk/jobs/details/5450202939?utm_medium=api&utm_source=026f28a2""}, {""source"": ""Adzuna"", ""url"": ""https://www.adzuna.co.uk/jobs/details/5560977524?utm_medium=api&utm_source=026f28a2""}, {""source"": ""Adzuna"", ""url"": ""https://www.adzuna.co.uk/jobs/land/ad/5529202791?se=lAi-scgA8RGI2N0cIjSMgQ&utm_medium=api&utm_source=026f28a2&v=FFC847FC827FFC052783D5F5DFA5A852E7A0B419""}, {""source"": ""Adzuna"", ""url"": ""https://www.adzuna.co.uk/jobs/details/5594543743?utm_medium=api&utm_source=026f28a2""}, {""source"": ""Adzuna"", ""url"": ""https://www.adzuna.co.uk/jobs/details/5590967793?utm_medium=api&utm_source=026f28a2""}, {""source"": ""Adzuna"", ""url"": ""https://www.adzuna.co.uk/jobs/details/5603162066?utm_medium=api&utm_source=026f28a2""}, {""source"": ""Adzuna"", ""url"": ""https://www.adzuna.co.uk/jobs/details/5611195688?utm_medium=api&utm_source=026f28a2""}, {""source"": ""Adzuna"", ""url"": ""https://www.adzuna.co.uk/jobs/details/5611129218?utm_medium=api&utm_source=026f28a2""}, {""source"": ""Adzuna"", ""url"": ""https://www.adzuna.co.uk/jobs/land/ad/5551862738?se=lAi-scgA8RGI2N0cIjSMgQ&utm_medium=api&utm_source=026f28a2&v=D9E99733C385AA4406CD0B165654A10687A668BA""}, {""source"": ""Adzuna"", ""url"": ""https://www.adzuna.co.uk/jobs/details/5572975760?utm_medium=api&utm_source=026f28a2""}, {""source"": ""Adzuna"", ""url"": ""https://www.adzuna.co.uk/jobs/details/5573648452?utm_medium=api&utm_source=026f28a2""}, {""source"": ""Adzuna"", ""url"": ""https://www.adzuna.co.uk/jobs/details/5611193641?utm_medium=api&utm_source=026f28a2""}, {""source"": ""Adzuna"", ""url"": ""https://www.adzuna.co.uk/jobs/details/5591947549?utm_medium=api&utm_source=026f28a2""}, {""source"": ""Adzuna"", ""url"": ""https://www.adzuna.co.uk/jobs/details/5611194315?utm_medium=api&utm_source=026f28a2""}, {""source"": ""Adzuna"", ""url"": ""https://www.adzuna.co.uk/jobs/details/5586340125?utm_medium=api&utm_source=026f28a2""}, {""source"": ""Adzuna"", ""url"": ""https://www.adzuna.co.uk/jobs/details/5595030171?utm_medium=api&utm_source=026f28a2""}, {""source"": ""Adzuna"", ""url"": ""https://www.adzuna.co.uk/jobs/details/5583397376?utm_medium=api&utm_source=026f28a2""}, {""source"": ""Adzuna"", ""url"": ""https://www.adzuna.co.uk/jobs/details/5583399676?utm_medium=api&utm_source=026f28a2""}, {""source"": ""Adzuna"", ""url"": ""https://www.adzuna.co.uk/jobs/details/5572695731?utm_medium=api&utm_source=026f28a2""}, {""source"": ""Adzuna"", ""url"": ""https://www.adzuna.co.uk/jobs/details/5546899070?utm_medium=api&utm_source=026f28a2""}, {""source"": ""Adzuna"", ""url"": ""https://www.adzuna.co.uk/jobs/details/5589104970?utm_medium=api&utm_source=026f28a2""}, {""source"": ""Adzuna"", ""url"": ""https://www.adzuna.co.uk/jobs/details/5605329049?utm_medium=api&utm_source=026f28a2""}]"
Devops Engineer (Edv Cleared),Engineering,1,Cheltenham,Senior,On-site,['C++'],"[{""source"": ""Adzuna"", ""url"": ""https://www.adzuna.co.uk/jobs/land/ad/5569673694?se=qqN8sMgA8RGI2N0cIjSMgQ&utm_medium=api&utm_source=026f28a2&v=AC24AEA7776E69DE7AFC981DBC9068C5FAD7A9BC""}]"
Devops Engineer - Azure Devops  Some Aws,Engineering,1,East Midlands,Senior,Hybrid,"['AWS', 'Azure']","[{""source"": ""Adzuna"", ""url"": ""https://www.adzuna.co.uk/jobs/land/ad/5609966910?se=qqN8sMgA8RGI2N0cIjSMgQ&utm_medium=api&utm_source=026f28a2&v=1F9633452009225D21177AA866E9DDE0D8B57948""}]"
Devops Engineer - Golang,Engineering,1,South East London,Senior,Remote,['AWS'],"[{""source"": ""Adzuna"", ""url"": ""https://www.adzuna.co.uk/jobs/land/ad/5611133987?se=qqN8sMgA8RGI2N0cIjSMgQ&utm_medium=api&utm_source=026f28a2&v=1241A1607E1244C4135CA484FB5C671961EF91E9""}]"
Devops Engineer - Sc Cleared - Aws,Engineering,1,Tewkesbury,Senior,Hybrid,['Python'],"[{""source"": ""Adzuna"", ""url"": ""https://www.adzuna.co.uk/jobs/land/ad/5608813372?se=qqN8sMgA8RGI2N0cIjSMgQ&utm_medium=api&utm_source=026f28a2&v=EAB6010A644D2503CD6CB193AD55F9C33F4EF9D1""}]"
Devops Engineer - Trading Infrastructure,Engineering,1,London,Senior,On-site,"['Problem Solving', 'System Design']","[{""source"": ""Adzuna"", ""url"": ""https://www.adzuna.co.uk/jobs/land/ad/5600850572?se=qqN8sMgA8RGI2N0cIjSMgQ&utm_medium=api&utm_source=026f28a2&v=62862BFCF4464EEF23FF705F708E90343B7FB26A""}]"
Devops Support Engineer,Engineering,1,Belfast,Mid,On-site,"['Problem Solving', 'System Design']","[{""source"": ""Adzuna"", ""url"": ""https://www.adzuna.co.uk/jobs/land/ad/5585540863?se=qqN8sMgA8RGI2N0cIjSMgQ&utm_medium=api&utm_source=026f28a2&v=0D305EB83F982A2C9C6988E022B9AE96083DD0D9""}]"
Digital Analytics Manager,Data,1,Shendish,Senior,On-site,"['Data Analysis', 'SQL']","[{""source"": ""Adzuna"", ""url"": ""https://www.adzuna.co.uk/jobs/land/ad/5606251335?se=3GmBvcgA8RGhuY8Zc5lhIQ&utm_medium=api&utm_source=026f28a2&v=85B9C406DE88A3C802AE495364B429098B2DB19A""}]"
Digital Finance Product Manager,Product,1,Belfast,Mid,On-site,"['Roadmapping', 'Stakeholder Management']","[{""source"": ""Adzuna"", ""url"": ""https://www.adzuna.co.uk/jobs/land/ad/5605781850?se=sgdRwMgA8RGhuY8Zc5lhIQ&utm_medium=api&utm_source=026f28a2&v=0015AD4E88005D97FE726B31E0C9AE4AAF368795""}]"
Digital Marketing,Marketing,5,"Horsham, Grayswood, Chichester",Mid,Hybrid,"['Campaigns', 'SEO']","[{""source"": ""Adzuna"", ""url"": ""https://www.adzuna.co.uk/jobs/land/ad/5584277973?se=JLi00MgA8RG27sBWXwN7yg&utm_medium=api&utm_source=026f28a2&v=ECC785535C99A25638E6F7C07568F2C483B23C41""}, {""source"": ""Adzuna"", ""url"": ""https://www.adzuna.co.uk/jobs/land/ad/5584277974?se=JLi00MgA8RG27sBWXwN7yg&utm_medium=api&utm_source=026f28a2&v=8E50716E04FFD2CF4D2A847D923379BCF298CA85""}, {""source"": ""Adzuna"", ""url"": ""https://www.adzuna.co.uk/jobs/land/ad/5584278030?se=JLi00MgA8RG27sBWXwN7yg&utm_medium=api&utm_source=026f28a2&v=E17CF5B1CAF6EB49CB4B6CF077EAFA447058CC38""}, {""source"": ""Adzuna"", ""url"": ""https://www.adzuna.co.uk/jobs/land/ad/5584278055?se=JLi00MgA8RG27sBWXwN7yg&utm_medium=api&utm_source=026f28a2&v=F6F73BC3D9F09604EB0CDC763856BCE58CD97457""}, {""source"": ""Adzuna"", ""url"": ""https://www.adzuna.co.uk/jobs/details/4500003856?utm_medium=api&utm_source=026f28a2""}]"
Digital Marketing - Digital Marketing Coordinator,Marketing,1,Seafield,Senior,On-site,"['Campaigns', 'SEO']","[{""source"": ""Adzuna"", ""url"": ""https://www.adzuna.co.uk/jobs/details/5591179285?utm_medium=api&utm_source=026f28a2""}]"
Digital Marketing Apprentice,Marketing,3,"Beechwood, Sawston, Crookedholm",Mid,On-site,"['Campaigns', 'SEO']","[{""source"": ""Adzuna"", ""url"": ""https://www.adzuna.co.uk/jobs/land/ad/5580459036?se=JLi00MgA8RG27sBWXwN7yg&utm_medium=api&utm_source=026f28a2&v=41FA373260BD485D304D7B5A714753807303AB5C""}, {""source"": ""Adzuna"", ""url"": ""https://www.adzuna.co.uk/jobs/land/ad/5585183268?se=JLi00MgA8RG27sBWXwN7yg&utm_medium=api&utm_source=026f28a2&v=C38836E2D86265B6A9E58977BF4F616810F852A1""}, {""source"": ""Adzuna"", ""url"": ""https://www.adzuna.co.uk/jobs/land/ad/5603324263?se=JLi00MgA8RG27sBWXwN7yg&utm_medium=api&utm_source=026f28a2&v=0C53A46A6FE3A8B25426686282DC6A9262DAF359""}]"
Digital Marketing Apprenticeship,Marketing,3,"Sawston, Warwick, Bocking",Senior,On-site,"['Campaigns', 'SEO']","[{""source"": ""Adzuna"", ""url"": ""https://www.adzuna.co.uk/jobs/land/ad/5584778265?se=JLi00MgA8RG27sBWXwN7yg&utm_medium=api&utm_source=026f28a2&v=4EB13FAD83D8A9BCB55C5186735575FC84E834F7""}, {""source"": ""Adzuna"", ""url"": ""https://www.adzuna.co.uk/jobs/land/ad/5585183266?se=JLi00MgA8RG27sBWXwN7yg&utm_medium=api&utm_source=026f28a2&v=1A50139954566CEFA3ADCCA63ACDA0976B4336DE""}, {""source"": ""Adzuna"", ""url"": ""https://www.adzuna.co.uk/jobs/land/ad/5584778083?se=JLi00MgA8RG27sBWXwN7yg&utm_medium=api&utm_source=026f28a2&v=2E789813BED89C6403D0A0F3E633961CBE01A493""}]"
Digital Marketing Assistant,Marketing,3,"Forkhill, London, Sparkbrook",Mid,On-site,"['Campaigns', 'SEO']","[{""source"": ""Adzuna"", ""url"": ""https://www.adzuna.co.uk/jobs/details/5507928889?utm_medium=api&utm_source=026f28a2""}, {""source"": ""Adzuna"", ""url"": ""https://www.adzuna.co.uk/jobs/land/ad/5288703583?se=Utv90cgA8RGI2N0cIjSMgQ&utm_medium=api&utm_source=026f28a2&v=6C59FA478777813FBF64DE80218EAF878DA0D9AC""}, {""source"": ""Adzuna"", ""url"": ""https://www.adzuna.co.uk/jobs/land/ad/5593894846?se=Utv90cgA8RGI2N0cIjSMgQ&utm_medium=api&utm_source=026f28a2&v=FBB4447687F99BB6D2D073BC93E9A437D1E40310""}]"
Digital Marketing Associate,Marketing,1,London,Mid,Remote,"['Campaigns', 'SEO']","[{""source"": ""Adzuna"", ""url"": ""https://www.adzuna.co.uk/jobs/land/ad/5288700780?se=Utv90cgA8RGI2N0cIjSMgQ&utm_medium=api&utm_source=026f28a2&v=455FA8EEA9E4C3ABD067416BFA06BC6E1E285602""}]"
Digital Marketing Coach,Marketing,1,UK,Mid,On-site,"['Campaigns', 'SEO']","[{""source"": ""Adzuna"", ""url"": ""https://www.adzuna.co.uk/jobs/details/5415417122?utm_medium=api&utm_source=026f28a2""}]"
Digital Marketing Consultant,Marketing,1,London,Mid,Remote,"['Campaigns', 'SEO']","[{""source"": ""Adzuna"", ""url"": ""https://www.adzuna.co.uk/jobs/land/ad/5288700226?se=Utv90cgA8RGI2N0cIjSMgQ&utm_medium=api&utm_source=026f28a2&v=CB71FF614C52B064B5AD1EC1D22585A873BAF5DE""}]"
Digital Marketing Consultant (Paid Media),Marketing,1,New Bilton,Senior,On-site,"['Campaigns', 'SEO']","[{""source"": ""Adzuna"", ""url"": ""https://www.adzuna.co.uk/jobs/land/ad/5590361279?se=JLi00MgA8RG27sBWXwN7yg&utm_medium=api&utm_source=026f28a2&v=F2FBAC02152821836CAB4860D262A54BFDA14458""}]"
Digital Marketing Coordinator,Marketing,3,"North West England, Farringdon, London",Mid,Hybrid,"['Campaigns', 'SEO']","[{""source"": ""Adzuna"", ""url"": ""https://www.adzuna.co.uk/jobs/land/ad/5572722450?se=JLi00MgA8RG27sBWXwN7yg&utm_medium=api&utm_source=026f28a2&v=DB129CE9F2DE387DE26E0CC43FAD478C2297F5DD""}, {""source"": ""Adzuna"", ""url"": ""https://www.adzuna.co.uk/jobs/details/5514600755?utm_medium=api&utm_source=026f28a2""}, {""source"": ""Adzuna"", ""url"": ""https://www.adzuna.co.uk/jobs/land/ad/5288706309?se=Utv90cgA8RGI2N0cIjSMgQ&utm_medium=api&utm_source=026f28a2&v=5C63B9F860D92B6ECD0DBB8998C171F7E8C468EB""}]"
Digital Marketing Copywriter,Marketing,1,Derby,Mid,On-site,"['Campaigns', 'SEO']","[{""source"": ""Adzuna"", ""url"": ""https://www.adzuna.co.uk/jobs/land/ad/5594071431?se=Utv90cgA8RGI2N0cIjSMgQ&utm_medium=api&utm_source=026f28a2&v=91F4AE0A81C7CBD3B4418CF06600E91A4D8E0F3F""}]"
Digital Marketing Executive,Marketing,43,"Doncaster, Chichester, Fulwood",Mid,On-site,"['C++', 'Campaigns', 'SEO']","[{""source"": ""Adzuna"", ""url"": ""https://www.adzuna.co.uk/jobs/land/ad/5607335986?se=JLi00MgA8RG27sBWXwN7yg&utm_medium=api&utm_source=026f28a2&v=0EA129A61CF71BA2186F5CEFDCDFA6F100D6CC99""}, {""source"": ""Adzuna"", ""url"": ""https://www.adzuna.co.uk/jobs/land/ad/5598789966?se=JLi00MgA8RG27sBWXwN7yg&utm_medium=api&utm_source=026f28a2&v=48373467A1923CFDD762E5339712DA9D08E7A438""}, {""source"": ""Adzuna"", ""url"": ""https://www.adzuna.co.uk/jobs/land/ad/5585988119?se=JLi00MgA8RG27sBWXwN7yg&utm_medium=api&utm_source=026f28a2&v=F851659195F11A8EE01DE99C7218215705437088""}, {""source"": ""Adzuna"", ""url"": ""https://www.adzuna.co.uk/jobs/land/ad/5597625660?se=JLi00MgA8RG27sBWXwN7yg&utm_medium=api&utm_source=026f28a2&v=097846B61C0842BAA5E3908986B3353169F3DDB4""}, {""source"": ""Adzuna"", ""url"": ""https://www.adzuna.co.uk/jobs/land/ad/5588370697?se=JLi00MgA8RG27sBWXwN7yg&utm_medium=api&utm_source=026f28a2&v=967664905902394B3FD33F145A49034F9F523F89""}, {""source"": ""Adzuna"", ""url"": ""https://www.adzuna.co.uk/jobs/land/ad/5570834263?se=JLi00MgA8RG27sBWXwN7yg&utm_medium=api&utm_source=026f28a2&v=C52755F6CF100AACEDD9E730C2E97D374A54C80A""}, {""source"": ""Adzuna"", ""url"": ""https://www.adzuna.co.uk/jobs/land/ad/5572722456?se=JLi00MgA8RG27sBWXwN7yg&utm_medium=api&utm_source=026f28a2&v=BBCE068D46527E93E0A217BFC2568C7153F73D24""}, {""source"": ""Adzuna"", ""url"": ""https://www.adzuna.co.uk/jobs/land/ad/5583597792?se=JLi00MgA8RG27sBWXwN7yg&utm_medium=api&utm_source=026f28a2&v=69BB2E6D86EE7497FBD8FFAE3B1D0A8F7031BCB5""}, {""source"": ""Adzuna"", ""url"": ""https://www.adzuna.co.uk/jobs/land/ad/5590671127?se=JLi00MgA8RG27sBWXwN7yg&utm_medium=api&utm_source=026f28a2&v=88D7906887A5EBF48A82708872604682FFEE2857""}, {""source"": ""Adzuna"", ""url"": ""https://www.adzuna.co.uk/jobs/land/ad/5591146134?se=JLi00MgA8RG27sBWXwN7yg&utm_medium=api&utm_source=026f28a2&v=0EFCF0AC94707FB4676653C82344B14F7471A6E0""}, {""source"": ""Adzuna"", ""url"": ""https://www.adzuna.co.uk/jobs/details/5587919911?utm_medium=api&utm_source=026f28a2""}, {""source"": ""Adzuna"", ""url"": ""https://www.adzuna.co.uk/jobs/details/5603160355?utm_medium=api&utm_source=026f28a2""}, {""source"": ""Adzuna"", ""url"": ""https://www.adzuna.co.uk/jobs/land/ad/5606049607?se=JLi00MgA8RG27sBWXwN7yg&utm_medium=api&utm_source=026f28a2&v=DF0AF0BAE205E265FB1C4203E492BF22BAA4279F""}, {""source"": ""Adzuna"", ""url"": ""https://www.adzuna.co.uk/jobs/details/5606132004?utm_medium=api&utm_source=026f28a2""}, {""source"": ""Adzuna"", ""url"": ""https://www.adzuna.co.uk/jobs/details/5577149018?utm_medium=api&utm_source=026f28a2""}, {""source"": ""Adzuna"", ""url"": ""https://www.adzuna.co.uk/jobs/details/5604398016?utm_medium=api&utm_source=026f28a2""}, {""source"": ""Adzuna"", ""url"": ""https://www.adzuna.co.uk/jobs/details/5576998119?utm_medium=api&utm_source=026f28a2""}, {""source"": ""Adzuna"", ""url"": ""https://www.adzuna.co.uk/jobs/details/5580646406?utm_medium=api&utm_source=026f28a2""}, {""source"": ""Adzuna"", ""url"": ""https://www.adzuna.co.uk/jobs/land/ad/5288700533?se=Utv90cgA8RGI2N0cIjSMgQ&utm_medium=api&utm_source=026f28a2&v=1386309A911198D94AE4AB0394F51EAF35F47FAD""}, {""source"": ""Adzuna"", ""url"": ""https://www.adzuna.co.uk/jobs/land/ad/5586057837?se=Utv90cgA8RGI2N0cIjSMgQ&utm_medium=api&utm_source=026f28a2&v=41F1A6031F8EA8782974988E6A46ACEE54C65EAE""}, {""source"": ""Adzuna"", ""url"": ""https://www.adzuna.co.uk/jobs/land/ad/5597140505?se=Utv90cgA8RGI2N0cIjSMgQ&utm_medium=api&utm_source=026f28a2&v=19279998470EF3708450791D30EB7B7A3F4F138D""}, {""source"": ""Adzuna"", ""url"": ""https://www.adzuna.co.uk/jobs/land/ad/5604713284?se=Utv90cgA8RGI2N0cIjSMgQ&utm_medium=api&utm_source=026f28a2&v=36AB0F28DE997873ADE2C5F65BE2629E0245BD32""}, {""source"": ""Adzuna"", ""url"": ""https://www.adzuna.co.uk/jobs/land/ad/5604713302?se=Utv90cgA8RGI2N0cIjSMgQ&utm_medium=api&utm_source=026f28a2&v=5E8F8A9C771FD9809C52EAC43C2D3E2734D9B606""}, {""source"": ""Adzuna"", ""url"": ""https://www.adzuna.co.uk/jobs/land/ad/5583018627?se=Utv90cgA8RGI2N0cIjSMgQ&utm_medium=api&utm_source=026f28a2&v=518B62AC803739586FC6CA080A3299AFC663D3C0""}, {""source"": ""Adzuna"", ""url"": ""https://www.adzuna.co.uk/jobs/land/ad/5601024334?se=Utv90cgA8RGI2N0cIjSMgQ&utm_medium=api&utm_source=026f28a2&v=56709BB39EDEC370E86538282371DCB721C0D5B4""}, {""source"": ""Adzuna"", ""url"": ""https://www.adzuna.co.uk/jobs/land/ad/5569850380?se=Utv90cgA8RGI2N0cIjSMgQ&utm_medium=api&utm_source=026f28a2&v=9083D093D5AEA08441CC6B5DF710A3A032417A24""}, {""source"": ""Adzuna"", ""url"": ""https://www.adzuna.co.uk/jobs/land/ad/5559136824?se=Utv90cgA8RGI2N0cIjSMgQ&utm_medium=api&utm_source=026f28a2&v=FD57F955C8D6213C2E3A2A524240206AC985DA7B""}, {""source"": ""Adzuna"", ""url"": ""https://www.adzuna.co.uk/jobs/land/ad/5597808520?se=Utv90cgA8RGI2N0cIjSMgQ&utm_medium=api&utm_source=026f28a2&v=0023D2A651E63051BA2D2187EB3D676E68E2CF3A""}, {""source"": ""Adzuna"", ""url"": ""https://www.adzuna.co.uk/jobs/land/ad/5603941631?se=Utv90cgA8RGI2N0cIjSMgQ&utm_medium=api&utm_source=026f28a2&v=B1CA041236DE8CA7F9E642ADC02B6C8CE6E76934""}, {""source"": ""Adzuna"", ""url"": ""https://www.adzuna.co.uk/jobs/land/ad/5518349678?se=Utv90cgA8RGI2N0cIjSMgQ&utm_medium=api&utm_source=026f28a2&v=102A05A03AFEC696E8A67558CE3D23BDFAC8F147""}, {""source"": ""Adzuna"", ""url"": ""https://www.adzuna.co.uk/jobs/land/ad/5587828994?se=Utv90cgA8RGI2N0cIjSMgQ&utm_medium=api&utm_source=026f28a2&v=53515986913EE7D869FE02E59F977AEA0B9CEE44""}, {""source"": ""Adzuna"", ""url"": ""https://www.adzuna.co.uk/jobs/land/ad/5572716775?se=Utv90cgA8RGI2N0cIjSMgQ&utm_medium=api&utm_source=026f28a2&v=0F8FE5E18268FBB6A70A58E9C4DE7B458DBBF201""}, {""source"": ""Adzuna"", ""url"": ""https://www.adzuna.co.uk/jobs/land/ad/5573971337?se=Utv90cgA8RGI2N0cIjSMgQ&utm_medium=api&utm_source=026f28a2&v=6EB6CC6B49EC290E61A8E85BCEC44503C400BD7F""}, {""source"": ""Adzuna"", ""url"": ""https://www.adzuna.co.uk/jobs/land/ad/5552929176?se=Utv90cgA8RGI2N0cIjSMgQ&utm_medium=api&utm_source=026f28a2&v=0A25C50475F906D3B196B2934839CF6524C3DC34""}, {""source"": ""Adzuna"", ""url"": ""https://www.adzuna.co.uk/jobs/land/ad/5583018609?se=Utv90cgA8RGI2N0cIjSMgQ&utm_medium=api&utm_source=026f28a2&v=F15859FE4B0F5D181F7D8E36A69C37A090023882""}, {""source"": ""Adzuna"", ""url"": ""https://www.adzuna.co.uk/jobs/land/ad/5568701958?se=Utv90cgA8RGI2N0cIjSMgQ&utm_medium=api&utm_source=026f28a2&v=C232925D38ABB9D9410940E9DF30931FE962A1F7""}, {""source"": ""Adzuna"", ""url"": ""https://www.adzuna.co.uk/jobs/land/ad/5603321148?se=Utv90cgA8RGI2N0cIjSMgQ&utm_medium=api&utm_source=026f28a2&v=DF0377AF5A9531943AF371121043B312A87ED704""}, {""source"": ""Adzuna"", ""url"": ""https://www.adzuna.co.uk/jobs/land/ad/5571407048?se=Utv90cgA8RGI2N0cIjSMgQ&utm_medium=api&utm_source=026f28a2&v=4EF6304069DFA57212C60F80A4457366F1DDDA7B""}, {""source"": ""Adzuna"", ""url"": ""https://www.adzuna.co.uk/jobs/land/ad/5595649405?se=Utv90cgA8RGI2N0cIjSMgQ&utm_medium=api&utm_source=026f28a2&v=F651B70B8375CEC6DC1948ACA869B3726249F288""}, {""source"": ""Adzuna"", ""url"": ""https://www.adzuna.co.uk/jobs/land/ad/5580809673?se=Utv90cgA8RGI2N0cIjSMgQ&utm_medium=api&utm_source=026f28a2&v=EDF0AD64FC47B76E63E76CCA8176DA061D2D6153""}, {""source"": ""Adzuna"", ""url"": ""https://www.adzuna.co.uk/jobs/land/ad/5570514919?se=Utv90cgA8RGI2N0cIjSMgQ&utm_medium=api&utm_source=026f28a2&v=B46B65096BBB5D273089CB1C32A6C4E2A864474F""}, {""source"": ""Adzuna"", ""url"": ""https://www.adzuna.co.uk/jobs/land/ad/5570515322?se=Utv90cgA8RGI2N0cIjSMgQ&utm_medium=api&utm_source=026f28a2&v=15D23A1725770C1BF2E9E297924012A830ED7DAE""}, {""source"": ""Adzuna"", ""url"": ""https://www.adzuna.co.uk/jobs/land/ad/5574747474?se=Utv90cgA8RGI2N0cIjSMgQ&utm_medium=api&utm_source=026f28a2&v=493AE76E22E548BA058D4EB8542B80864D866287""}]"
Digital Marketing Lead,Marketing,2,"London, Linford Wood",Mid,Remote,"['Campaigns', 'SEO']","[{""source"": ""Adzuna"", ""url"": ""https://www.adzuna.co.uk/jobs/land/ad/5288705250?se=Utv90cgA8RGI2N0cIjSMgQ&utm_medium=api&utm_source=026f28a2&v=DEA4C93D2BBECA7F94A1821E7A54732B85230A67""}, {""source"": ""Adzuna"", ""url"": ""https://www.adzuna.co.uk/jobs/land/ad/5548544228?se=Utv90cgA8RGI2N0cIjSMgQ&utm_medium=api&utm_source=026f28a2&v=CAB1B1AEC040C72F58B7A3299212A0744EB121FB""}]"
Digital Marketing Manager,Marketing,15,"London, Droitwich, Central Park",Senior,On-site,"['Campaigns', 'SEO']","[{""source"": ""Adzuna"", ""url"": ""https://www.adzuna.co.uk/jobs/land/ad/5597041946?se=TEEuzsgA8RG27sBWXwN7yg&utm_medium=api&utm_source=026f28a2&v=5A900EC38E0B2AE5BE43FDD6B23203D7B032F3AB""}, {""source"": ""Adzuna"", ""url"": ""https://www.adzuna.co.uk/jobs/details/5606072684?utm_medium=api&utm_source=026f28a2""}, {""source"": ""Adzuna"", ""url"": ""https://www.adzuna.co.uk/jobs/details/5604398018?utm_medium=api&utm_source=026f28a2""}, {""source"": ""Adzuna"", ""url"": ""https://www.adzuna.co.uk/jobs/details/5591308916?utm_medium=api&utm_source=026f28a2""}, {""source"": ""Adzuna"", ""url"": ""https://www.adzuna.co.uk/jobs/details/5576952007?utm_medium=api&utm_source=026f28a2""}, {""source"": ""Adzuna"", ""url"": ""https://www.adzuna.co.uk/jobs/land/ad/5600192647?se=Utv90cgA8RGI2N0cIjSMgQ&utm_medium=api&utm_source=026f28a2&v=274F39877C6496E1BD742471B15AAC4E81BE38E0""}, {""source"": ""Adzuna"", ""url"": ""https://www.adzuna.co.uk/jobs/land/ad/5595346200?se=Utv90cgA8RGI2N0cIjSMgQ&utm_medium=api&utm_source=026f28a2&v=66EE78E35B31C67D1CAFE95FAEE239798FFD566C""}, {""source"": ""Adzuna"", ""url"": ""https://www.adzuna.co.uk/jobs/land/ad/5569850379?se=Utv90cgA8RGI2N0cIjSMgQ&utm_medium=api&utm_source=026f28a2&v=622640A30FB6BD729951FD15F95102EC433C1E36""}, {""source"": ""Adzuna"", ""url"": ""https://www.adzuna.co.uk/jobs/land/ad/5584109322?se=Utv90cgA8RGI2N0cIjSMgQ&utm_medium=api&utm_source=026f28a2&v=D81E7A5407AC5ABC70349869219564055D0461DC""}, {""source"": ""Adzuna"", ""url"": ""https://www.adzuna.co.uk/jobs/land/ad/5595649399?se=Utv90cgA8RGI2N0cIjSMgQ&utm_medium=api&utm_source=026f28a2&v=41A59624FE874667F2D20C77B30A61B8B887897A""}, {""source"": ""Adzuna"", ""url"": ""https://www.adzuna.co.uk/jobs/land/ad/5570506730?se=Utv90cgA8RGI2N0cIjSMgQ&utm_medium=api&utm_source=026f28a2&v=5D61D74E6BEF140C7B34EED633A5349EF6E863E1""}, {""source"": ""Adzuna"", ""url"": ""https://www.adzuna.co.uk/jobs/land/ad/5490012400?se=Utv90cgA8RGI2N0cIjSMgQ&utm_medium=api&utm_source=026f28a2&v=6C8F64357059F51BBB2490080871EF0D046358B1""}, {""source"": ""Adzuna"", ""url"": ""https://www.adzuna.co.uk/jobs/land/ad/5603434070?se=Utv90cgA8RGI2N0cIjSMgQ&utm_medium=api&utm_source=026f28a2&v=FFD149C0D3424FEC0AB77715CCD9F190A0ED0D14""}, {""source"": ""Adzuna"", ""url"": ""https://www.adzuna.co.uk/jobs/land/ad/5601968352?se=Utv90cgA8RGI2N0cIjSMgQ&utm_medium=api&utm_source=026f28a2&v=59DA013DB1A4A59A22FFF153A685896A3461CE35""}, {""source"": ""Adzuna"", ""url"": ""https://www.adzuna.co.uk/jobs/land/ad/5601197518?se=Utv90cgA8RGI2N0cIjSMgQ&utm_medium=api&utm_source=026f28a2&v=4A7461E8B8D54D76E08EF592F890BF53E1BCCC89""}]"
Digital Marketing Manager - Part Time,Marketing,1,Corby,Mid,On-site,"['Campaigns', 'SEO']","[{""source"": ""Adzuna"", ""url"": ""https://www.adzuna.co.uk/jobs/land/ad/5578103914?se=1uV2z8gA8RG27sBWXwN7yg&utm_medium=api&utm_source=026f28a2&v=C4A018EEEFCA55FEE1F4AC1F33866B06C9E2BBBE""}]"
Digital Marketing Manager. Surrey / Hybrid,Marketing,2,"Onslow Village, Berkshire",Senior,On-site,"['Campaigns', 'SEO']","[{""source"": ""Adzuna"", ""url"": ""https://www.adzuna.co.uk/jobs/land/ad/5590671263?se=1uV2z8gA8RG27sBWXwN7yg&utm_medium=api&utm_source=026f28a2&v=BC8549CB6B4EEBF1D2B363F5D284D8D46CB5EEED""}, {""source"": ""Adzuna"", ""url"": ""https://www.adzuna.co.uk/jobs/land/ad/5591145717?se=1uV2z8gA8RG27sBWXwN7yg&utm_medium=api&utm_source=026f28a2&v=62A91391C2FA6AEB6D019DBEA413B8CC0A3548B3""}]"
Digital Marketing Project Manager,Marketing,1,North West England,Senior,On-site,"['Campaigns', 'SEO']","[{""source"": ""Adzuna"", ""url"": ""https://www.adzuna.co.uk/jobs/land/ad/5569965489?se=JLi00MgA8RG27sBWXwN7yg&utm_medium=api&utm_source=026f28a2&v=B32FC0E852C22A29649441416FE1B4CD41CF5617""}]"
Digital Marketing Seo Executive,Marketing,1,Poole,Entry,On-site,"['Campaigns', 'SEO']","[{""source"": ""Adzuna"", ""url"": ""https://www.adzuna.co.uk/jobs/land/ad/5569352360?se=JLi00MgA8RG27sBWXwN7yg&utm_medium=api&utm_source=026f28a2&v=EBF74826DA8DBDE3073543130BF618069DC1BBC7""}]"
Digital Marketing Specialist,Marketing,1,London,Mid,Remote,"['Campaigns', 'SEO']","[{""source"": ""Adzuna"", ""url"": ""https://www.adzuna.co.uk/jobs/land/ad/5288700351?se=Utv90cgA8RGI2N0cIjSMgQ&utm_medium=api&utm_source=026f28a2&v=FB24D1599D4B3AB493FF2E4E1862B593FD44EA16""}]"
Digital Performance Marketing Lead,Marketing,1,Croxley Green,Senior,On-site,"['Campaigns', 'SEO']","[{""source"": ""Adzuna"", ""url"": ""https://www.adzuna.co.uk/jobs/land/ad/5602646669?se=JLi00MgA8RG27sBWXwN7yg&utm_medium=api&utm_source=026f28a2&v=9BDB89CEE7CCBE13531DFF68AC06A960A74BC9B0""}]"
Digital Product Manager,Product,1,Birmingham,Mid,On-site,"['Roadmapping', 'Stakeholder Management']","[{""source"": ""Adzuna"", ""url"": ""https://www.adzuna.co.uk/jobs/land/ad/5587704346?se=sgdRwMgA8RGhuY8Zc5lhIQ&utm_medium=api&utm_source=026f28a2&v=9DF2362AF91504F59B9D984B7D2A7100C94831AF""}]"
Digital Web Marketing Apprentice,Marketing,1,Witney,Entry,On-site,"['Campaigns', 'SEO']","[{""source"": ""Adzuna"", ""url"": ""https://www.adzuna.co.uk/jobs/land/ad/5610466452?se=JLi00MgA8RG27sBWXwN7yg&utm_medium=api&utm_source=026f28a2&v=A58B6DC2DE4C07D24D0AC315DE7329D715185B74""}]"
Director Of Analytics,Data,1,London,Mid,Remote,"['Data Analysis', 'SQL']","[{""source"": ""Adzuna"", ""url"": ""https://www.adzuna.co.uk/jobs/details/5585921882?utm_medium=api&utm_source=026f28a2""}]"
Director Of Fp&A (Pharma),Healthcare,1,London,Senior,On-site,['Clinical Knowledge'],"[{""source"": ""Adzuna"", ""url"": ""https://www.adzuna.co.uk/jobs/land/ad/5549282374?se=bhvh3cgA8RGI2N0cIjSMgQ&utm_medium=api&utm_source=026f28a2&v=7F88D0603DAC9A1B8A3D88CCD790E6925384740F""}]"
Director Of People And Culture,HR,1,Belfast,Senior,On-site,"['People Management', 'Recruitment']","[{""source"": ""Adzuna"", ""url"": ""https://www.adzuna.co.uk/jobs/land/ad/5611228370?se=FlK16cgA8RGhuY8Zc5lhIQ&utm_medium=api&utm_source=026f28a2&v=C34A57EF4D97FE43E2A7157203780F500948E468""}]"
Director Of Software Engineering - Semiconductors,Engineering,1,Town Centre,Mid,Hybrid,"['Problem Solving', 'System Design']","[{""source"": ""Adzuna"", ""url"": ""https://www.adzuna.co.uk/jobs/land/ad/5571211136?se=CkM4r8gA8RGhuY8Zc5lhIQ&utm_medium=api&utm_source=026f28a2&v=3465F12813807C5D4715550049458B3B20039AFA""}]"
"Director, Analytics",Data,1,London,Mid,On-site,"['Data Analysis', 'SQL']","[{""source"": ""Adzuna"", ""url"": ""https://www.adzuna.co.uk/jobs/details/5396110048?utm_medium=api&utm_source=026f28a2""}]"
"Director, Vaccine Clinical Research And Development (Md)",Healthcare,1,South East London,Senior,On-site,['Clinical Knowledge'],"[{""source"": ""Adzuna"", ""url"": ""https://www.adzuna.co.uk/jobs/land/ad/5601018019?se=iAcu28gA8RGV19jEQmXbTQ&utm_medium=api&utm_source=026f28a2&v=62A888682A5B05E599EF2A84577CEE96AD996CA5""}]"
"Director/Senior Director, Business Development, Mid-Size Pharma, Clinical",Healthcare,2,"London, Reading",Senior,On-site,['Clinical Knowledge'],"[{""source"": ""Adzuna"", ""url"": ""https://www.adzuna.co.uk/jobs/land/ad/5592241131?se=jBIq38gA8RGV19jEQmXbTQ&utm_medium=api&utm_source=026f28a2&v=11B4092ED766CCAE2336051E2A78F8CDF62CCE09""}, {""source"": ""Adzuna"", ""url"": ""https://www.adzuna.co.uk/jobs/details/5589880136?utm_medium=api&utm_source=026f28a2""}]"
Dv Cleared Business Analyst,Business,1,Cheltenham,Senior,On-site,"['Analysis', 'Communication']","[{""source"": ""Adzuna"", ""url"": ""https://www.adzuna.co.uk/jobs/land/ad/5611227711?se=SgmZxcgA8RG27sBWXwN7yg&utm_medium=api&utm_source=026f28a2&v=E9A8ABBBE8233D85873D3D16F12FA3D8F6737AD9""}]"
Dynamics 365 Product Owner,Product,1,Guildford,Mid,Hybrid,"['Roadmapping', 'Stakeholder Management']","[{""source"": ""Adzuna"", ""url"": ""https://www.adzuna.co.uk/jobs/land/ad/5569970833?se=wsjwwsgA8RG27sBWXwN7yg&utm_medium=api&utm_source=026f28a2&v=A54E9667B2892FDC816DB77AA5950CE2B99AEEAE""}]"
Dynamics 365 Product Owner/Business Lead,Product,1,Hulme,Senior,Hybrid,"['Roadmapping', 'Stakeholder Management']","[{""source"": ""Adzuna"", ""url"": ""https://www.adzuna.co.uk/jobs/land/ad/5576155290?se=wsjwwsgA8RG27sBWXwN7yg&utm_medium=api&utm_source=026f28a2&v=B97022A05CB2DC4D43658AF681EF837E36E25471""}]"
Ecommerce Ux Designer,Design,3,"Farringdon, London",Senior,On-site,"['UI', 'UX']","[{""source"": ""Adzuna"", ""url"": ""https://www.adzuna.co.uk/jobs/land/ad/5596215825?se=Hth35MgA8RG27sBWXwN7yg&utm_medium=api&utm_source=026f28a2&v=522750BB284D0317E2B0FFF1BF09F4F37853C00A""}, {""source"": ""Adzuna"", ""url"": ""https://www.adzuna.co.uk/jobs/details/5611195855?utm_medium=api&utm_source=026f28a2""}, {""source"": ""Adzuna"", ""url"": ""https://www.adzuna.co.uk/jobs/details/5596371104?utm_medium=api&utm_source=026f28a2""}]"
Eia Consultant/Senior Eia Consultant,Business,1,Bradford-On-Avon,Mid,On-site,"['Analysis', 'Communication']","[{""source"": ""Adzuna"", ""url"": ""https://www.adzuna.co.uk/jobs/land/ad/5610947245?se=Gt8nyMgA8RG27sBWXwN7yg&utm_medium=api&utm_source=026f28a2&v=313689D251AA9A2F34B0868CF3BE90F50A521574""}]"
Electrical Engineer,Engineering,34,"Thetford, St. Pauls, Southampton",Mid,On-site,"['Problem Solving', 'System Design']","[{""source"": ""Adzuna"", ""url"": ""https://www.adzuna.co.uk/jobs/land/ad/5592489067?se=6qMNt8gA8RGI2N0cIjSMgQ&utm_medium=api&utm_source=026f28a2&v=B5028AA9CA3F7357AE0935B0448D5A5C4C9853E0""}, {""source"": ""Adzuna"", ""url"": ""https://www.adzuna.co.uk/jobs/land/ad/5597579830?se=6qMNt8gA8RGI2N0cIjSMgQ&utm_medium=api&utm_source=026f28a2&v=9A160E81B524800A2B1639702135227F01C504D4""}, {""source"": ""Adzuna"", ""url"": ""https://www.adzuna.co.uk/jobs/land/ad/5590335970?se=6qMNt8gA8RGI2N0cIjSMgQ&utm_medium=api&utm_source=026f28a2&v=0817FDC83B4D0D10EDAEDD10B09901C987218F51""}, {""source"": ""Adzuna"", ""url"": ""https://www.adzuna.co.uk/jobs/land/ad/5600021287?se=6qMNt8gA8RGI2N0cIjSMgQ&utm_medium=api&utm_source=026f28a2&v=9B26AB8AD6639CA73CF7724FA43D1A2EAD0E5D2D""}, {""source"": ""Adzuna"", ""url"": ""https://www.adzuna.co.uk/jobs/land/ad/5604685594?se=6qMNt8gA8RGI2N0cIjSMgQ&utm_medium=api&utm_source=026f28a2&v=C42BCC180949F5D2E618A640473624B4B713FC02""}, {""source"": ""Adzuna"", ""url"": ""https://www.adzuna.co.uk/jobs/land/ad/5601759362?se=6qMNt8gA8RGI2N0cIjSMgQ&utm_medium=api&utm_source=026f28a2&v=51B476ABE1A593C5358AF87B4A205279EF7A5BDE""}, {""source"": ""Adzuna"", ""url"": ""https://www.adzuna.co.uk/jobs/land/ad/5571211503?se=6qMNt8gA8RGI2N0cIjSMgQ&utm_medium=api&utm_source=026f28a2&v=48A4A49FA5A5F7B135520E01986FE252723C8E03""}, {""source"": ""Adzuna"", ""url"": ""https://www.adzuna.co.uk/jobs/land/ad/5576093113?se=6qMNt8gA8RGI2N0cIjSMgQ&utm_medium=api&utm_source=026f28a2&v=84746B7D218EBDBD3E5A1119E79FB9D34EA907E2""}, {""source"": ""Adzuna"", ""url"": ""https://www.adzuna.co.uk/jobs/land/ad/5595316467?se=6qMNt8gA8RGI2N0cIjSMgQ&utm_medium=api&utm_source=026f28a2&v=63E7FAFE94B78E4FF08D648551B08C6E36852B4D""}, {""source"": ""Adzuna"", ""url"": ""https://www.adzuna.co.uk/jobs/land/ad/5600736194?se=6qMNt8gA8RGI2N0cIjSMgQ&utm_medium=api&utm_source=026f28a2&v=56FC38CE250CE033B4E3E780C368873D17E79C87""}, {""source"": ""Adzuna"", ""url"": ""https://www.adzuna.co.uk/jobs/land/ad/5600593998?se=6qMNt8gA8RGI2N0cIjSMgQ&utm_medium=api&utm_source=026f28a2&v=14CC7DD72A4696652B90C0861D917FA4D1478584""}, {""source"": ""Adzuna"", ""url"": ""https://www.adzuna.co.uk/jobs/land/ad/5587672727?se=6qMNt8gA8RGI2N0cIjSMgQ&utm_medium=api&utm_source=026f28a2&v=7F1280EC2B04FBECEE23F2BA07A2385BA8558647""}, {""source"": ""Adzuna"", ""url"": ""https://www.adzuna.co.uk/jobs/land/ad/5610948694?se=6qMNt8gA8RGI2N0cIjSMgQ&utm_medium=api&utm_source=026f28a2&v=44C6841DD9CD5176BF652037883A5AA27390D792""}, {""source"": ""Adzuna"", ""url"": ""https://www.adzuna.co.uk/jobs/land/ad/5590337004?se=6qMNt8gA8RGI2N0cIjSMgQ&utm_medium=api&utm_source=026f28a2&v=8AC7B3C8F8F6618C1A696D53B8DF3E76CB5E3BC8""}, {""source"": ""Adzuna"", ""url"": ""https://www.adzuna.co.uk/jobs/land/ad/5572666751?se=6qMNt8gA8RGI2N0cIjSMgQ&utm_medium=api&utm_source=026f28a2&v=C394C367DC9571CBFEA30174A34CD2603973A52C""}, {""source"": ""Adzuna"", ""url"": ""https://www.adzuna.co.uk/jobs/land/ad/5608589400?se=6qMNt8gA8RGI2N0cIjSMgQ&utm_medium=api&utm_source=026f28a2&v=D335CB3CE76FB15A327B692882757E05E449FC92""}, {""source"": ""Adzuna"", ""url"": ""https://www.adzuna.co.uk/jobs/land/ad/5587672639?se=6qMNt8gA8RGI2N0cIjSMgQ&utm_medium=api&utm_source=026f28a2&v=C2A998CC929830C319EAF941607BD2752CC99A29""}, {""source"": ""Adzuna"", ""url"": ""https://www.adzuna.co.uk/jobs/land/ad/5592137878?se=6qMNt8gA8RGI2N0cIjSMgQ&utm_medium=api&utm_source=026f28a2&v=B52AFFB0AACE9F52999F63D54FE92C32A58C1253""}, {""source"": ""Adzuna"", ""url"": ""https://www.adzuna.co.uk/jobs/land/ad/5606063278?se=6qMNt8gA8RGI2N0cIjSMgQ&utm_medium=api&utm_source=026f28a2&v=0BEDE70889FDED3E072957D95FDED216066EA23D""}, {""source"": ""Adzuna"", ""url"": ""https://www.adzuna.co.uk/jobs/land/ad/5591746094?se=6qMNt8gA8RGI2N0cIjSMgQ&utm_medium=api&utm_source=026f28a2&v=B8225CD748BC2D63157A6743089E52BBEACCAC08""}, {""source"": ""Adzuna"", ""url"": ""https://www.adzuna.co.uk/jobs/land/ad/5580332823?se=6qMNt8gA8RGI2N0cIjSMgQ&utm_medium=api&utm_source=026f28a2&v=9A636BFB8D1E9393CFE154901AA0FDD4E1DE5AB5""}, {""source"": ""Adzuna"", ""url"": ""https://www.adzuna.co.uk/jobs/land/ad/5606864596?se=6qMNt8gA8RGI2N0cIjSMgQ&utm_medium=api&utm_source=026f28a2&v=8953293D842300F1ACE49691EB1E4FECB1445BBA""}, {""source"": ""Adzuna"", ""url"": ""https://www.adzuna.co.uk/jobs/land/ad/5605930659?se=6qMNt8gA8RGI2N0cIjSMgQ&utm_medium=api&utm_source=026f28a2&v=476568F399331109D967D3ECE5D741DA182FEF27""}, {""source"": ""Adzuna"", ""url"": ""https://www.adzuna.co.uk/jobs/land/ad/5606063319?se=6qMNt8gA8RGI2N0cIjSMgQ&utm_medium=api&utm_source=026f28a2&v=7FAA8DB17E98568D6CEF72BE3964C2C19391A6D0""}, {""source"": ""Adzuna"", ""url"": ""https://www.adzuna.co.uk/jobs/land/ad/5604022376?se=6qMNt8gA8RGI2N0cIjSMgQ&utm_medium=api&utm_source=026f28a2&v=DFA13394BD34BD9E77F4DD4025F7661B63D08FBB""}, {""source"": ""Adzuna"", ""url"": ""https://www.adzuna.co.uk/jobs/land/ad/5596973355?se=6qMNt8gA8RGI2N0cIjSMgQ&utm_medium=api&utm_source=026f28a2&v=3435952E39C2CDD732B8A840CC5136C52917E44B""}, {""source"": ""Adzuna"", ""url"": ""https://www.adzuna.co.uk/jobs/land/ad/5589110716?se=6qMNt8gA8RGI2N0cIjSMgQ&utm_medium=api&utm_source=026f28a2&v=76A5AFF69942AEFB551F998184D4C06BEDCEDB03""}, {""source"": ""Adzuna"", ""url"": ""https://www.adzuna.co.uk/jobs/land/ad/5580649032?se=6qMNt8gA8RGI2N0cIjSMgQ&utm_medium=api&utm_source=026f28a2&v=4EBED3CCB691891DAECD05FBC7E49A645C8F988C""}, {""source"": ""Adzuna"", ""url"": ""https://www.adzuna.co.uk/jobs/land/ad/5592497946?se=6qMNt8gA8RGI2N0cIjSMgQ&utm_medium=api&utm_source=026f28a2&v=4113D47F97CCFB72BF0315CE94C6D75B331DEDE7""}, {""source"": ""Adzuna"", ""url"": ""https://www.adzuna.co.uk/jobs/land/ad/5610070199?se=6qMNt8gA8RGI2N0cIjSMgQ&utm_medium=api&utm_source=026f28a2&v=D30AE3D19ADCACEE495F818FDEF64C416F71830C""}, {""source"": ""Adzuna"", ""url"": ""https://www.adzuna.co.uk/jobs/land/ad/5573632669?se=6qMNt8gA8RGI2N0cIjSMgQ&utm_medium=api&utm_source=026f28a2&v=AF54E65C9850C959E9287528CE9435A94FBED601""}, {""source"": ""Adzuna"", ""url"": ""https://www.adzuna.co.uk/jobs/land/ad/5606063292?se=6qMNt8gA8RGI2N0cIjSMgQ&utm_medium=api&utm_source=026f28a2&v=2D20022EF5621BEDB5DE1D72615FCBBE8B19440C""}, {""source"": ""Adzuna"", ""url"": ""https://www.adzuna.co.uk/jobs/land/ad/5589110798?se=6qMNt8gA8RGI2N0cIjSMgQ&utm_medium=api&utm_source=026f28a2&v=399F56652A3C27657FE75F3CFE28F9E9DB4B39E0""}, {""source"": ""Adzuna"", ""url"": ""https://www.adzuna.co.uk/jobs/land/ad/5611428685?se=6qMNt8gA8RGI2N0cIjSMgQ&utm_medium=api&utm_source=026f28a2&v=284B6FEAD1E78AC56E50802F0273E9CB561618AF""}]"
Electrical Engineer,Healthcare,1,Pershore,Mid,On-site,['Clinical Knowledge'],"[{""source"": ""Adzuna"", ""url"": ""https://www.adzuna.co.uk/jobs/land/ad/5572722010?se=jBIq38gA8RGV19jEQmXbTQ&utm_medium=api&utm_source=026f28a2&v=44654F45651E0209773EC0E60AA3B824EEA5212C""}]"
Electrical Instrumentation Engineer,Engineering,8,"Far Arnside, The Hill, Askam-In-Furness",Mid,On-site,"['Problem Solving', 'System Design']","[{""source"": ""Adzuna"", ""url"": ""https://www.adzuna.co.uk/jobs/land/ad/5593976351?se=6qMNt8gA8RGI2N0cIjSMgQ&utm_medium=api&utm_source=026f28a2&v=3EF49E580B1CF1E4098A4146697701705C73E8F3""}, {""source"": ""Adzuna"", ""url"": ""https://www.adzuna.co.uk/jobs/land/ad/5593976350?se=6qMNt8gA8RGI2N0cIjSMgQ&utm_medium=api&utm_source=026f28a2&v=D2CDFE19325743D4E20EFD928F03986B98F08EC3""}, {""source"": ""Adzuna"", ""url"": ""https://www.adzuna.co.uk/jobs/land/ad/5593976338?se=6qMNt8gA8RGI2N0cIjSMgQ&utm_medium=api&utm_source=026f28a2&v=888FC12E5576631ED7E153D3B404D5A81A831500""}, {""source"": ""Adzuna"", ""url"": ""https://www.adzuna.co.uk/jobs/land/ad/5593976339?se=6qMNt8gA8RGI2N0cIjSMgQ&utm_medium=api&utm_source=026f28a2&v=273A9F36DE9185BBDB5E91ECD3318C1542AFB631""}, {""source"": ""Adzuna"", ""url"": ""https://www.adzuna.co.uk/jobs/land/ad/5593976340?se=6qMNt8gA8RGI2N0cIjSMgQ&utm_medium=api&utm_source=026f28a2&v=A79354E7B7D4C4332FFE481AC44F4CCCA8A380A8""}, {""source"": ""Adzuna"", ""url"": ""https://www.adzuna.co.uk/jobs/land/ad/5593976347?se=6qMNt8gA8RGI2N0cIjSMgQ&utm_medium=api&utm_source=026f28a2&v=44CFE739635B2DE169DEB2BA51243DD2122EF078""}, {""source"": ""Adzuna"", ""url"": ""https://www.adzuna.co.uk/jobs/land/ad/5593976346?se=6qMNt8gA8RGI2N0cIjSMgQ&utm_medium=api&utm_source=026f28a2&v=3D1736F01C6115AFE92A8ACCB21F5CBC5D2E9C1F""}, {""source"": ""Adzuna"", ""url"": ""https://www.adzuna.co.uk/jobs/land/ad/5593976344?se=6qMNt8gA8RGI2N0cIjSMgQ&utm_medium=api&utm_source=026f28a2&v=6A253951748A10D1C9B82FBB834891673B514463""}]"
Electrical Product Manager,Product,1,Hatfield,Mid,On-site,"['Roadmapping', 'Stakeholder Management']","[{""source"": ""Adzuna"", ""url"": ""https://www.adzuna.co.uk/jobs/land/ad/5572551440?se=sgdRwMgA8RGhuY8Zc5lhIQ&utm_medium=api&utm_source=026f28a2&v=E28576031FF5A9DB86497DA593F0655ED68FE75C""}]"
Embedded Software Engineer,Engineering,4,"Knaresborough, Weyhill, Waterloo",Mid,Hybrid,"['C++', 'Problem Solving', 'System Design']","[{""source"": ""Adzuna"", ""url"": ""https://www.adzuna.co.uk/jobs/land/ad/5603018356?se=TJbHrcgA8RGV19jEQmXbTQ&utm_medium=api&utm_source=026f28a2&v=B0BCC487090E16F375E56021C18E6A8A63C95FE3""}, {""source"": ""Adzuna"", ""url"": ""https://www.adzuna.co.uk/jobs/land/ad/5600058509?se=CkM4r8gA8RGhuY8Zc5lhIQ&utm_medium=api&utm_source=026f28a2&v=88C6D3A6C13A1D87F964683D61211B645DB79145""}, {""source"": ""Adzuna"", ""url"": ""https://www.adzuna.co.uk/jobs/land/ad/5597013790?se=CkM4r8gA8RGhuY8Zc5lhIQ&utm_medium=api&utm_source=026f28a2&v=6F54B9569ADF05CCAB960CCA81D758750E25F8B8""}, {""source"": ""Adzuna"", ""url"": ""https://www.adzuna.co.uk/jobs/land/ad/5595603070?se=CkM4r8gA8RGhuY8Zc5lhIQ&utm_medium=api&utm_source=026f28a2&v=7CFA0A36B15855CCE2081474EF204BA079E25271""}]"
Employee Relations & Human Resources Manager,HR,2,London,Senior,On-site,"['People Management', 'Recruitment']","[{""source"": ""Adzuna"", ""url"": ""https://www.adzuna.co.uk/jobs/details/5544016588?utm_medium=api&utm_source=026f28a2""}, {""source"": ""Adzuna"", ""url"": ""https://www.adzuna.co.uk/jobs/details/5546901179?utm_medium=api&utm_source=026f28a2""}]"
Engineering Manager - Data Products Technical Manager,Product,1,Manchester,Mid,On-site,"['AWS', 'Python']","[{""source"": ""Adzuna"", ""url"": ""https://www.adzuna.co.uk/jobs/land/ad/5606108889?se=JAWkwcgA8RGI2N0cIjSMgQ&utm_medium=api&utm_source=026f28a2&v=5ADE42DFADE05BAF25EF9F47C76A8F02C6D53F77""}]"
Environmental Data Scientist/Hydrologist,Data,1,Oxfordshire,Senior,On-site,"['Data Analysis', 'SQL']","[{""source"": ""Adzuna"", ""url"": ""https://www.adzuna.co.uk/jobs/land/ad/5579857857?se=3NP2usgA8RGI2N0cIjSMgQ&utm_medium=api&utm_source=026f28a2&v=505726C8BA1EB06372C6F6F3E1BB2B643241F7A3""}]"
Environmental Health Safety Specialist,Healthcare,2,"Oxford, Reading",Senior,On-site,['Clinical Knowledge'],"[{""source"": ""Adzuna"", ""url"": ""https://www.adzuna.co.uk/jobs/land/ad/5587622802?se=bhvh3cgA8RGI2N0cIjSMgQ&utm_medium=api&utm_source=026f28a2&v=50FE82E2AEA6FF9C29D6559866A2F85E613ACEF2""}, {""source"": ""Adzuna"", ""url"": ""https://www.adzuna.co.uk/jobs/land/ad/5587622861?se=bhvh3cgA8RGI2N0cIjSMgQ&utm_medium=api&utm_source=026f28a2&v=C2299B66AE902A87C01225254D235506C3633E91""}]"
Epidemiologist/Statistician (Sas And/Or R Required),Healthcare,1,Reading,Senior,On-site,['Clinical Knowledge'],"[{""source"": ""Adzuna"", ""url"": ""https://www.adzuna.co.uk/jobs/details/5586980386?utm_medium=api&utm_source=026f28a2""}]"
Er Manager,HR,1,UK,Mid,On-site,"['People Management', 'Recruitment']","[{""source"": ""Adzuna"", ""url"": ""https://www.adzuna.co.uk/jobs/details/5210487338?utm_medium=api&utm_source=026f28a2""}]"
Erp Product Owner (Ifs),Product,1,Cowley,Mid,On-site,"['Roadmapping', 'Stakeholder Management']","[{""source"": ""Adzuna"", ""url"": ""https://www.adzuna.co.uk/jobs/land/ad/5579261998?se=wsjwwsgA8RG27sBWXwN7yg&utm_medium=api&utm_source=026f28a2&v=2CE88A616BB08793EAD1A26DB94961F082315C28""}]"
Estimating Sales & Marketing Manager,Marketing,1,Watford,Senior,On-site,['Excel'],"[{""source"": ""Adzuna"", ""url"": ""https://www.adzuna.co.uk/jobs/land/ad/5587703562?se=TEEuzsgA8RG27sBWXwN7yg&utm_medium=api&utm_source=026f28a2&v=DD6EB2FB184B72AF9171F752D1B66E47C2CBD383""}]"
Eu Quality Officer,Healthcare,2,Morpeth,Mid,On-site,['Clinical Knowledge'],"[{""source"": ""Adzuna"", ""url"": ""https://www.adzuna.co.uk/jobs/land/ad/5600131005?se=jBIq38gA8RGV19jEQmXbTQ&utm_medium=api&utm_source=026f28a2&v=814810579D1534FB75A36C3CAB33F2FD92F65BF8""}, {""source"": ""Adzuna"", ""url"": ""https://www.adzuna.co.uk/jobs/details/5611344275?utm_medium=api&utm_source=026f28a2""}]"
Executive - Analytics,Data,1,UK,Mid,On-site,"['Data Analysis', 'SQL']","[{""source"": ""Adzuna"", ""url"": ""https://www.adzuna.co.uk/jobs/details/5210489340?utm_medium=api&utm_source=026f28a2""}]"
Executive Assistant,HR,1,Hailsham,Mid,On-site,"['People Management', 'Recruitment']","[{""source"": ""Adzuna"", ""url"": ""https://www.adzuna.co.uk/jobs/details/5588552877?utm_medium=api&utm_source=026f28a2""}]"
Executive Director: Bhf Data Science Centre,Data,1,UK,Mid,On-site,"['Data Analysis', 'SQL']","[{""source"": ""Adzuna"", ""url"": ""https://www.adzuna.co.uk/jobs/land/ad/5593582253?se=1rQzvMgA8RGV19jEQmXbTQ&utm_medium=api&utm_source=026f28a2&v=D896B5BCE50D503332E15EA8F16D4FD177601FC3""}]"
Executive Program In Clinical Research (Epcr),Healthcare,1,UK,Entry,On-site,['Clinical Knowledge'],"[{""source"": ""Adzuna"", ""url"": ""https://www.adzuna.co.uk/jobs/details/5210479516?utm_medium=api&utm_source=026f28a2""}]"
Experienced Clinical Research Associate,Healthcare,1,Reading,Mid,On-site,['Clinical Knowledge'],"[{""source"": ""Adzuna"", ""url"": ""https://www.adzuna.co.uk/jobs/land/ad/5470925656?se=iAcu28gA8RGV19jEQmXbTQ&utm_medium=api&utm_source=026f28a2&v=D02F0F6E2ADF073512BC13A6D651AECA5EB2ADF9""}]"
E‑Commerce Developer & Digital Marketing Specialist,Marketing,1,Clitheroe,Mid,Hybrid,['C++'],"[{""source"": ""Adzuna"", ""url"": ""https://www.adzuna.co.uk/jobs/details/5601760568?utm_medium=api&utm_source=026f28a2""}]"
Fcmo Planning Team Business Analyst,Business,1,London,Mid,Hybrid,['AWS'],"[{""source"": ""Adzuna"", ""url"": ""https://www.adzuna.co.uk/jobs/land/ad/5601954990?se=SgmZxcgA8RG27sBWXwN7yg&utm_medium=api&utm_source=026f28a2&v=D67A1A5F0FF783051A3A38FD05D799A86708367A""}]"
Female Rehabilitation Support Worker,HR,1,Barrow-In-Furness,Mid,On-site,"['People Management', 'Recruitment']","[{""source"": ""Adzuna"", ""url"": ""https://www.adzuna.co.uk/jobs/land/ad/5580499550?se=vuZb6MgA8RGV19jEQmXbTQ&utm_medium=api&utm_source=026f28a2&v=5D9A694D4025A7AEA4B2700E74589EA5DBD59204""}]"
Female Support Worker,HR,1,Bedford,Mid,On-site,"['People Management', 'Recruitment']","[{""source"": ""Adzuna"", ""url"": ""https://www.adzuna.co.uk/jobs/land/ad/5597204609?se=vuZb6MgA8RGV19jEQmXbTQ&utm_medium=api&utm_source=026f28a2&v=217DA9AA9581C9EA56F7F32F5FF32F57A09A7E6F""}]"
Female* Support Worker,HR,1,Elstow,Mid,On-site,"['People Management', 'Recruitment']","[{""source"": ""Adzuna"", ""url"": ""https://www.adzuna.co.uk/jobs/land/ad/5597139044?se=vuZb6MgA8RGV19jEQmXbTQ&utm_medium=api&utm_source=026f28a2&v=4CF4DDA4E9DE86EC2EDF675B852A9A028357C75F""}]"
Field Installation & Service Engineer,Healthcare,1,UK,Senior,On-site,['Clinical Knowledge'],"[{""source"": ""Adzuna"", ""url"": ""https://www.adzuna.co.uk/jobs/land/ad/5607506576?se=jBIq38gA8RGV19jEQmXbTQ&utm_medium=api&utm_source=026f28a2&v=17A3FAD1BAB7FE31B401315A6D539B77EB3C9AF7""}]"
Finance Analyst,Finance,37,"Liverpool, Norwich, Cheltenham",Mid,On-site,"['Accounting', 'Data Analysis', 'Reporting']","[{""source"": ""Adzuna"", ""url"": ""https://www.adzuna.co.uk/jobs/land/ad/5587820507?se=2ND21cgA8RG27sBWXwN7yg&utm_medium=api&utm_source=026f28a2&v=597ECB19946A2A097201FBA9F8DB961F39DA6DA0""}, {""source"": ""Adzuna"", ""url"": ""https://www.adzuna.co.uk/jobs/land/ad/5549283179?se=2ND21cgA8RG27sBWXwN7yg&utm_medium=api&utm_source=026f28a2&v=EB796A828F0A8A94BEE7BA61942C18AF8AF84C90""}, {""source"": ""Adzuna"", ""url"": ""https://www.adzuna.co.uk/jobs/land/ad/5549283391?se=2ND21cgA8RG27sBWXwN7yg&utm_medium=api&utm_source=026f28a2&v=E60B2D16E09AA876A98D3643F56A378748D5C78D""}, {""source"": ""Adzuna"", ""url"": ""https://www.adzuna.co.uk/jobs/land/ad/5590336509?se=2ND21cgA8RG27sBWXwN7yg&utm_medium=api&utm_source=026f28a2&v=D226AA8D79EF242B1E2CC22498F4FBACBEBBB593""}, {""source"": ""Adzuna"", ""url"": ""https://www.adzuna.co.uk/jobs/land/ad/5585492002?se=2ND21cgA8RG27sBWXwN7yg&utm_medium=api&utm_source=026f28a2&v=6777CDE544E3D973320DE7561B18D123EF792469""}, {""source"": ""Adzuna"", ""url"": ""https://www.adzuna.co.uk/jobs/land/ad/5607031514?se=2ND21cgA8RG27sBWXwN7yg&utm_medium=api&utm_source=026f28a2&v=FCC509DD9568A40D66A4C5A27772BEC183088B60""}, {""source"": ""Adzuna"", ""url"": ""https://www.adzuna.co.uk/jobs/land/ad/5602643891?se=2ND21cgA8RG27sBWXwN7yg&utm_medium=api&utm_source=026f28a2&v=07029C947A2FAD35F2327B42F05E6F81D7C7A010""}, {""source"": ""Adzuna"", ""url"": ""https://www.adzuna.co.uk/jobs/land/ad/5571252443?se=2ND21cgA8RG27sBWXwN7yg&utm_medium=api&utm_source=026f28a2&v=78611B1A99C18929168308C1AD0A17AED2951395""}, {""source"": ""Adzuna"", ""url"": ""https://www.adzuna.co.uk/jobs/land/ad/5606838742?se=2ND21cgA8RG27sBWXwN7yg&utm_medium=api&utm_source=026f28a2&v=AE4D665A6CB79EAC91FDCCDBC674D528BDEDA616""}, {""source"": ""Adzuna"", ""url"": ""https://www.adzuna.co.uk/jobs/land/ad/5583761686?se=2ND21cgA8RG27sBWXwN7yg&utm_medium=api&utm_source=026f28a2&v=A319177D7C107919F64198C3C7AAD73C22360234""}, {""source"": ""Adzuna"", ""url"": ""https://www.adzuna.co.uk/jobs/land/ad/5597081700?se=2ND21cgA8RG27sBWXwN7yg&utm_medium=api&utm_source=026f28a2&v=8FC9B0A2872B9D0890122EF0837377A0297AB76D""}, {""source"": ""Adzuna"", ""url"": ""https://www.adzuna.co.uk/jobs/details/5606130656?utm_medium=api&utm_source=026f28a2""}, {""source"": ""Adzuna"", ""url"": ""https://www.adzuna.co.uk/jobs/details/5602349255?utm_medium=api&utm_source=026f28a2""}, {""source"": ""Adzuna"", ""url"": ""https://www.adzuna.co.uk/jobs/details/5601189980?utm_medium=api&utm_source=026f28a2""}, {""source"": ""Adzuna"", ""url"": ""https://www.adzuna.co.uk/jobs/details/5516114057?utm_medium=api&utm_source=026f28a2""}, {""source"": ""Adzuna"", ""url"": ""https://www.adzuna.co.uk/jobs/details/5610729067?utm_medium=api&utm_source=026f28a2""}, {""source"": ""Adzuna"", ""url"": ""https://www.adzuna.co.uk/jobs/details/5588483742?utm_medium=api&utm_source=026f28a2""}, {""source"": ""Adzuna"", ""url"": ""https://www.adzuna.co.uk/jobs/details/5576739751?utm_medium=api&utm_source=026f28a2""}, {""source"": ""Adzuna"", ""url"": ""https://www.adzuna.co.uk/jobs/details/5593106530?utm_medium=api&utm_source=026f28a2""}, {""source"": ""Adzuna"", ""url"": ""https://www.adzuna.co.uk/jobs/land/ad/5532367948?se=xuEt18gA8RG27sBWXwN7yg&utm_medium=api&utm_source=026f28a2&v=851C0D1426B21AB3B513DD76BB6BBEC5CC77BDBA""}, {""source"": ""Adzuna"", ""url"": ""https://www.adzuna.co.uk/jobs/details/5329657064?utm_medium=api&utm_source=026f28a2""}, {""source"": ""Adzuna"", ""url"": ""https://www.adzuna.co.uk/jobs/details/5606907701?utm_medium=api&utm_source=026f28a2""}, {""source"": ""Adzuna"", ""url"": ""https://www.adzuna.co.uk/jobs/details/5597999153?utm_medium=api&utm_source=026f28a2""}, {""source"": ""Adzuna"", ""url"": ""https://www.adzuna.co.uk/jobs/land/ad/5445765316?se=xuEt18gA8RG27sBWXwN7yg&utm_medium=api&utm_source=026f28a2&v=4B66FDA5CEB42EC05D30E48A5368AB02F3AE43A8""}, {""source"": ""Adzuna"", ""url"": ""https://www.adzuna.co.uk/jobs/details/5591331564?utm_medium=api&utm_source=026f28a2""}, {""source"": ""Adzuna"", ""url"": ""https://www.adzuna.co.uk/jobs/land/ad/5608827690?se=xuEt18gA8RG27sBWXwN7yg&utm_medium=api&utm_source=026f28a2&v=C1E6D8B8A8470FE78531087C411A43E9D904C566""}, {""source"": ""Adzuna"", ""url"": ""https://www.adzuna.co.uk/jobs/details/5548542901?utm_medium=api&utm_source=026f28a2""}, {""source"": ""Adzuna"", ""url"": ""https://www.adzuna.co.uk/jobs/details/5569855089?utm_medium=api&utm_source=026f28a2""}, {""source"": ""Adzuna"", ""url"": ""https://www.adzuna.co.uk/jobs/land/ad/5587083190?se=xuEt18gA8RG27sBWXwN7yg&utm_medium=api&utm_source=026f28a2&v=3FF44F32CBC968F91D0B3E965E3D1A7B11AC1078""}, {""source"": ""Adzuna"", ""url"": ""https://www.adzuna.co.uk/jobs/land/ad/5595646192?se=xuEt18gA8RG27sBWXwN7yg&utm_medium=api&utm_source=026f28a2&v=CCB66CEB866DDD363AD86B1789A63B6ACDB042BF""}, {""source"": ""Adzuna"", ""url"": ""https://www.adzuna.co.uk/jobs/land/ad/5587748175?se=xuEt18gA8RG27sBWXwN7yg&utm_medium=api&utm_source=026f28a2&v=81763106871932A65A3DBA833FC7B28FDF7D03F8""}, {""source"": ""Adzuna"", ""url"": ""https://www.adzuna.co.uk/jobs/land/ad/5580395523?se=xuEt18gA8RG27sBWXwN7yg&utm_medium=api&utm_source=026f28a2&v=773BEB5A78D73C45A9B5B1E7E6BA547BB1596EB8""}, {""source"": ""Adzuna"", ""url"": ""https://www.adzuna.co.uk/jobs/land/ad/5592270649?se=xuEt18gA8RG27sBWXwN7yg&utm_medium=api&utm_source=026f28a2&v=4D9B2E7BD08F6E789BD846F6EFFBAC24B59EB145""}, {""source"": ""Adzuna"", ""url"": ""https://www.adzuna.co.uk/jobs/land/ad/5586057256?se=xuEt18gA8RG27sBWXwN7yg&utm_medium=api&utm_source=026f28a2&v=373BA8F4FE3AE570A0C33256D808BC15BD206E69""}, {""source"": ""Adzuna"", ""url"": ""https://www.adzuna.co.uk/jobs/land/ad/5603295917?se=xuEt18gA8RG27sBWXwN7yg&utm_medium=api&utm_source=026f28a2&v=4A6DB14AA10887BAC02CE5ADB78C41206CDF04A0""}, {""source"": ""Adzuna"", ""url"": ""https://www.adzuna.co.uk/jobs/land/ad/5603228475?se=xuEt18gA8RG27sBWXwN7yg&utm_medium=api&utm_source=026f28a2&v=331368B5453BC0DCE381589C9B349F1302A13D9D""}, {""source"": ""Adzuna"", ""url"": ""https://www.adzuna.co.uk/jobs/land/ad/5584596021?se=xuEt18gA8RG27sBWXwN7yg&utm_medium=api&utm_source=026f28a2&v=6F8A38EF8895E5F2B9E5A58E65AE83C81F20CB04""}]"
Finance Analyst *Fintech/Payments*,Finance,1,London,Mid,On-site,"['Accounting', 'Reporting']","[{""source"": ""Adzuna"", ""url"": ""https://www.adzuna.co.uk/jobs/land/ad/5586056569?se=2ND21cgA8RG27sBWXwN7yg&utm_medium=api&utm_source=026f28a2&v=8BD5F9EA5BEE70DA75EC969B9AAF2E76CE01C87F""}]"
Finance Analyst/Assistant - Mat Cover - Lisburn,Finance,1,Lisburn,Mid,On-site,"['Accounting', 'Reporting']","[{""source"": ""Adzuna"", ""url"": ""https://www.adzuna.co.uk/jobs/land/ad/5601498442?se=2ND21cgA8RG27sBWXwN7yg&utm_medium=api&utm_source=026f28a2&v=4F9AD3583FA8A6B6A22F932B068E1A4F74841503""}]"
Finance Analyst/Management Accountant,Finance,1,Swansea,Mid,On-site,"['Accounting', 'Reporting']","[{""source"": ""Adzuna"", ""url"": ""https://www.adzuna.co.uk/jobs/land/ad/5565926129?se=2ND21cgA8RG27sBWXwN7yg&utm_medium=api&utm_source=026f28a2&v=91217826B303225252E949C975EE842868DDF0AB""}]"
Finance Business Analyst - Insurance,Business,1,London,Mid,On-site,"['Analysis', 'Communication']","[{""source"": ""Adzuna"", ""url"": ""https://www.adzuna.co.uk/jobs/land/ad/5594093330?se=SgmZxcgA8RG27sBWXwN7yg&utm_medium=api&utm_source=026f28a2&v=C7C39D9A86B25FEB585DF8C7B4970145C09DD43A""}]"
Finance Consultant,Business,1,London,Senior,On-site,"['Analysis', 'Communication']","[{""source"": ""Adzuna"", ""url"": ""https://www.adzuna.co.uk/jobs/land/ad/5549283361?se=Gt8nyMgA8RG27sBWXwN7yg&utm_medium=api&utm_source=026f28a2&v=D5673F59A58883076F411487B1B9BEEC121AEF64""}]"
Finance Data Analyst,Data,1,Milton Keynes,Senior,On-site,"['Data Analysis', 'SQL']","[{""source"": ""Adzuna"", ""url"": ""https://www.adzuna.co.uk/jobs/land/ad/5549282608?se=5FtQuMgA8RG27sBWXwN7yg&utm_medium=api&utm_source=026f28a2&v=006226A0694C32AA11B8928EA82E9E4A73BA8EA4""}]"
Finance Director (Interior Designer),Design,1,London,Mid,On-site,"['UI', 'UX']","[{""source"": ""Adzuna"", ""url"": ""https://www.adzuna.co.uk/jobs/land/ad/5549282718?se=7BXT4cgA8RG27sBWXwN7yg&utm_medium=api&utm_source=026f28a2&v=1FAB71457552D2B93E50327E2822D8F1A099E797""}]"
Finance Director (Property Design),Design,1,London,Senior,On-site,"['UI', 'UX']","[{""source"": ""Adzuna"", ""url"": ""https://www.adzuna.co.uk/jobs/land/ad/5549282480?se=7BXT4cgA8RG27sBWXwN7yg&utm_medium=api&utm_source=026f28a2&v=AB6219299BE216DF291D244ED552376F9213020C""}]"
Finance Manager (Engineering Consultancy),Business,1,London,Mid,On-site,"['Analysis', 'Communication']","[{""source"": ""Adzuna"", ""url"": ""https://www.adzuna.co.uk/jobs/land/ad/5549282795?se=Gt8nyMgA8RG27sBWXwN7yg&utm_medium=api&utm_source=026f28a2&v=8F3918602095D7666A1AD9C062A11D44505EC0C4""}]"
Finance Officer (With Hr),HR,1,Belfast,Mid,Hybrid,"['People Management', 'Recruitment']","[{""source"": ""Adzuna"", ""url"": ""https://www.adzuna.co.uk/jobs/land/ad/5600787971?se=ynHH5cgA8RG27sBWXwN7yg&utm_medium=api&utm_source=026f28a2&v=038ADC02042B79EB43C9B394BFD495BF00A7C0A8""}]"
Finance Operations Analyst,Finance,1,UK,Mid,On-site,"['Accounting', 'Reporting']","[{""source"": ""Adzuna"", ""url"": ""https://www.adzuna.co.uk/jobs/land/ad/5610712135?se=2ND21cgA8RG27sBWXwN7yg&utm_medium=api&utm_source=026f28a2&v=98C8BBE594E5A0070BABFC56AC45A7B7D18CFADC""}]"
Finance Operations Manager,Business,1,Solihull,Mid,On-site,"['Analysis', 'Communication']","[{""source"": ""Adzuna"", ""url"": ""https://www.adzuna.co.uk/jobs/land/ad/5588538201?se=jkTCzMgA8RGhuY8Zc5lhIQ&utm_medium=api&utm_source=026f28a2&v=C0C5D71537D7F633762AEFEDFF1C703E1102AD76""}]"
Finance Process Improvement Consultant,Business,1,UK,Mid,Hybrid,"['Analysis', 'Communication']","[{""source"": ""Adzuna"", ""url"": ""https://www.adzuna.co.uk/jobs/land/ad/5604757071?se=Gt8nyMgA8RG27sBWXwN7yg&utm_medium=api&utm_source=026f28a2&v=96EBD1BF94AE5FAF07E3A3D346C959DFDCE978B7""}]"
Finance Reporting Analyst,Finance,1,UK,Mid,Hybrid,['Power BI'],"[{""source"": ""Adzuna"", ""url"": ""https://www.adzuna.co.uk/jobs/land/ad/5605661925?se=xuEt18gA8RG27sBWXwN7yg&utm_medium=api&utm_source=026f28a2&v=959EE7B2013F35ED09AA69D2141CC889E6E9F3FC""}]"
Finance Systems Analyst,Finance,1,London,Senior,On-site,"['Accounting', 'Reporting']","[{""source"": ""Adzuna"", ""url"": ""https://www.adzuna.co.uk/jobs/land/ad/5611100949?se=xuEt18gA8RG27sBWXwN7yg&utm_medium=api&utm_source=026f28a2&v=21DD8B0954BF527359958924E07ADED40B472FC1""}]"
Financial Accountant,Finance,10,"County Tyrone, London, Manchester",Mid,On-site,"['Accounting', 'Reporting']","[{""source"": ""Adzuna"", ""url"": ""https://www.adzuna.co.uk/jobs/land/ad/5581957729?se=eiFD08gA8RGV19jEQmXbTQ&utm_medium=api&utm_source=026f28a2&v=D6E9B7A74285D6604BC7E306A87121FFE1C831F4""}, {""source"": ""Adzuna"", ""url"": ""https://www.adzuna.co.uk/jobs/land/ad/5549282250?se=eiFD08gA8RGV19jEQmXbTQ&utm_medium=api&utm_source=026f28a2&v=5217957412387B6C20461A25E8AF193AE7D972A1""}, {""source"": ""Adzuna"", ""url"": ""https://www.adzuna.co.uk/jobs/land/ad/5549283576?se=Fmmp1MgA8RGI2N0cIjSMgQ&utm_medium=api&utm_source=026f28a2&v=7904F84EDCB58125D01D7F70FA4C97364D3417BB""}, {""source"": ""Adzuna"", ""url"": ""https://www.adzuna.co.uk/jobs/land/ad/5587820503?se=Fmmp1MgA8RGI2N0cIjSMgQ&utm_medium=api&utm_source=026f28a2&v=B9894AFA6BE86F2B619A56417D89DA1758346A4C""}, {""source"": ""Adzuna"", ""url"": ""https://www.adzuna.co.uk/jobs/land/ad/5600787922?se=Fmmp1MgA8RGI2N0cIjSMgQ&utm_medium=api&utm_source=026f28a2&v=CA7B51FD4A54A98D37AF780BD96C826D89A5B5B8""}, {""source"": ""Adzuna"", ""url"": ""https://www.adzuna.co.uk/jobs/land/ad/5607507680?se=Fmmp1MgA8RGI2N0cIjSMgQ&utm_medium=api&utm_source=026f28a2&v=B126B4E77F51172111AC1E3C5609DF2B26F1FA07""}, {""source"": ""Adzuna"", ""url"": ""https://www.adzuna.co.uk/jobs/land/ad/5600787997?se=Fmmp1MgA8RGI2N0cIjSMgQ&utm_medium=api&utm_source=026f28a2&v=81DFB734F301AC753D35FF39B2D3C4A657369D50""}, {""source"": ""Adzuna"", ""url"": ""https://www.adzuna.co.uk/jobs/land/ad/5549282825?se=Fmmp1MgA8RGI2N0cIjSMgQ&utm_medium=api&utm_source=026f28a2&v=0F0E492972245B9BD46B136DF1ACF947364D9723""}, {""source"": ""Adzuna"", ""url"": ""https://www.adzuna.co.uk/jobs/land/ad/5600787918?se=Fmmp1MgA8RGI2N0cIjSMgQ&utm_medium=api&utm_source=026f28a2&v=AACC0018B592A115D8C626580C14DB7B886587EA""}, {""source"": ""Adzuna"", ""url"": ""https://www.adzuna.co.uk/jobs/land/ad/5600787923?se=Fmmp1MgA8RGI2N0cIjSMgQ&utm_medium=api&utm_source=026f28a2&v=7C4C30B7D258475DD56233490E34BF388AE17507""}]"
Financial Accounting Analyst,Finance,1,Immingham,Mid,On-site,"['Accounting', 'Reporting']","[{""source"": ""Adzuna"", ""url"": ""https://www.adzuna.co.uk/jobs/land/ad/5606061677?se=2ND21cgA8RG27sBWXwN7yg&utm_medium=api&utm_source=026f28a2&v=16242A07D70AC9C1EA8A3F800DCCE60BC4113CC2""}]"
Financial Analyst,Finance,26,"Kingston Upon Thames, Manchester, London",Mid,On-site,"['Accounting', 'C++', 'Excel', 'Reporting']","[{""source"": ""Adzuna"", ""url"": ""https://www.adzuna.co.uk/jobs/land/ad/5603215013?se=2ND21cgA8RG27sBWXwN7yg&utm_medium=api&utm_source=026f28a2&v=79A5573436FB7DD90C23BA097146FA9F7B90A28D""}, {""source"": ""Adzuna"", ""url"": ""https://www.adzuna.co.uk/jobs/land/ad/5600787961?se=2ND21cgA8RG27sBWXwN7yg&utm_medium=api&utm_source=026f28a2&v=79B75D5B8EC0E787001BE90273052210960B8F0C""}, {""source"": ""Adzuna"", ""url"": ""https://www.adzuna.co.uk/jobs/land/ad/5549283490?se=2ND21cgA8RG27sBWXwN7yg&utm_medium=api&utm_source=026f28a2&v=5F538CFA65094BE26CCA8CDBDD50C63787B32ABA""}, {""source"": ""Adzuna"", ""url"": ""https://www.adzuna.co.uk/jobs/land/ad/5585540538?se=2ND21cgA8RG27sBWXwN7yg&utm_medium=api&utm_source=026f28a2&v=A48166F338483FB91D59FAE47E2B97EE459E69B1""}, {""source"": ""Adzuna"", ""url"": ""https://www.adzuna.co.uk/jobs/land/ad/5573004015?se=2ND21cgA8RG27sBWXwN7yg&utm_medium=api&utm_source=026f28a2&v=2EF85FD3E23B450F8AA54B2AF9DAF03DA911609F""}, {""source"": ""Adzuna"", ""url"": ""https://www.adzuna.co.uk/jobs/land/ad/5606769666?se=2ND21cgA8RG27sBWXwN7yg&utm_medium=api&utm_source=026f28a2&v=F92C5674DE6ED08A0EEADA04E768B7597480C89B""}, {""source"": ""Adzuna"", ""url"": ""https://www.adzuna.co.uk/jobs/land/ad/5594597243?se=2ND21cgA8RG27sBWXwN7yg&utm_medium=api&utm_source=026f28a2&v=7BF63FF0D399BF07AB4E6BE2E4B4F862C6AF85EE""}, {""source"": ""Adzuna"", ""url"": ""https://www.adzuna.co.uk/jobs/land/ad/5604679525?se=2ND21cgA8RG27sBWXwN7yg&utm_medium=api&utm_source=026f28a2&v=5B7A2E9235DF770A54F1B950168E2A538AD18263""}, {""source"": ""Adzuna"", ""url"": ""https://www.adzuna.co.uk/jobs/land/ad/5581849053?se=2ND21cgA8RG27sBWXwN7yg&utm_medium=api&utm_source=026f28a2&v=ED496544D7E116F2511191872A20595B5029352F""}, {""source"": ""Adzuna"", ""url"": ""https://www.adzuna.co.uk/jobs/land/ad/5610176657?se=2ND21cgA8RG27sBWXwN7yg&utm_medium=api&utm_source=026f28a2&v=6301FBC0F98F3C1D7E209392ED70366D19E619BD""}, {""source"": ""Adzuna"", ""url"": ""https://www.adzuna.co.uk/jobs/land/ad/5607063964?se=2ND21cgA8RG27sBWXwN7yg&utm_medium=api&utm_source=026f28a2&v=CC428D5A699C543ECBF37A0CE6A1CC82C9512971""}, {""source"": ""Adzuna"", ""url"": ""https://www.adzuna.co.uk/jobs/details/5610482769?utm_medium=api&utm_source=026f28a2""}, {""source"": ""Adzuna"", ""url"": ""https://www.adzuna.co.uk/jobs/details/5586272233?utm_medium=api&utm_source=026f28a2""}, {""source"": ""Adzuna"", ""url"": ""https://www.adzuna.co.uk/jobs/land/ad/5601911094?se=xuEt18gA8RG27sBWXwN7yg&utm_medium=api&utm_source=026f28a2&v=CB67421213D02BAD4BD2ECA17A3E47BBAAE1485E""}, {""source"": ""Adzuna"", ""url"": ""https://www.adzuna.co.uk/jobs/details/5582448125?utm_medium=api&utm_source=026f28a2""}, {""source"": ""Adzuna"", ""url"": ""https://www.adzuna.co.uk/jobs/details/5293420807?utm_medium=api&utm_source=026f28a2""}, {""source"": ""Adzuna"", ""url"": ""https://www.adzuna.co.uk/jobs/details/5293420777?utm_medium=api&utm_source=026f28a2""}, {""source"": ""Adzuna"", ""url"": ""https://www.adzuna.co.uk/jobs/details/5293420760?utm_medium=api&utm_source=026f28a2""}, {""source"": ""Adzuna"", ""url"": ""https://www.adzuna.co.uk/jobs/details/5293420803?utm_medium=api&utm_source=026f28a2""}, {""source"": ""Adzuna"", ""url"": ""https://www.adzuna.co.uk/jobs/details/5293420769?utm_medium=api&utm_source=026f28a2""}, {""source"": ""Adzuna"", ""url"": ""https://www.adzuna.co.uk/jobs/details/5284065344?utm_medium=api&utm_source=026f28a2""}, {""source"": ""Adzuna"", ""url"": ""https://www.adzuna.co.uk/jobs/details/5284065350?utm_medium=api&utm_source=026f28a2""}, {""source"": ""Adzuna"", ""url"": ""https://www.adzuna.co.uk/jobs/details/5293299862?utm_medium=api&utm_source=026f28a2""}, {""source"": ""Adzuna"", ""url"": ""https://www.adzuna.co.uk/jobs/details/5293420823?utm_medium=api&utm_source=026f28a2""}, {""source"": ""Adzuna"", ""url"": ""https://www.adzuna.co.uk/jobs/land/ad/5483509633?se=xuEt18gA8RG27sBWXwN7yg&utm_medium=api&utm_source=026f28a2&v=2868BD37AC671C2DDAA2D7058302C323984C80D8""}, {""source"": ""Adzuna"", ""url"": ""https://www.adzuna.co.uk/jobs/land/ad/5598915034?se=xuEt18gA8RG27sBWXwN7yg&utm_medium=api&utm_source=026f28a2&v=BF7BA98A3E0D101547C0AB16CA4F60AF2BB09510""}]"
Financial Analyst - Pharma,Healthcare,1,Kent,Mid,On-site,['Data Analysis'],"[{""source"": ""Adzuna"", ""url"": ""https://www.adzuna.co.uk/jobs/details/5611116646?utm_medium=api&utm_source=026f28a2""}]"
Financial Consultant – Cashflow,Business,1,London,Mid,On-site,['C++'],"[{""source"": ""Adzuna"", ""url"": ""https://www.adzuna.co.uk/jobs/land/ad/5553091889?se=Gt8nyMgA8RG27sBWXwN7yg&utm_medium=api&utm_source=026f28a2&v=3EE4A36730844A977D3FBD7C4728518B70E1FE05""}]"
Financial Controller (Luxury Design),Design,1,London,Mid,On-site,"['UI', 'UX']","[{""source"": ""Adzuna"", ""url"": ""https://www.adzuna.co.uk/jobs/land/ad/5549282354?se=7BXT4cgA8RG27sBWXwN7yg&utm_medium=api&utm_source=026f28a2&v=618251DF57D4C614AB05352B4BD1CFE76F0650CA""}]"
Financial Data Analyst,Data,1,Christchurch,Senior,On-site,"['Data Analysis', 'SQL']","[{""source"": ""Adzuna"", ""url"": ""https://www.adzuna.co.uk/jobs/land/ad/5553091820?se=5FtQuMgA8RG27sBWXwN7yg&utm_medium=api&utm_source=026f28a2&v=55C00BAA8A02D55545B95191BE7A5288B6E59F5E""}]"
Financial Integrational Analyst,Finance,1,Newry,Mid,Hybrid,['C++'],"[{""source"": ""Adzuna"", ""url"": ""https://www.adzuna.co.uk/jobs/land/ad/5596782535?se=2ND21cgA8RG27sBWXwN7yg&utm_medium=api&utm_source=026f28a2&v=2789A8DB2F3C0E10F3B5B32EF035CEF18B75E17A""}]"
Financial Planning Analyst,Finance,1,Belfast,Mid,On-site,"['Accounting', 'Reporting']","[{""source"": ""Adzuna"", ""url"": ""https://www.adzuna.co.uk/jobs/land/ad/5593535952?se=xuEt18gA8RG27sBWXwN7yg&utm_medium=api&utm_source=026f28a2&v=3D5B01B180AF2A36B3ABB7EC1C3809FCD7D95385""}]"
Fleet Data Analyst,Data,1,Newbury,Mid,On-site,"['Data Analysis', 'SQL']","[{""source"": ""Adzuna"", ""url"": ""https://www.adzuna.co.uk/jobs/land/ad/5609954996?se=5FtQuMgA8RG27sBWXwN7yg&utm_medium=api&utm_source=026f28a2&v=C85779A3E27E6AC040CD225696598CE0624855F5""}]"
Flight Software Engineer,Engineering,1,Kidlington,Mid,On-site,"['Problem Solving', 'System Design']","[{""source"": ""Adzuna"", ""url"": ""https://www.adzuna.co.uk/jobs/land/ad/5595469380?se=CkM4r8gA8RGhuY8Zc5lhIQ&utm_medium=api&utm_source=026f28a2&v=24F6542DA8DE00C0EF1F658A57957274FE78F2B8""}]"
Fp&A Accountant,Finance,1,Belfast,Mid,On-site,"['Accounting', 'Reporting']","[{""source"": ""Adzuna"", ""url"": ""https://www.adzuna.co.uk/jobs/land/ad/5549283543?se=Fmmp1MgA8RGI2N0cIjSMgQ&utm_medium=api&utm_source=026f28a2&v=BCF8C52821B40F804F7E7DEDB6B9DC5026806CA1""}]"
Freelance Senior Clinical Research Associate - Georgia - 0.5Fte,Healthcare,1,London,Mid,On-site,['Clinical Knowledge'],"[{""source"": ""Adzuna"", ""url"": ""https://www.adzuna.co.uk/jobs/details/5568288432?utm_medium=api&utm_source=026f28a2""}]"
Fundraising And Marketing Manager,Marketing,1,Hampton Wick,Mid,On-site,"['Campaigns', 'SEO']","[{""source"": ""Adzuna"", ""url"": ""https://www.adzuna.co.uk/jobs/land/ad/5601617503?se=TEEuzsgA8RG27sBWXwN7yg&utm_medium=api&utm_source=026f28a2&v=DB283934360B6BF8DF5B0ED823A5E72972E8163F""}]"
Gas Designer,Design,5,"Mosley Common, Swinley, Egerton",Senior,On-site,"['UI', 'UX']","[{""source"": ""Adzuna"", ""url"": ""https://www.adzuna.co.uk/jobs/land/ad/5591245048?se=DA2Q4MgA8RGV19jEQmXbTQ&utm_medium=api&utm_source=026f28a2&v=4B66F48BA4A0A587AE4CCB2178F54428D00C801F""}, {""source"": ""Adzuna"", ""url"": ""https://www.adzuna.co.uk/jobs/land/ad/5591245045?se=DA2Q4MgA8RGV19jEQmXbTQ&utm_medium=api&utm_source=026f28a2&v=1C382D7815FB708CD353CA721F4A00EF186946E3""}, {""source"": ""Adzuna"", ""url"": ""https://www.adzuna.co.uk/jobs/land/ad/5591245047?se=DA2Q4MgA8RGV19jEQmXbTQ&utm_medium=api&utm_source=026f28a2&v=2DC749160776F72D455C9D035338D3963F87C85D""}, {""source"": ""Adzuna"", ""url"": ""https://www.adzuna.co.uk/jobs/land/ad/5591245044?se=DA2Q4MgA8RGV19jEQmXbTQ&utm_medium=api&utm_source=026f28a2&v=D83D2DCF935137EE4AF22841540336D20115B90F""}, {""source"": ""Adzuna"", ""url"": ""https://www.adzuna.co.uk/jobs/land/ad/5591245046?se=DA2Q4MgA8RGV19jEQmXbTQ&utm_medium=api&utm_source=026f28a2&v=C19FCE87E71FC3E828809FC1EC8F330E48DF243F""}]"
Geophysical Data Analyst,Data,1,Lymington,Mid,On-site,"['Data Analysis', 'SQL']","[{""source"": ""Adzuna"", ""url"": ""https://www.adzuna.co.uk/jobs/land/ad/5590118427?se=5FtQuMgA8RG27sBWXwN7yg&utm_medium=api&utm_source=026f28a2&v=837B500C1B1B349FA91C32A06F72D31C5303AA8D""}]"
German Speaking Digital Marketing/Ppc Executive,Marketing,1,Chapel Allerton,Mid,On-site,"['Campaigns', 'SEO']","[{""source"": ""Adzuna"", ""url"": ""https://www.adzuna.co.uk/jobs/land/ad/5592262937?se=JLi00MgA8RG27sBWXwN7yg&utm_medium=api&utm_source=026f28a2&v=48B60C15B9178BEE224673DDC9E755C6EF751F7F""}]"
Gis Data Scientist,Data,1,Glasgow,Senior,On-site,"['Data Analysis', 'SQL']","[{""source"": ""Adzuna"", ""url"": ""https://www.adzuna.co.uk/jobs/land/ad/5592274387?se=3NP2usgA8RGI2N0cIjSMgQ&utm_medium=api&utm_source=026f28a2&v=BCC0E9754F3985A3BF558787F9C30A7FBEF243D7""}]"
"Global Brand Strategy & Marketing (Gbsm) Precision Medicine Lead, Senior Director",Healthcare,1,UK,Senior,On-site,['Clinical Knowledge'],"[{""source"": ""Adzuna"", ""url"": ""https://www.adzuna.co.uk/jobs/details/5577680656?utm_medium=api&utm_source=026f28a2""}]"
Global Data Manager,Healthcare,1,UK,Senior,On-site,['Clinical Knowledge'],"[{""source"": ""Adzuna"", ""url"": ""https://www.adzuna.co.uk/jobs/details/5602474580?utm_medium=api&utm_source=026f28a2""}]"
Global Labelling Specialist,Healthcare,1,Maidenhead,Senior,On-site,['Clinical Knowledge'],"[{""source"": ""Adzuna"", ""url"": ""https://www.adzuna.co.uk/jobs/details/5593463863?utm_medium=api&utm_source=026f28a2""}]"
Global Pcg Marketing Web Analytics & Testing Analyst,Data,1,Fenchurch St,Mid,On-site,"['Data Analysis', 'SQL']","[{""source"": ""Adzuna"", ""url"": ""https://www.adzuna.co.uk/jobs/land/ad/5609937096?se=3GmBvcgA8RGhuY8Zc5lhIQ&utm_medium=api&utm_source=026f28a2&v=3FDE061CBF096AFDBCBFAFB0C4DBE2DEEE2C658B""}]"
Gmp Qc Inspector (Internal Only),Healthcare,1,UK,Mid,On-site,['Clinical Knowledge'],"[{""source"": ""Adzuna"", ""url"": ""https://www.adzuna.co.uk/jobs/details/5594072756?utm_medium=api&utm_source=026f28a2""}]"
Graduate Analytics Technical Sales Executive,Data,1,Leigh,Mid,On-site,"['Data Analysis', 'SQL']","[{""source"": ""Adzuna"", ""url"": ""https://www.adzuna.co.uk/jobs/land/ad/5568298257?se=3GmBvcgA8RGhuY8Zc5lhIQ&utm_medium=api&utm_source=026f28a2&v=591A569F929359A0C2AFF0DC037D4898309DEA10""}]"
Graduate Recruitment Consultant – Digital Marketing & Media,Marketing,1,London,Entry,On-site,"['Campaigns', 'SEO']","[{""source"": ""Adzuna"", ""url"": ""https://www.adzuna.co.uk/jobs/land/ad/5593246415?se=JLi00MgA8RG27sBWXwN7yg&utm_medium=api&utm_source=026f28a2&v=40380B7DD14DE3F93A3E0C785637402A056EB767""}]"
Group Accountant,Finance,1,London,Mid,On-site,"['Accounting', 'Reporting']","[{""source"": ""Adzuna"", ""url"": ""https://www.adzuna.co.uk/jobs/land/ad/5549283474?se=Fmmp1MgA8RGI2N0cIjSMgQ&utm_medium=api&utm_source=026f28a2&v=F8B57DB57963682B33B0643F05461886993EB521""}]"
Group Hr Manager - Swinton M27,HR,1,Manchester,Senior,On-site,"['People Management', 'Recruitment']","[{""source"": ""Adzuna"", ""url"": ""https://www.adzuna.co.uk/jobs/details/5594491104?utm_medium=api&utm_source=026f28a2""}]"
Group Marketing Manager (Construction),Marketing,1,Stockport,Mid,On-site,"['Campaigns', 'SEO']","[{""source"": ""Adzuna"", ""url"": ""https://www.adzuna.co.uk/jobs/land/ad/5604206208?se=TEEuzsgA8RG27sBWXwN7yg&utm_medium=api&utm_source=026f28a2&v=14B5D8D3C3995AC718DFE978C83C40A6EDD96BEE""}]"
Gynaecology Consultant,Business,1,London,Mid,On-site,"['Analysis', 'Communication']","[{""source"": ""Adzuna"", ""url"": ""https://www.adzuna.co.uk/jobs/land/ad/5581096022?se=5oxhycgA8RGhuY8Zc5lhIQ&utm_medium=api&utm_source=026f28a2&v=02A68AE54FCFC52AFEA0D013D3F08378A059C694""}]"
"Head Of Clinical Research, Mental Health",Healthcare,2,"London, UK",Senior,Remote,['C++'],"[{""source"": ""Adzuna"", ""url"": ""https://www.adzuna.co.uk/jobs/land/ad/5583597713?se=iAcu28gA8RGV19jEQmXbTQ&utm_medium=api&utm_source=026f28a2&v=ED77AD35D503CE678449DFF9A7B416A0742E7F2F""}, {""source"": ""Adzuna"", ""url"": ""https://www.adzuna.co.uk/jobs/details/5583825407?utm_medium=api&utm_source=026f28a2""}]"
Head Of Credit Strategy & Analytics,Data,1,London,Senior,On-site,"['Data Analysis', 'SQL']","[{""source"": ""Adzuna"", ""url"": ""https://www.adzuna.co.uk/jobs/land/ad/5550890640?se=3GmBvcgA8RGhuY8Zc5lhIQ&utm_medium=api&utm_source=026f28a2&v=476600B6E188B039F545269464D10E8AB36CFEC4""}]"
Head Of Data Analytics,Data,2,"London, The City",Senior,On-site,"['Data Analysis', 'SQL']","[{""source"": ""Adzuna"", ""url"": ""https://www.adzuna.co.uk/jobs/land/ad/5588400772?se=3GmBvcgA8RGhuY8Zc5lhIQ&utm_medium=api&utm_source=026f28a2&v=89BB03361BFC77036DC2C56FD9B6026ADB43F8DA""}, {""source"": ""Adzuna"", ""url"": ""https://www.adzuna.co.uk/jobs/land/ad/5588397844?se=3GmBvcgA8RGhuY8Zc5lhIQ&utm_medium=api&utm_source=026f28a2&v=EBD6EF3A7DD420E99290A62C517E78080BB1A65F""}]"
Head Of Data Science,Data,1,South East London,Senior,On-site,"['Data Analysis', 'SQL']","[{""source"": ""Adzuna"", ""url"": ""https://www.adzuna.co.uk/jobs/land/ad/5605662035?se=3NP2usgA8RGI2N0cIjSMgQ&utm_medium=api&utm_source=026f28a2&v=9C4A72C764094442C8CAF3F8D91F1CEA88E85C42""}]"
Head Of Digital Marketing,Marketing,2,"University Of Stirling, Beeston",Mid,On-site,"['Campaigns', 'SEO']","[{""source"": ""Adzuna"", ""url"": ""https://www.adzuna.co.uk/jobs/land/ad/5487009475?se=Utv90cgA8RGI2N0cIjSMgQ&utm_medium=api&utm_source=026f28a2&v=BDD1DD2F156AAD7EF68D5204D6534A9E71B0BA1D""}, {""source"": ""Adzuna"", ""url"": ""https://www.adzuna.co.uk/jobs/land/ad/5601335697?se=Utv90cgA8RGI2N0cIjSMgQ&utm_medium=api&utm_source=026f28a2&v=4CD42065D7A22BD0B0E91971B4F076B46CC972A6""}]"
Head Of Finance,Healthcare,1,Watford,Senior,On-site,['Clinical Knowledge'],"[{""source"": ""Adzuna"", ""url"": ""https://www.adzuna.co.uk/jobs/land/ad/5549283254?se=jBIq38gA8RGV19jEQmXbTQ&utm_medium=api&utm_source=026f28a2&v=F7660F4E7CE18CCA117AEAAB6BBE7DCBC27B144D""}]"
"Head Of Preclinical Safety And Toxicology, Integrated Dmpk & Safety, Research & Development",Healthcare,1,Cambridge,Senior,On-site,['Clinical Knowledge'],"[{""source"": ""Adzuna"", ""url"": ""https://www.adzuna.co.uk/jobs/details/5594071429?utm_medium=api&utm_source=026f28a2""}]"
Head Of Structural Biology & Drug Discovery Technologies,Healthcare,1,Cambridge,Senior,On-site,['Clinical Knowledge'],"[{""source"": ""Adzuna"", ""url"": ""https://www.adzuna.co.uk/jobs/details/5595581913?utm_medium=api&utm_source=026f28a2""}]"
Healthcare Audit Data Analyst,Data,1,London,Mid,On-site,"['Data Analysis', 'SQL']","[{""source"": ""Adzuna"", ""url"": ""https://www.adzuna.co.uk/jobs/land/ad/5575717839?se=5FtQuMgA8RG27sBWXwN7yg&utm_medium=api&utm_source=026f28a2&v=3892CA0F2B664C37EAE1A1DEF095325162972AB8""}]"
Helicopter Operations Manager,Business,1,Bromley,Senior,On-site,"['Analysis', 'Communication']","[{""source"": ""Adzuna"", ""url"": ""https://www.adzuna.co.uk/jobs/land/ad/5579239823?se=tmvAysgA8RGhuY8Zc5lhIQ&utm_medium=api&utm_source=026f28a2&v=F373C3A73B0EF50C4F403514C44D573B63AE45B0""}]"
Hepatology Nurse,Healthcare,1,South Ascot,Mid,On-site,['Clinical Knowledge'],"[{""source"": ""Adzuna"", ""url"": ""https://www.adzuna.co.uk/jobs/land/ad/5593839485?se=zo7f2cgA8RG27sBWXwN7yg&utm_medium=api&utm_source=026f28a2&v=53F2280CD96B5770485921DC196E31DD43A7CA83""}]"
Hr & Compliance Manager,HR,1,Newry,Mid,Hybrid,"['People Management', 'Recruitment']","[{""source"": ""Adzuna"", ""url"": ""https://www.adzuna.co.uk/jobs/land/ad/5596782533?se=FlK16cgA8RGhuY8Zc5lhIQ&utm_medium=api&utm_source=026f28a2&v=F1A1095225A4083BC8BE3DEBE6363C9D1B455396""}]"
Hr & Payroll Admin - 6 Month Ftc,HR,1,Hastings,Senior,On-site,"['People Management', 'Recruitment']","[{""source"": ""Adzuna"", ""url"": ""https://www.adzuna.co.uk/jobs/details/5592332055?utm_medium=api&utm_source=026f28a2""}]"
Hr & Talent Manager,HR,1,Shaldon,Mid,On-site,"['People Management', 'Recruitment']","[{""source"": ""Adzuna"", ""url"": ""https://www.adzuna.co.uk/jobs/land/ad/5592245938?se=CD4C58gA8RGI2N0cIjSMgQ&utm_medium=api&utm_source=026f28a2&v=C092A382A94F0332E5C66B973A2716B6BFB07D1A""}]"
Hr Administrator,HR,10,"Omagh, North West England, Craigavon",Mid,On-site,"['People Management', 'Recruitment']","[{""source"": ""Adzuna"", ""url"": ""https://www.adzuna.co.uk/jobs/land/ad/5602754555?se=CD4C58gA8RGI2N0cIjSMgQ&utm_medium=api&utm_source=026f28a2&v=8873FC02112365742E0FA791912B006D5FDA7F88""}, {""source"": ""Adzuna"", ""url"": ""https://www.adzuna.co.uk/jobs/land/ad/5610148814?se=CD4C58gA8RGI2N0cIjSMgQ&utm_medium=api&utm_source=026f28a2&v=6D15B8487A6B88B5B240E86C0E5BE1681CD021F8""}, {""source"": ""Adzuna"", ""url"": ""https://www.adzuna.co.uk/jobs/land/ad/5611228446?se=CD4C58gA8RGI2N0cIjSMgQ&utm_medium=api&utm_source=026f28a2&v=07854E7F49D04DE0C67882698A04E6946A1320AF""}, {""source"": ""Adzuna"", ""url"": ""https://www.adzuna.co.uk/jobs/land/ad/5606768308?se=CD4C58gA8RGI2N0cIjSMgQ&utm_medium=api&utm_source=026f28a2&v=6EAC71FB5CEF7EF8871974886E15EE60AA818F34""}, {""source"": ""Adzuna"", ""url"": ""https://www.adzuna.co.uk/jobs/land/ad/5606770751?se=CD4C58gA8RGI2N0cIjSMgQ&utm_medium=api&utm_source=026f28a2&v=BD99AE8138489ECC91661E9545AE2F2CCA3FC82C""}, {""source"": ""Adzuna"", ""url"": ""https://www.adzuna.co.uk/jobs/land/ad/5606762266?se=CD4C58gA8RGI2N0cIjSMgQ&utm_medium=api&utm_source=026f28a2&v=E03B8C38519FBC5481E2299399F7F4EDF2688117""}, {""source"": ""Adzuna"", ""url"": ""https://www.adzuna.co.uk/jobs/land/ad/5596421011?se=CD4C58gA8RGI2N0cIjSMgQ&utm_medium=api&utm_source=026f28a2&v=62434F5C7FC06C7CB3E64BE090A394FFA9537690""}, {""source"": ""Adzuna"", ""url"": ""https://www.adzuna.co.uk/jobs/land/ad/5587072826?se=CD4C58gA8RGI2N0cIjSMgQ&utm_medium=api&utm_source=026f28a2&v=3CBC82A30C6B68BF88A28FD152666B4F3EDE7C93""}, {""source"": ""Adzuna"", ""url"": ""https://www.adzuna.co.uk/jobs/land/ad/5611142033?se=CD4C58gA8RGI2N0cIjSMgQ&utm_medium=api&utm_source=026f28a2&v=962B9DE34A3EC85F68766694C1395EFB9FB1F652""}, {""source"": ""Adzuna"", ""url"": ""https://www.adzuna.co.uk/jobs/details/5603957887?utm_medium=api&utm_source=026f28a2""}]"
Hr Administrator - 4 Month Temp,HR,1,Bristol,Mid,Hybrid,"['People Management', 'Recruitment']","[{""source"": ""Adzuna"", ""url"": ""https://www.adzuna.co.uk/jobs/land/ad/5607507244?se=ynHH5cgA8RG27sBWXwN7yg&utm_medium=api&utm_source=026f28a2&v=DD838F174E1914E39EFBE1F2AB8A4CCA0214FF8C""}]"
Hr Administrator Based In North Wembley,HR,1,London,Mid,On-site,"['People Management', 'Recruitment']","[{""source"": ""Adzuna"", ""url"": ""https://www.adzuna.co.uk/jobs/details/5591544725?utm_medium=api&utm_source=026f28a2""}]"
Hr Adviser,HR,1,London,Senior,Hybrid,"['People Management', 'Recruitment']","[{""source"": ""Adzuna"", ""url"": ""https://www.adzuna.co.uk/jobs/land/ad/5606776392?se=CD4C58gA8RGI2N0cIjSMgQ&utm_medium=api&utm_source=026f28a2&v=DA13CA8D59468008AB62BE35E4E495235407DFE8""}]"
Hr Advisor,HR,22,"London, Broughton, Ballymoney",Mid,On-site,"['C++', 'People Management', 'Recruitment']","[{""source"": ""Adzuna"", ""url"": ""https://www.adzuna.co.uk/jobs/land/ad/5607507253?se=ynHH5cgA8RG27sBWXwN7yg&utm_medium=api&utm_source=026f28a2&v=2931BFA6CEACFF2AFB477DB3B89D79D805D7F5DE""}, {""source"": ""Adzuna"", ""url"": ""https://www.adzuna.co.uk/jobs/land/ad/5604686004?se=ynHH5cgA8RG27sBWXwN7yg&utm_medium=api&utm_source=026f28a2&v=D7D2F77C29A71F8E985CE777ECA119579B14DDBC""}, {""source"": ""Adzuna"", ""url"": ""https://www.adzuna.co.uk/jobs/land/ad/5595034050?se=ynHH5cgA8RG27sBWXwN7yg&utm_medium=api&utm_source=026f28a2&v=A401182ADACA897C89A61CF931DE0F53F31B2BFC""}, {""source"": ""Adzuna"", ""url"": ""https://www.adzuna.co.uk/jobs/land/ad/5598273500?se=ynHH5cgA8RG27sBWXwN7yg&utm_medium=api&utm_source=026f28a2&v=AC8D04E80B1B110227934249CDBE858C6B9F6F54""}, {""source"": ""Adzuna"", ""url"": ""https://www.adzuna.co.uk/jobs/land/ad/5602754581?se=ynHH5cgA8RG27sBWXwN7yg&utm_medium=api&utm_source=026f28a2&v=9BDCADD962F8E1E03E745B2E3C9A4116F9368483""}, {""source"": ""Adzuna"", ""url"": ""https://www.adzuna.co.uk/jobs/land/ad/5583435092?se=ynHH5cgA8RG27sBWXwN7yg&utm_medium=api&utm_source=026f28a2&v=9AC241BF849D23C0FBE7746ED1CEF058747143D4""}, {""source"": ""Adzuna"", ""url"": ""https://www.adzuna.co.uk/jobs/land/ad/5601498889?se=ynHH5cgA8RG27sBWXwN7yg&utm_medium=api&utm_source=026f28a2&v=243B3C006DAB89DD1AA8DE251BC572DFDAB4A549""}, {""source"": ""Adzuna"", ""url"": ""https://www.adzuna.co.uk/jobs/land/ad/5580231913?se=CD4C58gA8RGI2N0cIjSMgQ&utm_medium=api&utm_source=026f28a2&v=E70C361F331DD12FD098AFFA512534DFFD2CA0B9""}, {""source"": ""Adzuna"", ""url"": ""https://www.adzuna.co.uk/jobs/land/ad/5602754560?se=CD4C58gA8RGI2N0cIjSMgQ&utm_medium=api&utm_source=026f28a2&v=3E57533E8D729B7193C6A3E1C7863EBAC2A14D37""}, {""source"": ""Adzuna"", ""url"": ""https://www.adzuna.co.uk/jobs/land/ad/5592013956?se=CD4C58gA8RGI2N0cIjSMgQ&utm_medium=api&utm_source=026f28a2&v=705976A5CAFE23F6DA1DF759EC40F53E712CBA1D""}, {""source"": ""Adzuna"", ""url"": ""https://www.adzuna.co.uk/jobs/land/ad/5591125313?se=CD4C58gA8RGI2N0cIjSMgQ&utm_medium=api&utm_source=026f28a2&v=624D2C309C79FD7230350E6A9B7F31E0F06C6895""}, {""source"": ""Adzuna"", ""url"": ""https://www.adzuna.co.uk/jobs/land/ad/5602982821?se=CD4C58gA8RGI2N0cIjSMgQ&utm_medium=api&utm_source=026f28a2&v=999C5E0FFE44E0FA5FCC53ECDD7ECA481DA43823""}, {""source"": ""Adzuna"", ""url"": ""https://www.adzuna.co.uk/jobs/land/ad/5610148804?se=CD4C58gA8RGI2N0cIjSMgQ&utm_medium=api&utm_source=026f28a2&v=902E6948CF1D8765F25FB299576D0D11A4F4CF24""}, {""source"": ""Adzuna"", ""url"": ""https://www.adzuna.co.uk/jobs/land/ad/5602933161?se=CD4C58gA8RGI2N0cIjSMgQ&utm_medium=api&utm_source=026f28a2&v=FDB977234C55C24F31E465B1C59CA514DAA3006F""}, {""source"": ""Adzuna"", ""url"": ""https://www.adzuna.co.uk/jobs/land/ad/5610149047?se=CD4C58gA8RGI2N0cIjSMgQ&utm_medium=api&utm_source=026f28a2&v=4CAC93D3EED2A504E478E3B0A70AEFA47B955D09""}, {""source"": ""Adzuna"", ""url"": ""https://www.adzuna.co.uk/jobs/land/ad/5593487519?se=CD4C58gA8RGI2N0cIjSMgQ&utm_medium=api&utm_source=026f28a2&v=2F734485B23AE4630103F8DCAF781C779BC16CF6""}, {""source"": ""Adzuna"", ""url"": ""https://www.adzuna.co.uk/jobs/land/ad/5604680090?se=CD4C58gA8RGI2N0cIjSMgQ&utm_medium=api&utm_source=026f28a2&v=86E413002F9BF2FEF7ACECE4450BA2AA6E09BFFB""}, {""source"": ""Adzuna"", ""url"": ""https://www.adzuna.co.uk/jobs/land/ad/5597629248?se=CD4C58gA8RGI2N0cIjSMgQ&utm_medium=api&utm_source=026f28a2&v=44B5E0E26857C22A84816BC71D5F52DE162820B0""}, {""source"": ""Adzuna"", ""url"": ""https://www.adzuna.co.uk/jobs/land/ad/5606839998?se=CD4C58gA8RGI2N0cIjSMgQ&utm_medium=api&utm_source=026f28a2&v=5FBF27672BCCDFE6CBFF76C354216984AB9FE1B1""}, {""source"": ""Adzuna"", ""url"": ""https://www.adzuna.co.uk/jobs/land/ad/5580687747?se=CD4C58gA8RGI2N0cIjSMgQ&utm_medium=api&utm_source=026f28a2&v=EA05C456C732F64DF1DC237AC6BAE4E50E95B338""}, {""source"": ""Adzuna"", ""url"": ""https://www.adzuna.co.uk/jobs/land/ad/5577508184?se=CD4C58gA8RGI2N0cIjSMgQ&utm_medium=api&utm_source=026f28a2&v=C52B51324B3BE1529B7E267F3BD3BC6C0893EE37""}, {""source"": ""Adzuna"", ""url"": ""https://www.adzuna.co.uk/jobs/land/ad/5604680086?se=CD4C58gA8RGI2N0cIjSMgQ&utm_medium=api&utm_source=026f28a2&v=16BF4A8A8242F7FF91DF502F83E5AD5E77298894""}]"
Hr Advisory Senior Manager-Human Resources,HR,1,UK,Senior,On-site,"['People Management', 'Recruitment']","[{""source"": ""Adzuna"", ""url"": ""https://www.adzuna.co.uk/jobs/details/5210488417?utm_medium=api&utm_source=026f28a2""}]"
Hr Analyst,HR,1,Belfast,Senior,On-site,"['People Management', 'Recruitment']","[{""source"": ""Adzuna"", ""url"": ""https://www.adzuna.co.uk/jobs/land/ad/5573004300?se=CD4C58gA8RGI2N0cIjSMgQ&utm_medium=api&utm_source=026f28a2&v=9E4950A24EA3177DF67AF3C89F203D1E07EE48DE""}]"
Hr Assistant,HR,5,"London, Craigavon, Newtownards",Mid,On-site,"['People Management', 'Recruitment']","[{""source"": ""Adzuna"", ""url"": ""https://www.adzuna.co.uk/jobs/land/ad/5596782804?se=ynHH5cgA8RG27sBWXwN7yg&utm_medium=api&utm_source=026f28a2&v=2D6855C1E55F8D4E47D3D1C7254ECCD1079109F9""}, {""source"": ""Adzuna"", ""url"": ""https://www.adzuna.co.uk/jobs/land/ad/5583435158?se=ynHH5cgA8RG27sBWXwN7yg&utm_medium=api&utm_source=026f28a2&v=44D45C8089DE6FA617E39BEC7F1B77CE10DF24C3""}, {""source"": ""Adzuna"", ""url"": ""https://www.adzuna.co.uk/jobs/land/ad/5575328558?se=ynHH5cgA8RG27sBWXwN7yg&utm_medium=api&utm_source=026f28a2&v=37A3B4DD13A8C3B9DB335086E6E7E792445423ED""}, {""source"": ""Adzuna"", ""url"": ""https://www.adzuna.co.uk/jobs/land/ad/5596782742?se=CD4C58gA8RGI2N0cIjSMgQ&utm_medium=api&utm_source=026f28a2&v=89045A2C207B2EFAC722A0169A5FC3902DBB370C""}, {""source"": ""Adzuna"", ""url"": ""https://www.adzuna.co.uk/jobs/details/5603943551?utm_medium=api&utm_source=026f28a2""}]"
Hr Business Partner,HR,5,"London, Ipswich, Suffolk",Mid,On-site,"['People Management', 'Recruitment']","[{""source"": ""Adzuna"", ""url"": ""https://www.adzuna.co.uk/jobs/land/ad/5611228360?se=FlK16cgA8RGhuY8Zc5lhIQ&utm_medium=api&utm_source=026f28a2&v=103356F09FB6542CC39F28892B2086BD8D83CB4C""}, {""source"": ""Adzuna"", ""url"": ""https://www.adzuna.co.uk/jobs/land/ad/5600773436?se=FlK16cgA8RGhuY8Zc5lhIQ&utm_medium=api&utm_source=026f28a2&v=29D97F88CAD1668CD66931EA42E8D1FC93F225B1""}, {""source"": ""Adzuna"", ""url"": ""https://www.adzuna.co.uk/jobs/land/ad/5595253834?se=FlK16cgA8RGhuY8Zc5lhIQ&utm_medium=api&utm_source=026f28a2&v=EB95134B108304B0D12D7C41DD1665EC38BEB668""}, {""source"": ""Adzuna"", ""url"": ""https://www.adzuna.co.uk/jobs/land/ad/5597025137?se=FlK16cgA8RGhuY8Zc5lhIQ&utm_medium=api&utm_source=026f28a2&v=C3D47A09E432F94CF03A3929552179594B1EA175""}, {""source"": ""Adzuna"", ""url"": ""https://www.adzuna.co.uk/jobs/details/5588552814?utm_medium=api&utm_source=026f28a2""}]"
Hr Consultant,Business,1,Wherstead,Mid,On-site,"['Analysis', 'Communication']","[{""source"": ""Adzuna"", ""url"": ""https://www.adzuna.co.uk/jobs/land/ad/5608589588?se=5oxhycgA8RGhuY8Zc5lhIQ&utm_medium=api&utm_source=026f28a2&v=6FE67E3589DE5660FAAA3AC4AFE2E2F5864904DA""}]"
Hr Consultant,HR,2,"Belfast, Bromsgrove",Mid,Hybrid,"['People Management', 'Recruitment']","[{""source"": ""Adzuna"", ""url"": ""https://www.adzuna.co.uk/jobs/land/ad/5607090951?se=ynHH5cgA8RG27sBWXwN7yg&utm_medium=api&utm_source=026f28a2&v=A713B4CC7130AC8F79F9FF98BA5E1F3AA84C7FF1""}, {""source"": ""Adzuna"", ""url"": ""https://www.adzuna.co.uk/jobs/land/ad/5599986624?se=CD4C58gA8RGI2N0cIjSMgQ&utm_medium=api&utm_source=026f28a2&v=30C372F1E78B2F005C5455E82BA98AF692153D40""}]"
Hr Consultant / Hr Advisor,HR,1,West Pottergate,Mid,On-site,"['People Management', 'Recruitment']","[{""source"": ""Adzuna"", ""url"": ""https://www.adzuna.co.uk/jobs/land/ad/5588482251?se=ynHH5cgA8RG27sBWXwN7yg&utm_medium=api&utm_source=026f28a2&v=B1CF94ECE46749684BC2E692577F3B85990F9794""}]"
Hr Coordinator,HR,2,"London, Haymarket",Mid,On-site,"['People Management', 'Recruitment']","[{""source"": ""Adzuna"", ""url"": ""https://www.adzuna.co.uk/jobs/land/ad/5603214926?se=ynHH5cgA8RG27sBWXwN7yg&utm_medium=api&utm_source=026f28a2&v=2A0DE7D0F968FE4ACFEDF92BD98236CBFA6AF55F""}, {""source"": ""Adzuna"", ""url"": ""https://www.adzuna.co.uk/jobs/land/ad/5598630876?se=CD4C58gA8RGI2N0cIjSMgQ&utm_medium=api&utm_source=026f28a2&v=9F0EB345C8BBBD86C571D950FAA997FC0E5D7BFD""}]"
Hr Executive,HR,1,Epping,Mid,On-site,"['People Management', 'Recruitment']","[{""source"": ""Adzuna"", ""url"": ""https://www.adzuna.co.uk/jobs/land/ad/5606771374?se=CD4C58gA8RGI2N0cIjSMgQ&utm_medium=api&utm_source=026f28a2&v=F0E6DA2015DF5BA51C6B77CE267B350A01A1B6FE""}]"
Hr Generalist,HR,5,"Newry, Lisburn, Belfast",Mid,On-site,"['People Management', 'Recruitment']","[{""source"": ""Adzuna"", ""url"": ""https://www.adzuna.co.uk/jobs/land/ad/5593535918?se=ynHH5cgA8RG27sBWXwN7yg&utm_medium=api&utm_source=026f28a2&v=7B501769A8093CDDCAB61F84C23ADC9AB0081355""}, {""source"": ""Adzuna"", ""url"": ""https://www.adzuna.co.uk/jobs/land/ad/5573004424?se=ynHH5cgA8RG27sBWXwN7yg&utm_medium=api&utm_source=026f28a2&v=599CC0600339E4932DAD8519BCCFE5FE4D547A0B""}, {""source"": ""Adzuna"", ""url"": ""https://www.adzuna.co.uk/jobs/land/ad/5588829228?se=ynHH5cgA8RG27sBWXwN7yg&utm_medium=api&utm_source=026f28a2&v=8009B1B5C31B657E572142FAA6EED574B3A20EFC""}, {""source"": ""Adzuna"", ""url"": ""https://www.adzuna.co.uk/jobs/land/ad/5575328532?se=ynHH5cgA8RG27sBWXwN7yg&utm_medium=api&utm_source=026f28a2&v=829C7E723B6C9ADBA2811846DFEABA58F0A1D7ED""}, {""source"": ""Adzuna"", ""url"": ""https://www.adzuna.co.uk/jobs/land/ad/5583435037?se=CD4C58gA8RGI2N0cIjSMgQ&utm_medium=api&utm_source=026f28a2&v=EE12D7F85072635D56481C1AB792DD3FEE67196E""}]"
Hr Internship,HR,1,London,Mid,On-site,"['People Management', 'Recruitment']","[{""source"": ""Adzuna"", ""url"": ""https://www.adzuna.co.uk/jobs/details/4500004049?utm_medium=api&utm_source=026f28a2""}]"
Hr Manager,HR,23,"Braishfield, Bournemouth, Halifax",Senior,On-site,"['C++', 'People Management', 'Recruitment']","[{""source"": ""Adzuna"", ""url"": ""https://www.adzuna.co.uk/jobs/land/ad/5591180514?se=ynHH5cgA8RG27sBWXwN7yg&utm_medium=api&utm_source=026f28a2&v=3F0A39B34BF373DCCA239440B38F55A4C16149EB""}, {""source"": ""Adzuna"", ""url"": ""https://www.adzuna.co.uk/jobs/land/ad/5600736565?se=ynHH5cgA8RG27sBWXwN7yg&utm_medium=api&utm_source=026f28a2&v=AD0B824DB2F0511133315AC753BA3585AD75AA58""}, {""source"": ""Adzuna"", ""url"": ""https://www.adzuna.co.uk/jobs/land/ad/5595234437?se=ynHH5cgA8RG27sBWXwN7yg&utm_medium=api&utm_source=026f28a2&v=B1FACA02A6B24F5C46CDEE9F69BE77BBF15592B1""}, {""source"": ""Adzuna"", ""url"": ""https://www.adzuna.co.uk/jobs/land/ad/5606063648?se=ynHH5cgA8RG27sBWXwN7yg&utm_medium=api&utm_source=026f28a2&v=DBE9038F0079DE75F363674EB105F9EF642B10D1""}, {""source"": ""Adzuna"", ""url"": ""https://www.adzuna.co.uk/jobs/land/ad/5581661167?se=ynHH5cgA8RG27sBWXwN7yg&utm_medium=api&utm_source=026f28a2&v=53319FA649D15F25F76C4B1A69C32864E8BBAFB3""}, {""source"": ""Adzuna"", ""url"": ""https://www.adzuna.co.uk/jobs/land/ad/5581661170?se=ynHH5cgA8RG27sBWXwN7yg&utm_medium=api&utm_source=026f28a2&v=4ACC62D0F641F5FAC42C913303A3F72C6A5342BE""}, {""source"": ""Adzuna"", ""url"": ""https://www.adzuna.co.uk/jobs/land/ad/5581661204?se=ynHH5cgA8RG27sBWXwN7yg&utm_medium=api&utm_source=026f28a2&v=16CAFE4A1D087EE6749A2EAB86320BF7419C77A0""}, {""source"": ""Adzuna"", ""url"": ""https://www.adzuna.co.uk/jobs/land/ad/5604283983?se=ynHH5cgA8RG27sBWXwN7yg&utm_medium=api&utm_source=026f28a2&v=9FF32DA2C14841D22A04312B89B4FD701243972C""}, {""source"": ""Adzuna"", ""url"": ""https://www.adzuna.co.uk/jobs/land/ad/5573004334?se=ynHH5cgA8RG27sBWXwN7yg&utm_medium=api&utm_source=026f28a2&v=8D4E4D5BCDF9593CD18666FE02D433D29CFD5F3F""}, {""source"": ""Adzuna"", ""url"": ""https://www.adzuna.co.uk/jobs/land/ad/5595253868?se=CD4C58gA8RGI2N0cIjSMgQ&utm_medium=api&utm_source=026f28a2&v=5420D8E3BC3B9CFCA0F2B816311F52F68B88EDA9""}, {""source"": ""Adzuna"", ""url"": ""https://www.adzuna.co.uk/jobs/land/ad/5592224572?se=CD4C58gA8RGI2N0cIjSMgQ&utm_medium=api&utm_source=026f28a2&v=2E3A8F524DDC0FF37CDB32C8FADEDAEDA22332A8""}, {""source"": ""Adzuna"", ""url"": ""https://www.adzuna.co.uk/jobs/land/ad/5606753210?se=CD4C58gA8RGI2N0cIjSMgQ&utm_medium=api&utm_source=026f28a2&v=C841F695CE35EA6FE98E36143FC9BAFBADEA8E63""}, {""source"": ""Adzuna"", ""url"": ""https://www.adzuna.co.uk/jobs/land/ad/5606751847?se=CD4C58gA8RGI2N0cIjSMgQ&utm_medium=api&utm_source=026f28a2&v=670EFDCE232246E5155B15E864E924B290A94B6B""}, {""source"": ""Adzuna"", ""url"": ""https://www.adzuna.co.uk/jobs/land/ad/5606772508?se=CD4C58gA8RGI2N0cIjSMgQ&utm_medium=api&utm_source=026f28a2&v=2A952DF81F1E0B31C5A42B5424DA793899EC6EB1""}, {""source"": ""Adzuna"", ""url"": ""https://www.adzuna.co.uk/jobs/land/ad/5606770898?se=CD4C58gA8RGI2N0cIjSMgQ&utm_medium=api&utm_source=026f28a2&v=2224C8516C3E6993629891D1F1866CFE95D8112E""}, {""source"": ""Adzuna"", ""url"": ""https://www.adzuna.co.uk/jobs/land/ad/5604373672?se=CD4C58gA8RGI2N0cIjSMgQ&utm_medium=api&utm_source=026f28a2&v=81455F0C7C407602E40C8015B61BDCD2A566D5CB""}, {""source"": ""Adzuna"", ""url"": ""https://www.adzuna.co.uk/jobs/land/ad/5606757283?se=CD4C58gA8RGI2N0cIjSMgQ&utm_medium=api&utm_source=026f28a2&v=363462D418E706CD61B3576DE480A9F0EF4410F4""}, {""source"": ""Adzuna"", ""url"": ""https://www.adzuna.co.uk/jobs/land/ad/5568302360?se=CD4C58gA8RGI2N0cIjSMgQ&utm_medium=api&utm_source=026f28a2&v=9D7CE313484F279927CB90D46220D7C1D5575B4F""}, {""source"": ""Adzuna"", ""url"": ""https://www.adzuna.co.uk/jobs/land/ad/5606248297?se=FlK16cgA8RGhuY8Zc5lhIQ&utm_medium=api&utm_source=026f28a2&v=D45623BB33B9BC827BA2C38E95D4E5767D8BF2A7""}, {""source"": ""Adzuna"", ""url"": ""https://www.adzuna.co.uk/jobs/details/5608336096?utm_medium=api&utm_source=026f28a2""}, {""source"": ""Adzuna"", ""url"": ""https://www.adzuna.co.uk/jobs/details/5591517787?utm_medium=api&utm_source=026f28a2""}, {""source"": ""Adzuna"", ""url"": ""https://www.adzuna.co.uk/jobs/land/ad/5507573940?se=FlK16cgA8RGhuY8Zc5lhIQ&utm_medium=api&utm_source=026f28a2&v=8F9339EB1BBC146FB551BB349A4EE63E5FCDDD57""}, {""source"": ""Adzuna"", ""url"": ""https://www.adzuna.co.uk/jobs/land/ad/5597810998?se=FlK16cgA8RGhuY8Zc5lhIQ&utm_medium=api&utm_source=026f28a2&v=5088F1A4554E53DF25FED98D12B54E013A26219D""}]"
Hr Officer,HR,14,"Magherafelt, Craigavon, UK",Mid,On-site,"['C++', 'People Management', 'Recruitment']","[{""source"": ""Adzuna"", ""url"": ""https://www.adzuna.co.uk/jobs/land/ad/5593535940?se=ynHH5cgA8RG27sBWXwN7yg&utm_medium=api&utm_source=026f28a2&v=1DF8E97CF0B9FD15351C7C38F3295F0F2CCEDFF5""}, {""source"": ""Adzuna"", ""url"": ""https://www.adzuna.co.uk/jobs/land/ad/5595034096?se=ynHH5cgA8RG27sBWXwN7yg&utm_medium=api&utm_source=026f28a2&v=1FD677C34143D4A11A50F7EAFFCD08EC830D57A5""}, {""source"": ""Adzuna"", ""url"": ""https://www.adzuna.co.uk/jobs/land/ad/5596782709?se=ynHH5cgA8RG27sBWXwN7yg&utm_medium=api&utm_source=026f28a2&v=193E527E04EF58958B6C1EA33E942F4918A2229F""}, {""source"": ""Adzuna"", ""url"": ""https://www.adzuna.co.uk/jobs/land/ad/5598273601?se=ynHH5cgA8RG27sBWXwN7yg&utm_medium=api&utm_source=026f28a2&v=D159E5D17A7F9766913B56B8597F87458010235E""}, {""source"": ""Adzuna"", ""url"": ""https://www.adzuna.co.uk/jobs/land/ad/5602754516?se=ynHH5cgA8RG27sBWXwN7yg&utm_medium=api&utm_source=026f28a2&v=3883CF19D4165AE910E351BE5EE760C2EB552CC4""}, {""source"": ""Adzuna"", ""url"": ""https://www.adzuna.co.uk/jobs/land/ad/5602754506?se=ynHH5cgA8RG27sBWXwN7yg&utm_medium=api&utm_source=026f28a2&v=79FFA43F00506911337E2D6805256B966ECA99D9""}, {""source"": ""Adzuna"", ""url"": ""https://www.adzuna.co.uk/jobs/land/ad/5588829284?se=ynHH5cgA8RG27sBWXwN7yg&utm_medium=api&utm_source=026f28a2&v=474D1FC8D5A36565443A3F8A3375A0506CA7960D""}, {""source"": ""Adzuna"", ""url"": ""https://www.adzuna.co.uk/jobs/land/ad/5598273526?se=ynHH5cgA8RG27sBWXwN7yg&utm_medium=api&utm_source=026f28a2&v=F363B05ABE21FCBED33290FB7E95A9D08382DBE7""}, {""source"": ""Adzuna"", ""url"": ""https://www.adzuna.co.uk/jobs/land/ad/5593535913?se=ynHH5cgA8RG27sBWXwN7yg&utm_medium=api&utm_source=026f28a2&v=9C6FF7065FD854A13D6717F6717CA7DBA24FD508""}, {""source"": ""Adzuna"", ""url"": ""https://www.adzuna.co.uk/jobs/land/ad/5607493259?se=CD4C58gA8RGI2N0cIjSMgQ&utm_medium=api&utm_source=026f28a2&v=3769E6075093542EAE1648745B0AC21A8F17E323""}, {""source"": ""Adzuna"", ""url"": ""https://www.adzuna.co.uk/jobs/land/ad/5606774472?se=CD4C58gA8RGI2N0cIjSMgQ&utm_medium=api&utm_source=026f28a2&v=01F077691B364E03C93B0AB50E20A9B7F8B2067E""}, {""source"": ""Adzuna"", ""url"": ""https://www.adzuna.co.uk/jobs/land/ad/5606765844?se=CD4C58gA8RGI2N0cIjSMgQ&utm_medium=api&utm_source=026f28a2&v=E3F1FE7F2CE3DB27DEB778D55D56322B136B3FCB""}, {""source"": ""Adzuna"", ""url"": ""https://www.adzuna.co.uk/jobs/land/ad/5606762212?se=CD4C58gA8RGI2N0cIjSMgQ&utm_medium=api&utm_source=026f28a2&v=7DBEC2335618B482B705EC59BFCE8EA85FCC6110""}, {""source"": ""Adzuna"", ""url"": ""https://www.adzuna.co.uk/jobs/land/ad/5606767037?se=CD4C58gA8RGI2N0cIjSMgQ&utm_medium=api&utm_source=026f28a2&v=B04514B37A955E011AECCF2E76ED37EB2DEE1D00""}]"
Hr Operations Manager,HR,1,Woking,Mid,On-site,"['People Management', 'Recruitment']","[{""source"": ""Adzuna"", ""url"": ""https://www.adzuna.co.uk/jobs/details/5588552824?utm_medium=api&utm_source=026f28a2""}]"
Hr Service Delivery Manager - Human Resources,HR,1,UK,Senior,On-site,"['People Management', 'Recruitment']","[{""source"": ""Adzuna"", ""url"": ""https://www.adzuna.co.uk/jobs/details/5295888929?utm_medium=api&utm_source=026f28a2""}]"
Hrms Installation Only – Ready System & Source Code Required,HR,1,UK,Mid,On-site,"['People Management', 'Recruitment']","[{""source"": ""Adzuna"", ""url"": ""https://www.adzuna.co.uk/jobs/details/5578923635?utm_medium=api&utm_source=026f28a2""}]"
Human Resource Director,HR,2,"London, Balsall Heath",Senior,On-site,"['People Management', 'Recruitment']","[{""source"": ""Adzuna"", ""url"": ""https://www.adzuna.co.uk/jobs/details/5589143674?utm_medium=api&utm_source=026f28a2""}, {""source"": ""Adzuna"", ""url"": ""https://www.adzuna.co.uk/jobs/land/ad/5601861554?se=ynHH5cgA8RG27sBWXwN7yg&utm_medium=api&utm_source=026f28a2&v=DC5B1E78EC3C5E6C981FC8F23C03B0366DB79A10""}]"
Human Resource Manager,HR,2,"Laleham, UK",Senior,On-site,"['People Management', 'Recruitment']","[{""source"": ""Adzuna"", ""url"": ""https://www.adzuna.co.uk/jobs/details/5571519426?utm_medium=api&utm_source=026f28a2""}, {""source"": ""Adzuna"", ""url"": ""https://www.adzuna.co.uk/jobs/details/5605998412?utm_medium=api&utm_source=026f28a2""}]"
Human Resources (Hr) Manager,HR,5,"South Bank, UK, Chessington",Senior,On-site,"['People Management', 'Recruitment']","[{""source"": ""Adzuna"", ""url"": ""https://www.adzuna.co.uk/jobs/details/5610482766?utm_medium=api&utm_source=026f28a2""}, {""source"": ""Adzuna"", ""url"": ""https://www.adzuna.co.uk/jobs/details/5610482762?utm_medium=api&utm_source=026f28a2""}, {""source"": ""Adzuna"", ""url"": ""https://www.adzuna.co.uk/jobs/details/5598452911?utm_medium=api&utm_source=026f28a2""}, {""source"": ""Adzuna"", ""url"": ""https://www.adzuna.co.uk/jobs/details/5610810587?utm_medium=api&utm_source=026f28a2""}, {""source"": ""Adzuna"", ""url"": ""https://www.adzuna.co.uk/jobs/details/5610809410?utm_medium=api&utm_source=026f28a2""}]"
Human Resources Director,HR,1,London,Mid,On-site,"['People Management', 'Recruitment']","[{""source"": ""Adzuna"", ""url"": ""https://www.adzuna.co.uk/jobs/details/5572985921?utm_medium=api&utm_source=026f28a2""}]"
Human Resources Director For Silversea Cruises,HR,1,London,Mid,On-site,"['People Management', 'Recruitment']","[{""source"": ""Adzuna"", ""url"": ""https://www.adzuna.co.uk/jobs/details/5548414811?utm_medium=api&utm_source=026f28a2""}]"
Human Resources Hr Manager,HR,1,London,Senior,On-site,"['People Management', 'Recruitment']","[{""source"": ""Adzuna"", ""url"": ""https://www.adzuna.co.uk/jobs/details/5610298045?utm_medium=api&utm_source=026f28a2""}]"
Human Resources Intern,HR,1,UK,Mid,On-site,"['People Management', 'Recruitment']","[{""source"": ""Adzuna"", ""url"": ""https://www.adzuna.co.uk/jobs/details/4500004026?utm_medium=api&utm_source=026f28a2""}]"
Human Resources Internship,HR,1,Essex,Senior,On-site,"['People Management', 'Recruitment']","[{""source"": ""Adzuna"", ""url"": ""https://www.adzuna.co.uk/jobs/details/4548959716?utm_medium=api&utm_source=026f28a2""}]"
Human Resources Management,HR,1,UK,Senior,On-site,"['People Management', 'Recruitment']","[{""source"": ""Adzuna"", ""url"": ""https://www.adzuna.co.uk/jobs/details/4500004244?utm_medium=api&utm_source=026f28a2""}]"
Human Resources Manager,HR,14,"Newry, St Pancras, London",Senior,On-site,"['C++', 'People Management', 'Recruitment']","[{""source"": ""Adzuna"", ""url"": ""https://www.adzuna.co.uk/jobs/land/ad/5577274914?se=vuZb6MgA8RGV19jEQmXbTQ&utm_medium=api&utm_source=026f28a2&v=18FA32720BAD807C036D46D3164B475C264F090C""}, {""source"": ""Adzuna"", ""url"": ""https://www.adzuna.co.uk/jobs/land/ad/5607063957?se=vuZb6MgA8RGV19jEQmXbTQ&utm_medium=api&utm_source=026f28a2&v=1F27B21942F3C967AF6BE3F8FEC716868F2F9719""}, {""source"": ""Adzuna"", ""url"": ""https://www.adzuna.co.uk/jobs/details/5446867113?utm_medium=api&utm_source=026f28a2""}, {""source"": ""Adzuna"", ""url"": ""https://www.adzuna.co.uk/jobs/land/ad/5600939159?se=vuZb6MgA8RGV19jEQmXbTQ&utm_medium=api&utm_source=026f28a2&v=90EF285A12C65DFE28FD167F361637227094C36A""}, {""source"": ""Adzuna"", ""url"": ""https://www.adzuna.co.uk/jobs/details/5588351374?utm_medium=api&utm_source=026f28a2""}, {""source"": ""Adzuna"", ""url"": ""https://www.adzuna.co.uk/jobs/details/5587958333?utm_medium=api&utm_source=026f28a2""}, {""source"": ""Adzuna"", ""url"": ""https://www.adzuna.co.uk/jobs/details/5570830582?utm_medium=api&utm_source=026f28a2""}, {""source"": ""Adzuna"", ""url"": ""https://www.adzuna.co.uk/jobs/details/5479473881?utm_medium=api&utm_source=026f28a2""}, {""source"": ""Adzuna"", ""url"": ""https://www.adzuna.co.uk/jobs/details/5540936673?utm_medium=api&utm_source=026f28a2""}, {""source"": ""Adzuna"", ""url"": ""https://www.adzuna.co.uk/jobs/details/5589385437?utm_medium=api&utm_source=026f28a2""}, {""source"": ""Adzuna"", ""url"": ""https://www.adzuna.co.uk/jobs/details/5578000454?utm_medium=api&utm_source=026f28a2""}, {""source"": ""Adzuna"", ""url"": ""https://www.adzuna.co.uk/jobs/details/5594788058?utm_medium=api&utm_source=026f28a2""}, {""source"": ""Adzuna"", ""url"": ""https://www.adzuna.co.uk/jobs/details/5455262759?utm_medium=api&utm_source=026f28a2""}, {""source"": ""Adzuna"", ""url"": ""https://www.adzuna.co.uk/jobs/details/5593466577?utm_medium=api&utm_source=026f28a2""}]"
Human Resources Manager (Hr),HR,1,Bury St. Edmunds,Senior,On-site,"['People Management', 'Recruitment']","[{""source"": ""Adzuna"", ""url"": ""https://www.adzuna.co.uk/jobs/land/ad/5611142061?se=vuZb6MgA8RGV19jEQmXbTQ&utm_medium=api&utm_source=026f28a2&v=C5A3341D6A37580F23FF1F8893A7703DE97DB044""}]"
Human Resources Manager (Maternity Cover),HR,1,Mayfair,Senior,On-site,"['People Management', 'Recruitment']","[{""source"": ""Adzuna"", ""url"": ""https://www.adzuna.co.uk/jobs/details/5593111620?utm_medium=api&utm_source=026f28a2""}]"
Human Resources Manager - Maternity Contract,HR,1,Gunnersbury,Mid,On-site,"['People Management', 'Recruitment']","[{""source"": ""Adzuna"", ""url"": ""https://www.adzuna.co.uk/jobs/details/5604770524?utm_medium=api&utm_source=026f28a2""}]"
Human Resources Manager Emea,HR,1,Angel,Senior,On-site,"['People Management', 'Recruitment']","[{""source"": ""Adzuna"", ""url"": ""https://www.adzuna.co.uk/jobs/details/5603531495?utm_medium=api&utm_source=026f28a2""}]"
"Human Resources Manager, Uk",HR,2,"Staines, Wraysbury",Senior,On-site,"['People Management', 'Recruitment']","[{""source"": ""Adzuna"", ""url"": ""https://www.adzuna.co.uk/jobs/details/5542065783?utm_medium=api&utm_source=026f28a2""}, {""source"": ""Adzuna"", ""url"": ""https://www.adzuna.co.uk/jobs/details/5542996039?utm_medium=api&utm_source=026f28a2""}]"
"Human Resources, Emea Pensions Manager, Director (Avp Equivalent)",HR,1,London,Mid,On-site,"['People Management', 'Recruitment']","[{""source"": ""Adzuna"", ""url"": ""https://www.adzuna.co.uk/jobs/details/5589109781?utm_medium=api&utm_source=026f28a2""}]"
Impact And Data Analyst,Data,1,London,Mid,On-site,"['Data Analysis', 'SQL']","[{""source"": ""Adzuna"", ""url"": ""https://www.adzuna.co.uk/jobs/land/ad/5592224457?se=5FtQuMgA8RG27sBWXwN7yg&utm_medium=api&utm_source=026f28a2&v=286E47D88636977EBAB8373AD37630FFD03C1BFA""}]"
Information Scientist - Content Analytics,Data,1,Slough,Senior,Hybrid,"['Data Analysis', 'SQL']","[{""source"": ""Adzuna"", ""url"": ""https://www.adzuna.co.uk/jobs/land/ad/5606942659?se=3GmBvcgA8RGhuY8Zc5lhIQ&utm_medium=api&utm_source=026f28a2&v=0E65A176EF11B5EB25B97EA562D50DB179C192F0""}]"
Innovation Marketing Manager,Marketing,1,Chalvey,Mid,On-site,"['Campaigns', 'SEO']","[{""source"": ""Adzuna"", ""url"": ""https://www.adzuna.co.uk/jobs/land/ad/5526350907?se=TEEuzsgA8RG27sBWXwN7yg&utm_medium=api&utm_source=026f28a2&v=C1BEFDB06385E8D5F56495F53842778845CF01C0""}]"
Instrumentation And Control Engineer,Healthcare,1,Hertfordshire,Mid,On-site,['Clinical Knowledge'],"[{""source"": ""Adzuna"", ""url"": ""https://www.adzuna.co.uk/jobs/land/ad/5578953231?se=bhvh3cgA8RGI2N0cIjSMgQ&utm_medium=api&utm_source=026f28a2&v=B467FA431F0E18BC50C201AA9C29F73CE7D3EB33""}]"
Insurance Operations Manager,Business,1,Cheltenham,Mid,Hybrid,"['Analysis', 'Communication']","[{""source"": ""Adzuna"", ""url"": ""https://www.adzuna.co.uk/jobs/land/ad/5576559704?se=jkTCzMgA8RGhuY8Zc5lhIQ&utm_medium=api&utm_source=026f28a2&v=273071551B7A268E8E215BEC4C15F85C93790AF1""}]"
Interim Accountant,Finance,1,Leeds,Mid,Hybrid,['Excel'],"[{""source"": ""Adzuna"", ""url"": ""https://www.adzuna.co.uk/jobs/land/ad/5607507658?se=Fmmp1MgA8RGI2N0cIjSMgQ&utm_medium=api&utm_source=026f28a2&v=1F8A89E18598C117AA5D481167ECD8D5AA24E63D""}]"
Interim Finance Analyst,Finance,1,UK,Senior,Hybrid,"['Accounting', 'Reporting']","[{""source"": ""Adzuna"", ""url"": ""https://www.adzuna.co.uk/jobs/land/ad/5589338734?se=2ND21cgA8RG27sBWXwN7yg&utm_medium=api&utm_source=026f28a2&v=FDC0EB4BB2129175BE63043BDA6FB0269E3D8B0C""}]"
Interim Financial Consultant,Business,1,London,Mid,On-site,['C++'],"[{""source"": ""Adzuna"", ""url"": ""https://www.adzuna.co.uk/jobs/land/ad/5549282376?se=Gt8nyMgA8RG27sBWXwN7yg&utm_medium=api&utm_source=026f28a2&v=09C546FFD876CFB41C728134D09D5E08B645DD5F""}]"
Interim Sap Transformations Consultant,Business,1,Burnley,Senior,On-site,"['Analysis', 'Communication']","[{""source"": ""Adzuna"", ""url"": ""https://www.adzuna.co.uk/jobs/land/ad/5549283371?se=Gt8nyMgA8RG27sBWXwN7yg&utm_medium=api&utm_source=026f28a2&v=EC88F17601BCB5D8573F93893D50A1C569EDF81E""}]"
Interim Senior Hr Business Partner,HR,1,Balsall Heath,Senior,On-site,"['People Management', 'Recruitment']","[{""source"": ""Adzuna"", ""url"": ""https://www.adzuna.co.uk/jobs/land/ad/5575874481?se=FlK16cgA8RGhuY8Zc5lhIQ&utm_medium=api&utm_source=026f28a2&v=BE1A1A44963EFA1E4A2B0A997F5C8000A1766F10""}]"
Internal Audit - Energy & Infrastructure - Senior Consultant,Business,1,London,Senior,On-site,"['Analysis', 'Communication']","[{""source"": ""Adzuna"", ""url"": ""https://www.adzuna.co.uk/jobs/land/ad/5574025582?se=Gt8nyMgA8RG27sBWXwN7yg&utm_medium=api&utm_source=026f28a2&v=441889C98B1A130A74BCEC1C5B4FE8A476D56495""}]"
International Account Manager Pharma,Healthcare,1,Farringdon,Senior,Hybrid,['Clinical Knowledge'],"[{""source"": ""Adzuna"", ""url"": ""https://www.adzuna.co.uk/jobs/land/ad/5487528813?se=bhvh3cgA8RGI2N0cIjSMgQ&utm_medium=api&utm_source=026f28a2&v=5A454E826291F9626F2A24294930BBEB7B052DCC""}]"
"International Projects Director, Commercial Pharma",Healthcare,1,Reading,Senior,On-site,['C++'],"[{""source"": ""Adzuna"", ""url"": ""https://www.adzuna.co.uk/jobs/land/ad/5441399267?se=bhvh3cgA8RGI2N0cIjSMgQ&utm_medium=api&utm_source=026f28a2&v=E2C245C9EB2DA69F541BB3113189E22BBD779466""}]"
International Tax Consultant,Business,1,Belfast,Senior,On-site,"['Analysis', 'Communication']","[{""source"": ""Adzuna"", ""url"": ""https://www.adzuna.co.uk/jobs/land/ad/5581957796?se=Gt8nyMgA8RG27sBWXwN7yg&utm_medium=api&utm_source=026f28a2&v=F1FAE9C7F5DA61F3C056D2B735DB15930D0B2688""}]"
Internship: Hr Coordinator,HR,1,The City,Mid,On-site,"['People Management', 'Recruitment']","[{""source"": ""Adzuna"", ""url"": ""https://www.adzuna.co.uk/jobs/details/5062902649?utm_medium=api&utm_source=026f28a2""}]"
It Business Analyst,Business,3,"Birmingham, Coventry, West Midlands",Mid,On-site,"['Analysis', 'Communication']","[{""source"": ""Adzuna"", ""url"": ""https://www.adzuna.co.uk/jobs/land/ad/5574729904?se=SgmZxcgA8RG27sBWXwN7yg&utm_medium=api&utm_source=026f28a2&v=2DB7548880E663A6B24D65CD61BE0EC5B84185B1""}, {""source"": ""Adzuna"", ""url"": ""https://www.adzuna.co.uk/jobs/land/ad/5575717547?se=SgmZxcgA8RG27sBWXwN7yg&utm_medium=api&utm_source=026f28a2&v=443426C318EF4F72FD990A0849EE4F215C371A2B""}, {""source"": ""Adzuna"", ""url"": ""https://www.adzuna.co.uk/jobs/land/ad/5577651934?se=SgmZxcgA8RG27sBWXwN7yg&utm_medium=api&utm_source=026f28a2&v=000DFF7E07F5CE27C72F55961928765F731BEB6F""}]"
Java Software Engineer,Engineering,2,"Hunslet, Heeley",Senior,On-site,['Java'],"[{""source"": ""Adzuna"", ""url"": ""https://www.adzuna.co.uk/jobs/land/ad/5611227134?se=TJbHrcgA8RGV19jEQmXbTQ&utm_medium=api&utm_source=026f28a2&v=AC2CB092B66805522969FD6E8BBA0CAF81CABA8B""}, {""source"": ""Adzuna"", ""url"": ""https://www.adzuna.co.uk/jobs/land/ad/5611129616?se=CkM4r8gA8RGhuY8Zc5lhIQ&utm_medium=api&utm_source=026f28a2&v=5B2F5DF8D465F3E627DBA0B73E49D9B78D46F14B""}]"
Junior Data Analyst,Data,2,"Loughborough, London",Mid,Hybrid,"['Data Analysis', 'Python', 'SQL']","[{""source"": ""Adzuna"", ""url"": ""https://www.adzuna.co.uk/jobs/land/ad/5600787834?se=5FtQuMgA8RG27sBWXwN7yg&utm_medium=api&utm_source=026f28a2&v=D465C20142401D98396403A2B02962A51DE3D506""}, {""source"": ""Adzuna"", ""url"": ""https://www.adzuna.co.uk/jobs/land/ad/5575507723?se=5FtQuMgA8RG27sBWXwN7yg&utm_medium=api&utm_source=026f28a2&v=93A0A70A6CC38469C382EEEE822BFA93D832E998""}]"
Junior Data Scientist,Data,1,London,Mid,On-site,['Python'],"[{""source"": ""Adzuna"", ""url"": ""https://www.adzuna.co.uk/jobs/land/ad/5575505124?se=1rQzvMgA8RGV19jEQmXbTQ&utm_medium=api&utm_source=026f28a2&v=FE8EEB6F3BA22B95EBAC897030908D0A152EB684""}]"
Junior Product Owner Asset Management / Oms,Product,1,London,Mid,Hybrid,"['Roadmapping', 'Stakeholder Management']","[{""source"": ""Adzuna"", ""url"": ""https://www.adzuna.co.uk/jobs/land/ad/5602647538?se=wsjwwsgA8RG27sBWXwN7yg&utm_medium=api&utm_source=026f28a2&v=B9F73ADFEFC97DABB17109FF3EAFB1B7907F6324""}]"
Junior Software Engineer (Client Facing Analytics),Data,1,London,Senior,On-site,"['Data Analysis', 'SQL']","[{""source"": ""Adzuna"", ""url"": ""https://www.adzuna.co.uk/jobs/land/ad/5591024753?se=yGTuvsgA8RGhuY8Zc5lhIQ&utm_medium=api&utm_source=026f28a2&v=26913B35F08B4F571172B3FF9B687691699ED77E""}]"
Junior Ux Designer,Design,4,"Manchester, Fareham, Rusholme",Senior,Hybrid,"['UI', 'UX']","[{""source"": ""Adzuna"", ""url"": ""https://www.adzuna.co.uk/jobs/land/ad/5602538097?se=bhIX48gA8RGI2N0cIjSMgQ&utm_medium=api&utm_source=026f28a2&v=B53D19C141EAC61C7F82FA71F4C63D4E5DF16268""}, {""source"": ""Adzuna"", ""url"": ""https://www.adzuna.co.uk/jobs/details/5604087240?utm_medium=api&utm_source=026f28a2""}, {""source"": ""Adzuna"", ""url"": ""https://www.adzuna.co.uk/jobs/land/ad/5602354863?se=Hth35MgA8RG27sBWXwN7yg&utm_medium=api&utm_source=026f28a2&v=7AAF869DC5946351175A1ACCB330E2EC8B84D08D""}, {""source"": ""Adzuna"", ""url"": ""https://www.adzuna.co.uk/jobs/details/5603230657?utm_medium=api&utm_source=026f28a2""}]"
Key Account Manager – Secondary Care,Healthcare,2,"The City, London",Mid,On-site,['Clinical Knowledge'],"[{""source"": ""Adzuna"", ""url"": ""https://www.adzuna.co.uk/jobs/land/ad/5583883341?se=jBIq38gA8RGV19jEQmXbTQ&utm_medium=api&utm_source=026f28a2&v=DADF188585FB4EDA5DC5FB3BB81183D2A1CD2844""}, {""source"": ""Adzuna"", ""url"": ""https://www.adzuna.co.uk/jobs/land/ad/5583880002?se=jBIq38gA8RGV19jEQmXbTQ&utm_medium=api&utm_source=026f28a2&v=192AD8FC49EF5DA0BA88FFCC6926FF4B49461585""}]"
Kitchen Designer,Design,1,Sandiacre,Senior,On-site,"['UI', 'UX']","[{""source"": ""Adzuna"", ""url"": ""https://www.adzuna.co.uk/jobs/land/ad/5610069221?se=7BXT4cgA8RG27sBWXwN7yg&utm_medium=api&utm_source=026f28a2&v=A79E552BD83B2A07A9A39A491DE58D615FD766F6""}]"
Landscape Designer,Design,2,"Abbotts Barton, Winchester",Mid,On-site,"['UI', 'UX']","[{""source"": ""Adzuna"", ""url"": ""https://www.adzuna.co.uk/jobs/land/ad/5593840117?se=7BXT4cgA8RG27sBWXwN7yg&utm_medium=api&utm_source=026f28a2&v=500ED2DF99D89EE4DA3298CEEFB7E2E2B8DD8E9A""}, {""source"": ""Adzuna"", ""url"": ""https://www.adzuna.co.uk/jobs/land/ad/5590337111?se=7BXT4cgA8RG27sBWXwN7yg&utm_medium=api&utm_source=026f28a2&v=0D86C405AEC57A0A7295145658A5C6DE72548FE9""}]"
Lead & Tender Coordinator,Healthcare,1,Leicester,Mid,On-site,['Clinical Knowledge'],"[{""source"": ""Adzuna"", ""url"": ""https://www.adzuna.co.uk/jobs/details/5592809400?utm_medium=api&utm_source=026f28a2""}]"
"Lead Analytical Scientist, Mass Spectrometry Focused",Data,1,North West England,Senior,On-site,"['Data Analysis', 'SQL']","[{""source"": ""Adzuna"", ""url"": ""https://www.adzuna.co.uk/jobs/land/ad/5597198188?se=3GmBvcgA8RGhuY8Zc5lhIQ&utm_medium=api&utm_source=026f28a2&v=FF218C75AEB7374C581AC908CCDD1C5B70F9F2BC""}]"
Lead Azure Devops Engineer,Engineering,1,UK,Senior,On-site,['Azure'],"[{""source"": ""Adzuna"", ""url"": ""https://www.adzuna.co.uk/jobs/details/5584110525?utm_medium=api&utm_source=026f28a2""}]"
Lead Data Scientist,Data,3,"London, The City, UK",Senior,On-site,"['Data Analysis', 'SQL']","[{""source"": ""Adzuna"", ""url"": ""https://www.adzuna.co.uk/jobs/land/ad/5604104217?se=3NP2usgA8RGI2N0cIjSMgQ&utm_medium=api&utm_source=026f28a2&v=298EF569A4474BFAE41FF951709E629AA55E8A0A""}, {""source"": ""Adzuna"", ""url"": ""https://www.adzuna.co.uk/jobs/land/ad/5604103992?se=3NP2usgA8RGI2N0cIjSMgQ&utm_medium=api&utm_source=026f28a2&v=D6994BD4BC3AEF843F03B7E381A2BC7D76F1EC8D""}, {""source"": ""Adzuna"", ""url"": ""https://www.adzuna.co.uk/jobs/land/ad/5606049677?se=1rQzvMgA8RGV19jEQmXbTQ&utm_medium=api&utm_source=026f28a2&v=82E824E2B756FBD03CE39433B31CAD57B2C657EE""}]"
Lead Data Scientist - Drug Discovery,Data,1,London,Senior,On-site,"['Data Analysis', 'SQL']","[{""source"": ""Adzuna"", ""url"": ""https://www.adzuna.co.uk/jobs/land/ad/5580232038?se=3NP2usgA8RGI2N0cIjSMgQ&utm_medium=api&utm_source=026f28a2&v=30DD56A8AC993E696274A162AEDBBD4BB8316442""}]"
Lead Data Scientist - Remote,Data,1,Hermiston,Senior,On-site,"['Data Analysis', 'SQL']","[{""source"": ""Adzuna"", ""url"": ""https://www.adzuna.co.uk/jobs/land/ad/5610466738?se=3NP2usgA8RGI2N0cIjSMgQ&utm_medium=api&utm_source=026f28a2&v=C70518A6870BA04B77CCA728FB60D17840EC57D3""}]"
Lead Devops Engineer,Engineering,3,"Birmingham, Manchester Science Park, Longbenton",Senior,Hybrid,"['Problem Solving', 'System Design']","[{""source"": ""Adzuna"", ""url"": ""https://www.adzuna.co.uk/jobs/land/ad/5598598245?se=qqN8sMgA8RGI2N0cIjSMgQ&utm_medium=api&utm_source=026f28a2&v=014475874103AA3BE2018185AA49661D00196BB0""}, {""source"": ""Adzuna"", ""url"": ""https://www.adzuna.co.uk/jobs/land/ad/5601005921?se=qqN8sMgA8RGI2N0cIjSMgQ&utm_medium=api&utm_source=026f28a2&v=0B3BB3B39997855CED35130A25C6010059A2ADEE""}, {""source"": ""Adzuna"", ""url"": ""https://www.adzuna.co.uk/jobs/land/ad/5601243002?se=qqN8sMgA8RGI2N0cIjSMgQ&utm_medium=api&utm_source=026f28a2&v=0406D5E4A1B2B204CF5FB910742098C11427CD86""}]"
Lead Devops Engineer Aws,Engineering,1,Leeds,Senior,On-site,"['Problem Solving', 'System Design']","[{""source"": ""Adzuna"", ""url"": ""https://www.adzuna.co.uk/jobs/land/ad/5598848582?se=qqN8sMgA8RGI2N0cIjSMgQ&utm_medium=api&utm_source=026f28a2&v=C35B43661B46F0F447F334B27E1E872F6F382AB6""}]"
Lead Embedded Software Engineer,Engineering,1,Edinburgh,Senior,On-site,"['Problem Solving', 'System Design']","[{""source"": ""Adzuna"", ""url"": ""https://www.adzuna.co.uk/jobs/land/ad/5588943021?se=CkM4r8gA8RGhuY8Zc5lhIQ&utm_medium=api&utm_source=026f28a2&v=0F5E0AE392F7E25C561E36BB9C295DF312FD8296""}]"
Lead Mechanical Design Engineer,Engineering,8,"Canal Foot, The Hill, Heysham",Senior,Hybrid,"['Problem Solving', 'System Design']","[{""source"": ""Adzuna"", ""url"": ""https://www.adzuna.co.uk/jobs/land/ad/5526810149?se=JM5qtMgA8RGhuY8Zc5lhIQ&utm_medium=api&utm_source=026f28a2&v=671697BD9BDD95B9880733ADA602C9B416C7781B""}, {""source"": ""Adzuna"", ""url"": ""https://www.adzuna.co.uk/jobs/land/ad/5526810152?se=JM5qtMgA8RGhuY8Zc5lhIQ&utm_medium=api&utm_source=026f28a2&v=A24D8915BC27407B7F527BDC776683DE3233D3CA""}, {""source"": ""Adzuna"", ""url"": ""https://www.adzuna.co.uk/jobs/land/ad/5526810131?se=JM5qtMgA8RGhuY8Zc5lhIQ&utm_medium=api&utm_source=026f28a2&v=BD3D78CE25E7A485950CD2A7FF6D118A5F52A300""}, {""source"": ""Adzuna"", ""url"": ""https://www.adzuna.co.uk/jobs/land/ad/5526810150?se=JM5qtMgA8RGhuY8Zc5lhIQ&utm_medium=api&utm_source=026f28a2&v=65C8EE98B8654E2A576EEF5F60DE969096A8E855""}, {""source"": ""Adzuna"", ""url"": ""https://www.adzuna.co.uk/jobs/land/ad/5526810130?se=JM5qtMgA8RGhuY8Zc5lhIQ&utm_medium=api&utm_source=026f28a2&v=43A6289B54C29D00A0A2D4C330C9918DF2C9A56A""}, {""source"": ""Adzuna"", ""url"": ""https://www.adzuna.co.uk/jobs/land/ad/5526810155?se=JM5qtMgA8RGhuY8Zc5lhIQ&utm_medium=api&utm_source=026f28a2&v=2E61889884BBB629F18E8F4A63C667A2C9CDEF14""}, {""source"": ""Adzuna"", ""url"": ""https://www.adzuna.co.uk/jobs/land/ad/5526810145?se=JM5qtMgA8RGhuY8Zc5lhIQ&utm_medium=api&utm_source=026f28a2&v=C3C1642A74D9E5D0238A0FE04FDC94CB4FEE094D""}, {""source"": ""Adzuna"", ""url"": ""https://www.adzuna.co.uk/jobs/land/ad/5526810151?se=JM5qtMgA8RGhuY8Zc5lhIQ&utm_medium=api&utm_source=026f28a2&v=C5A92CD9C5F17178ABEC74996CD4EB119CECB41B""}]"
Lead Mechanical Engineer – Product Assurance,Engineering,8,"Flookburgh, The Hill, Heysham",Senior,Hybrid,"['Problem Solving', 'System Design']","[{""source"": ""Adzuna"", ""url"": ""https://www.adzuna.co.uk/jobs/land/ad/5515486912?se=wF0Js8gA8RGV19jEQmXbTQ&utm_medium=api&utm_source=026f28a2&v=71BBB49A02ED1A832AEFB34699E45F7D422BA8EB""}, {""source"": ""Adzuna"", ""url"": ""https://www.adzuna.co.uk/jobs/land/ad/5515486919?se=wF0Js8gA8RGV19jEQmXbTQ&utm_medium=api&utm_source=026f28a2&v=9AADEFA83BE247D9D87AF7AC8382515E1182A192""}, {""source"": ""Adzuna"", ""url"": ""https://www.adzuna.co.uk/jobs/land/ad/5515486933?se=wF0Js8gA8RGV19jEQmXbTQ&utm_medium=api&utm_source=026f28a2&v=C34136E4C9492CECADA1B322B1C04BEF2092C394""}, {""source"": ""Adzuna"", ""url"": ""https://www.adzuna.co.uk/jobs/land/ad/5515486923?se=wF0Js8gA8RGV19jEQmXbTQ&utm_medium=api&utm_source=026f28a2&v=87CB2A3B9FE8267399FCEA0F6E6CB3144412635A""}, {""source"": ""Adzuna"", ""url"": ""https://www.adzuna.co.uk/jobs/land/ad/5515486924?se=wF0Js8gA8RGV19jEQmXbTQ&utm_medium=api&utm_source=026f28a2&v=9F1C63900AB86E303F4FAC20E1B6B2C032C935CC""}, {""source"": ""Adzuna"", ""url"": ""https://www.adzuna.co.uk/jobs/land/ad/5515486926?se=wF0Js8gA8RGV19jEQmXbTQ&utm_medium=api&utm_source=026f28a2&v=01228DB0D14746D7A90AC10BFD5CABCFF426A9B6""}, {""source"": ""Adzuna"", ""url"": ""https://www.adzuna.co.uk/jobs/land/ad/5515486931?se=wF0Js8gA8RGV19jEQmXbTQ&utm_medium=api&utm_source=026f28a2&v=B2DD07F025B3A9AEB4231E635098F96FFCE7F5AC""}, {""source"": ""Adzuna"", ""url"": ""https://www.adzuna.co.uk/jobs/land/ad/5515486918?se=wF0Js8gA8RGV19jEQmXbTQ&utm_medium=api&utm_source=026f28a2&v=9D6E96BDACA8DC1744618DCA4AE8A807F9AF54ED""}]"
Lead Product Manager,Product,1,Swansea,Senior,Hybrid,"['Roadmapping', 'Stakeholder Management']","[{""source"": ""Adzuna"", ""url"": ""https://www.adzuna.co.uk/jobs/land/ad/5582107308?se=sgdRwMgA8RGhuY8Zc5lhIQ&utm_medium=api&utm_source=026f28a2&v=96F3C13DD68D7D76FFE1D0F666AB36D648BAA48E""}]"
Lead Product Manager - Integrations,Product,1,Maidstone,Senior,On-site,"['Roadmapping', 'Stakeholder Management']","[{""source"": ""Adzuna"", ""url"": ""https://www.adzuna.co.uk/jobs/land/ad/5610467806?se=sgdRwMgA8RGhuY8Zc5lhIQ&utm_medium=api&utm_source=026f28a2&v=1839D250F2D929145FED485F9AE7C82DBEFC3126""}]"
Lead Project Engineer - Pharma Batch Process,Healthcare,1,UK,Senior,On-site,['Clinical Knowledge'],"[{""source"": ""Adzuna"", ""url"": ""https://www.adzuna.co.uk/jobs/details/5210484707?utm_medium=api&utm_source=026f28a2""}]"
Lead Software Engineer,Engineering,4,"Belgrave, Belfast, Redhill",Senior,Hybrid,"['Problem Solving', 'System Design']","[{""source"": ""Adzuna"", ""url"": ""https://www.adzuna.co.uk/jobs/land/ad/5567781145?se=CkM4r8gA8RGhuY8Zc5lhIQ&utm_medium=api&utm_source=026f28a2&v=FA84995D7CCBC6546E2D2A03046B016BB3F3D4DD""}, {""source"": ""Adzuna"", ""url"": ""https://www.adzuna.co.uk/jobs/land/ad/5580121213?se=CkM4r8gA8RGhuY8Zc5lhIQ&utm_medium=api&utm_source=026f28a2&v=1E2CAD77427B21D9641790249C670A2560B78729""}, {""source"": ""Adzuna"", ""url"": ""https://www.adzuna.co.uk/jobs/land/ad/5600772483?se=CkM4r8gA8RGhuY8Zc5lhIQ&utm_medium=api&utm_source=026f28a2&v=8333FEEB044AF77721845B7E77A0D72DE6964EAD""}, {""source"": ""Adzuna"", ""url"": ""https://www.adzuna.co.uk/jobs/land/ad/5606108881?se=CkM4r8gA8RGhuY8Zc5lhIQ&utm_medium=api&utm_source=026f28a2&v=8A0CA0227376ED7AAB270A3FF14033D8D5ED15AC""}]"
Lead Ux Designer,Design,2,"Lillington, UK",Mid,Hybrid,"['UI', 'UX']","[{""source"": ""Adzuna"", ""url"": ""https://www.adzuna.co.uk/jobs/land/ad/5585922492?se=Hth35MgA8RG27sBWXwN7yg&utm_medium=api&utm_source=026f28a2&v=0FE5C9288C973FD0001A7FF6463815604BEF2917""}, {""source"": ""Adzuna"", ""url"": ""https://www.adzuna.co.uk/jobs/details/5210482889?utm_medium=api&utm_source=026f28a2""}]"
Legacy And In-Memory Marketing Manager,Marketing,3,"Peterborough, Cambridgeshire",Mid,Hybrid,"['Campaigns', 'SEO']","[{""source"": ""Adzuna"", ""url"": ""https://www.adzuna.co.uk/jobs/land/ad/5583825873?se=TEEuzsgA8RG27sBWXwN7yg&utm_medium=api&utm_source=026f28a2&v=6ADF43208F4F7757F6D30529947058357DF4ACDB""}, {""source"": ""Adzuna"", ""url"": ""https://www.adzuna.co.uk/jobs/land/ad/5583597764?se=1uV2z8gA8RG27sBWXwN7yg&utm_medium=api&utm_source=026f28a2&v=6805CA693C4FDD4286B66AF484CC10F0A893B396""}, {""source"": ""Adzuna"", ""url"": ""https://www.adzuna.co.uk/jobs/land/ad/5607948906?se=1uV2z8gA8RG27sBWXwN7yg&utm_medium=api&utm_source=026f28a2&v=2CD9FECE0A0E422DF0928AEFF833EC49AB1934AC""}]"
Legal Marketing Manager,Marketing,1,Farnham,Mid,On-site,"['Campaigns', 'SEO']","[{""source"": ""Adzuna"", ""url"": ""https://www.adzuna.co.uk/jobs/land/ad/5606771674?se=TEEuzsgA8RG27sBWXwN7yg&utm_medium=api&utm_source=026f28a2&v=9350A616D61DEC04976D9647E54EBABA3EF348F3""}]"
Legal Operations Manager,Business,1,Belfast,Mid,On-site,"['Analysis', 'Communication']","[{""source"": ""Adzuna"", ""url"": ""https://www.adzuna.co.uk/jobs/land/ad/5578968115?se=jkTCzMgA8RGhuY8Zc5lhIQ&utm_medium=api&utm_source=026f28a2&v=5497C9147523654AEF419D7BAA734703C42EF857""}]"
Llm Engineer | Pharma R&D | Central London | £70-80K,Healthcare,2,"St Paul's, London",Mid,On-site,['Clinical Knowledge'],"[{""source"": ""Adzuna"", ""url"": ""https://www.adzuna.co.uk/jobs/land/ad/5610224797?se=jBIq38gA8RGV19jEQmXbTQ&utm_medium=api&utm_source=026f28a2&v=4BFB3D33769CFE891E2C246195D72BCD1B21F11C""}, {""source"": ""Adzuna"", ""url"": ""https://www.adzuna.co.uk/jobs/details/5610289424?utm_medium=api&utm_source=026f28a2""}]"
Logistics And Procurement Finance Analyst,Finance,1,Chalvey,Mid,On-site,"['Accounting', 'Reporting']","[{""source"": ""Adzuna"", ""url"": ""https://www.adzuna.co.uk/jobs/land/ad/5577790863?se=2ND21cgA8RG27sBWXwN7yg&utm_medium=api&utm_source=026f28a2&v=283251AA8A3802BD8C17CC5F17F4861EC1EF87DA""}]"
Logistics Software Engineer,Engineering,1,Havant,Mid,On-site,"['Problem Solving', 'System Design']","[{""source"": ""Adzuna"", ""url"": ""https://www.adzuna.co.uk/jobs/land/ad/5574729599?se=CkM4r8gA8RGhuY8Zc5lhIQ&utm_medium=api&utm_source=026f28a2&v=8C3C166A9E62C877FEEC5C34BBD4C09058F7849E""}]"
Management Accountant,Finance,22,"Belfast, London, Oxford",Mid,On-site,"['Accounting', 'Reporting']","[{""source"": ""Adzuna"", ""url"": ""https://www.adzuna.co.uk/jobs/land/ad/5581957678?se=eiFD08gA8RGV19jEQmXbTQ&utm_medium=api&utm_source=026f28a2&v=36865FA172577948C8FCF6C4EA0A4DDB91089A67""}, {""source"": ""Adzuna"", ""url"": ""https://www.adzuna.co.uk/jobs/land/ad/5549282268?se=eiFD08gA8RGV19jEQmXbTQ&utm_medium=api&utm_source=026f28a2&v=34817B9705BE6557247AC8BC739FF9645A4F4DAC""}, {""source"": ""Adzuna"", ""url"": ""https://www.adzuna.co.uk/jobs/land/ad/5549282769?se=eiFD08gA8RGV19jEQmXbTQ&utm_medium=api&utm_source=026f28a2&v=AB6D0591F661C41A221F9D419248EC2CAF7A5B9E""}, {""source"": ""Adzuna"", ""url"": ""https://www.adzuna.co.uk/jobs/land/ad/5587820495?se=eiFD08gA8RGV19jEQmXbTQ&utm_medium=api&utm_source=026f28a2&v=5DFB144EF94E25507C10AD1DEAD6A346668CA5FB""}, {""source"": ""Adzuna"", ""url"": ""https://www.adzuna.co.uk/jobs/land/ad/5549283172?se=eiFD08gA8RGV19jEQmXbTQ&utm_medium=api&utm_source=026f28a2&v=A9EF3DDE47F52B677EDBBA0D20A72D0CAB4B1471""}, {""source"": ""Adzuna"", ""url"": ""https://www.adzuna.co.uk/jobs/land/ad/5549282231?se=eiFD08gA8RGV19jEQmXbTQ&utm_medium=api&utm_source=026f28a2&v=3CF2BA7AB07352AFE6E9C70DD5715BC918B3CCDC""}, {""source"": ""Adzuna"", ""url"": ""https://www.adzuna.co.uk/jobs/land/ad/5549283420?se=Fmmp1MgA8RGI2N0cIjSMgQ&utm_medium=api&utm_source=026f28a2&v=EE4FC69EDF6CC2F2FADDE579D614E6EA979328AF""}, {""source"": ""Adzuna"", ""url"": ""https://www.adzuna.co.uk/jobs/land/ad/5553091911?se=Fmmp1MgA8RGI2N0cIjSMgQ&utm_medium=api&utm_source=026f28a2&v=4961F498B650450F3D99A7C26271B78842CEB377""}, {""source"": ""Adzuna"", ""url"": ""https://www.adzuna.co.uk/jobs/land/ad/5581957649?se=Fmmp1MgA8RGI2N0cIjSMgQ&utm_medium=api&utm_source=026f28a2&v=764F313CB46510F263F13BD5B79C59BCBC6C6856""}, {""source"": ""Adzuna"", ""url"": ""https://www.adzuna.co.uk/jobs/land/ad/5581957711?se=Fmmp1MgA8RGI2N0cIjSMgQ&utm_medium=api&utm_source=026f28a2&v=E070BE862B79FAADED5E0E285DC4A281F17F0B6A""}, {""source"": ""Adzuna"", ""url"": ""https://www.adzuna.co.uk/jobs/land/ad/5581957663?se=Fmmp1MgA8RGI2N0cIjSMgQ&utm_medium=api&utm_source=026f28a2&v=3844D8D26B264084FECDF4F3B53FD77C6A77E162""}, {""source"": ""Adzuna"", ""url"": ""https://www.adzuna.co.uk/jobs/land/ad/5593243039?se=Fmmp1MgA8RGI2N0cIjSMgQ&utm_medium=api&utm_source=026f28a2&v=B0E80F45054F3889DA96727EAE112AC46A442F5D""}, {""source"": ""Adzuna"", ""url"": ""https://www.adzuna.co.uk/jobs/land/ad/5600787912?se=Fmmp1MgA8RGI2N0cIjSMgQ&utm_medium=api&utm_source=026f28a2&v=B2E3D9387DD4D84D72EF89766EBDFD4AC174B137""}, {""source"": ""Adzuna"", ""url"": ""https://www.adzuna.co.uk/jobs/land/ad/5560787011?se=Fmmp1MgA8RGI2N0cIjSMgQ&utm_medium=api&utm_source=026f28a2&v=E1678C9CAC3E5E670D290F087AD428AE7FCB280F""}, {""source"": ""Adzuna"", ""url"": ""https://www.adzuna.co.uk/jobs/land/ad/5549282688?se=Fmmp1MgA8RGI2N0cIjSMgQ&utm_medium=api&utm_source=026f28a2&v=4B96BA89060FFC4BFEA4FBEA3BB1417C02AA5489""}, {""source"": ""Adzuna"", ""url"": ""https://www.adzuna.co.uk/jobs/land/ad/5593243042?se=Fmmp1MgA8RGI2N0cIjSMgQ&utm_medium=api&utm_source=026f28a2&v=E2E4F5B9C83BF2CFA512AAE6ED511D1AD3A66679""}, {""source"": ""Adzuna"", ""url"": ""https://www.adzuna.co.uk/jobs/land/ad/5586056595?se=Fmmp1MgA8RGI2N0cIjSMgQ&utm_medium=api&utm_source=026f28a2&v=E508D901621D92F7E1D734F13264D5446BA56E20""}, {""source"": ""Adzuna"", ""url"": ""https://www.adzuna.co.uk/jobs/land/ad/5593243057?se=Fmmp1MgA8RGI2N0cIjSMgQ&utm_medium=api&utm_source=026f28a2&v=047F529520AF8262E0CCA99CAC544C18AE589063""}, {""source"": ""Adzuna"", ""url"": ""https://www.adzuna.co.uk/jobs/land/ad/5549283580?se=Fmmp1MgA8RGI2N0cIjSMgQ&utm_medium=api&utm_source=026f28a2&v=D879B85D3768F58FDFB90BF428A7D21B21E9C51F""}, {""source"": ""Adzuna"", ""url"": ""https://www.adzuna.co.uk/jobs/land/ad/5549282438?se=Fmmp1MgA8RGI2N0cIjSMgQ&utm_medium=api&utm_source=026f28a2&v=FC116B87147115A69D448F33D35A23BECB482549""}, {""source"": ""Adzuna"", ""url"": ""https://www.adzuna.co.uk/jobs/land/ad/5581957776?se=Fmmp1MgA8RGI2N0cIjSMgQ&utm_medium=api&utm_source=026f28a2&v=8AF5E826DE74EB2244623B38A4093A42D4DE9C30""}, {""source"": ""Adzuna"", ""url"": ""https://www.adzuna.co.uk/jobs/land/ad/5549283406?se=Fmmp1MgA8RGI2N0cIjSMgQ&utm_medium=api&utm_source=026f28a2&v=D75EB1087AA0F8C35E2B43F555EC8008BA51D13D""}]"
Management Accountant,Healthcare,1,Great Hallingbury,Senior,On-site,['Clinical Knowledge'],"[{""source"": ""Adzuna"", ""url"": ""https://www.adzuna.co.uk/jobs/land/ad/5601019002?se=jBIq38gA8RGV19jEQmXbTQ&utm_medium=api&utm_source=026f28a2&v=F42AA1F755D675D17A9EC55F5D39FD3B9BE88695""}]"
Manager (Analytics),Data,1,Soho,Mid,On-site,"['Data Analysis', 'SQL']","[{""source"": ""Adzuna"", ""url"": ""https://www.adzuna.co.uk/jobs/details/5419163812?utm_medium=api&utm_source=026f28a2""}]"
"Manager, Project Management (Clinical Research)",Healthcare,1,Chiswick,Mid,On-site,['Clinical Knowledge'],"[{""source"": ""Adzuna"", ""url"": ""https://www.adzuna.co.uk/jobs/land/ad/5590330851?se=IjGM3MgA8RG27sBWXwN7yg&utm_medium=api&utm_source=026f28a2&v=A1B5F129A4DAFAB092A78A3C65B1D0B3FE790548""}]"
Managing Consultant,Business,1,Holbeck,Senior,On-site,"['Analysis', 'Communication']","[{""source"": ""Adzuna"", ""url"": ""https://www.adzuna.co.uk/jobs/land/ad/5606063638?se=5oxhycgA8RGhuY8Zc5lhIQ&utm_medium=api&utm_source=026f28a2&v=F4472D2037170E329987A9065C30DB0DA22A1D09""}]"
Manufacturing Data Scientist,Data,1,Merseyside,Mid,On-site,"['Data Analysis', 'SQL']","[{""source"": ""Adzuna"", ""url"": ""https://www.adzuna.co.uk/jobs/land/ad/5591551204?se=3NP2usgA8RGI2N0cIjSMgQ&utm_medium=api&utm_source=026f28a2&v=9612DF8382CBE5723D367DF3D8A5174C175B3BA4""}]"
Manufacturing Systems Software Engineer,Engineering,1,Wrexham,Senior,On-site,"['Problem Solving', 'System Design']","[{""source"": ""Adzuna"", ""url"": ""https://www.adzuna.co.uk/jobs/land/ad/5589109975?se=CkM4r8gA8RGhuY8Zc5lhIQ&utm_medium=api&utm_source=026f28a2&v=28189FB54DE8662350F9C94E2BD6F0F336AEAD0B""}]"
Marine & Bike Marketing Manager,Marketing,1,Northampton,Senior,On-site,"['Campaigns', 'SEO']","[{""source"": ""Adzuna"", ""url"": ""https://www.adzuna.co.uk/jobs/land/ad/5575157216?se=1uV2z8gA8RG27sBWXwN7yg&utm_medium=api&utm_source=026f28a2&v=1108C5777F42EC9ECE8B940663F9D1B75AB92A37""}]"
Marketing Manager,Marketing,29,"Egham, Stone Cross, Heathfield",Senior,On-site,"['Campaigns', 'SEO']","[{""source"": ""Adzuna"", ""url"": ""https://www.adzuna.co.uk/jobs/land/ad/5611103663?se=TEEuzsgA8RG27sBWXwN7yg&utm_medium=api&utm_source=026f28a2&v=B8E0519CEF674AB4A6613AFF6A83294697254DCE""}, {""source"": ""Adzuna"", ""url"": ""https://www.adzuna.co.uk/jobs/land/ad/5573647065?se=TEEuzsgA8RG27sBWXwN7yg&utm_medium=api&utm_source=026f28a2&v=913DF5DCE7071D1E5F91A6A771027F3A5902E859""}, {""source"": ""Adzuna"", ""url"": ""https://www.adzuna.co.uk/jobs/land/ad/5580459035?se=TEEuzsgA8RG27sBWXwN7yg&utm_medium=api&utm_source=026f28a2&v=9B653DAE0BFB484504FB5509E6F203EFDA77D135""}, {""source"": ""Adzuna"", ""url"": ""https://www.adzuna.co.uk/jobs/land/ad/5601249441?se=TEEuzsgA8RG27sBWXwN7yg&utm_medium=api&utm_source=026f28a2&v=98E14464B2DDFEEABC05F301370BE474F04F141C""}, {""source"": ""Adzuna"", ""url"": ""https://www.adzuna.co.uk/jobs/land/ad/5587266236?se=TEEuzsgA8RG27sBWXwN7yg&utm_medium=api&utm_source=026f28a2&v=1728AB99AAB30997A93EFE7C64A37CE84BC38859""}, {""source"": ""Adzuna"", ""url"": ""https://www.adzuna.co.uk/jobs/land/ad/5587816623?se=TEEuzsgA8RG27sBWXwN7yg&utm_medium=api&utm_source=026f28a2&v=0CA99296C1E0442BC54041C6A62342B74F4F5DE2""}, {""source"": ""Adzuna"", ""url"": ""https://www.adzuna.co.uk/jobs/land/ad/5587266223?se=TEEuzsgA8RG27sBWXwN7yg&utm_medium=api&utm_source=026f28a2&v=ACBA1801D23AF27D25F264321B2529E829F73385""}, {""source"": ""Adzuna"", ""url"": ""https://www.adzuna.co.uk/jobs/land/ad/5611138375?se=TEEuzsgA8RG27sBWXwN7yg&utm_medium=api&utm_source=026f28a2&v=802EFBF6FC4325DB4480FCDFE8377D5EE655B709""}, {""source"": ""Adzuna"", ""url"": ""https://www.adzuna.co.uk/jobs/land/ad/5574748870?se=TEEuzsgA8RG27sBWXwN7yg&utm_medium=api&utm_source=026f28a2&v=E4B9D3D9F766EFDB5432F502B4A55AFF760E938E""}, {""source"": ""Adzuna"", ""url"": ""https://www.adzuna.co.uk/jobs/land/ad/5606753425?se=TEEuzsgA8RG27sBWXwN7yg&utm_medium=api&utm_source=026f28a2&v=F1F85F8EE76A2AF629A5B9F0E10D0975DA169B3B""}, {""source"": ""Adzuna"", ""url"": ""https://www.adzuna.co.uk/jobs/land/ad/5601249443?se=TEEuzsgA8RG27sBWXwN7yg&utm_medium=api&utm_source=026f28a2&v=33906CCBA5D742DF886BC53C7A7E34A6BDA1C034""}, {""source"": ""Adzuna"", ""url"": ""https://www.adzuna.co.uk/jobs/land/ad/5569005800?se=TEEuzsgA8RG27sBWXwN7yg&utm_medium=api&utm_source=026f28a2&v=4E90A3B3E43BBE7F727345DBDBC6DA66F695EFAB""}, {""source"": ""Adzuna"", ""url"": ""https://www.adzuna.co.uk/jobs/land/ad/5598630753?se=TEEuzsgA8RG27sBWXwN7yg&utm_medium=api&utm_source=026f28a2&v=11286E06B84B62BEA19D474026A1E699B5C1FB02""}, {""source"": ""Adzuna"", ""url"": ""https://www.adzuna.co.uk/jobs/land/ad/5604814824?se=1uV2z8gA8RG27sBWXwN7yg&utm_medium=api&utm_source=026f28a2&v=A98F7590A2AEE84DAE7D642591E80BDCA08C690E""}, {""source"": ""Adzuna"", ""url"": ""https://www.adzuna.co.uk/jobs/details/5574760367?utm_medium=api&utm_source=026f28a2""}, {""source"": ""Adzuna"", ""url"": ""https://www.adzuna.co.uk/jobs/details/5576954031?utm_medium=api&utm_source=026f28a2""}, {""source"": ""Adzuna"", ""url"": ""https://www.adzuna.co.uk/jobs/details/5568437616?utm_medium=api&utm_source=026f28a2""}, {""source"": ""Adzuna"", ""url"": ""https://www.adzuna.co.uk/jobs/details/5583937814?utm_medium=api&utm_source=026f28a2""}, {""source"": ""Adzuna"", ""url"": ""https://www.adzuna.co.uk/jobs/details/5611382920?utm_medium=api&utm_source=026f28a2""}, {""source"": ""Adzuna"", ""url"": ""https://www.adzuna.co.uk/jobs/details/5482713196?utm_medium=api&utm_source=026f28a2""}, {""source"": ""Adzuna"", ""url"": ""https://www.adzuna.co.uk/jobs/details/5591258370?utm_medium=api&utm_source=026f28a2""}, {""source"": ""Adzuna"", ""url"": ""https://www.adzuna.co.uk/jobs/details/5321433152?utm_medium=api&utm_source=026f28a2""}, {""source"": ""Adzuna"", ""url"": ""https://www.adzuna.co.uk/jobs/details/5584327094?utm_medium=api&utm_source=026f28a2""}, {""source"": ""Adzuna"", ""url"": ""https://www.adzuna.co.uk/jobs/details/5422275848?utm_medium=api&utm_source=026f28a2""}, {""source"": ""Adzuna"", ""url"": ""https://www.adzuna.co.uk/jobs/details/5517743852?utm_medium=api&utm_source=026f28a2""}, {""source"": ""Adzuna"", ""url"": ""https://www.adzuna.co.uk/jobs/details/5601013546?utm_medium=api&utm_source=026f28a2""}, {""source"": ""Adzuna"", ""url"": ""https://www.adzuna.co.uk/jobs/details/5604676109?utm_medium=api&utm_source=026f28a2""}, {""source"": ""Adzuna"", ""url"": ""https://www.adzuna.co.uk/jobs/details/5493966000?utm_medium=api&utm_source=026f28a2""}, {""source"": ""Adzuna"", ""url"": ""https://www.adzuna.co.uk/jobs/details/5587703973?utm_medium=api&utm_source=026f28a2""}]"
Marketing Manager (B2B),Marketing,1,Grangetown,Mid,Hybrid,"['Campaigns', 'SEO']","[{""source"": ""Adzuna"", ""url"": ""https://www.adzuna.co.uk/jobs/land/ad/5592262935?se=TEEuzsgA8RG27sBWXwN7yg&utm_medium=api&utm_source=026f28a2&v=1EA26CDC5BE4DA6397C2EFBA4818C5BEFD6B3078""}]"
Marketing Manager - Hospitality,Marketing,1,Hardrow,Mid,On-site,"['Campaigns', 'SEO']","[{""source"": ""Adzuna"", ""url"": ""https://www.adzuna.co.uk/jobs/land/ad/5599644171?se=TEEuzsgA8RG27sBWXwN7yg&utm_medium=api&utm_source=026f28a2&v=DB586B6F11D62D16CD5FCFB8D26C58A3F0C02BC5""}]"
Marketing Manager - Mat Cover,Marketing,1,UK,Mid,On-site,"['Campaigns', 'SEO']","[{""source"": ""Adzuna"", ""url"": ""https://www.adzuna.co.uk/jobs/land/ad/5607972043?se=TEEuzsgA8RG27sBWXwN7yg&utm_medium=api&utm_source=026f28a2&v=7219914A67B8201A074EB4F36393467E8C856CEA""}]"
Marketing Manager [C5235],Marketing,1,London,Mid,On-site,"['Campaigns', 'SEO']","[{""source"": ""Adzuna"", ""url"": ""https://www.adzuna.co.uk/jobs/land/ad/5597019361?se=TEEuzsgA8RG27sBWXwN7yg&utm_medium=api&utm_source=026f28a2&v=A38035609090A9BF0C9671D7BC8C2675D37D7B6F""}]"
Marketing Operations Manager,Marketing,1,Lozells,Senior,Remote,"['Campaigns', 'SEO']","[{""source"": ""Adzuna"", ""url"": ""https://www.adzuna.co.uk/jobs/land/ad/5594597491?se=1uV2z8gA8RG27sBWXwN7yg&utm_medium=api&utm_source=026f28a2&v=D270BBE3CEB83D24A1868A4AB38F387685B966D7""}]"
Marketing Project Manager (Pharma/ Women'S Health),Healthcare,1,Shoreditch,Senior,On-site,['Clinical Knowledge'],"[{""source"": ""Adzuna"", ""url"": ""https://www.adzuna.co.uk/jobs/land/ad/5603230968?se=bhvh3cgA8RGI2N0cIjSMgQ&utm_medium=api&utm_source=026f28a2&v=E3D834B48EB52312BD1BCC6A9A1B27374109B577""}]"
Mechanical Engineer,Engineering,35,"Coventry, Barrow-In-Furness, Portsmouth",Mid,On-site,"['C++', 'Problem Solving', 'System Design']","[{""source"": ""Adzuna"", ""url"": ""https://www.adzuna.co.uk/jobs/land/ad/5582976772?se=wF0Js8gA8RGV19jEQmXbTQ&utm_medium=api&utm_source=026f28a2&v=D3AF010C65306911D76D61FCFD7C982EEB7426F3""}, {""source"": ""Adzuna"", ""url"": ""https://www.adzuna.co.uk/jobs/land/ad/5530470606?se=wF0Js8gA8RGV19jEQmXbTQ&utm_medium=api&utm_source=026f28a2&v=43B3E3CFF432ACBA1EB61707A913F8E75975B0FA""}, {""source"": ""Adzuna"", ""url"": ""https://www.adzuna.co.uk/jobs/land/ad/5594705012?se=wF0Js8gA8RGV19jEQmXbTQ&utm_medium=api&utm_source=026f28a2&v=4EB137BEFBB1FCA4D133B8E49E2647A201DE91EE""}, {""source"": ""Adzuna"", ""url"": ""https://www.adzuna.co.uk/jobs/land/ad/5607343768?se=wF0Js8gA8RGV19jEQmXbTQ&utm_medium=api&utm_source=026f28a2&v=265173BD71E66CD5FD8F37F3BD7C52705B8E947F""}, {""source"": ""Adzuna"", ""url"": ""https://www.adzuna.co.uk/jobs/land/ad/5606063282?se=wF0Js8gA8RGV19jEQmXbTQ&utm_medium=api&utm_source=026f28a2&v=D626D6168D0B4E36381BD3EF605A3EA44284C654""}, {""source"": ""Adzuna"", ""url"": ""https://www.adzuna.co.uk/jobs/land/ad/5606246289?se=wF0Js8gA8RGV19jEQmXbTQ&utm_medium=api&utm_source=026f28a2&v=24F6E3CEBC6C2F6022DB12B7FD5BEF215ABEDA96""}, {""source"": ""Adzuna"", ""url"": ""https://www.adzuna.co.uk/jobs/land/ad/5587672702?se=wF0Js8gA8RGV19jEQmXbTQ&utm_medium=api&utm_source=026f28a2&v=89311A0C653EA47E56B6C3781E0155ADA454551C""}, {""source"": ""Adzuna"", ""url"": ""https://www.adzuna.co.uk/jobs/land/ad/5605930763?se=wF0Js8gA8RGV19jEQmXbTQ&utm_medium=api&utm_source=026f28a2&v=F2E2E2A07E4C51E124F641ACD172E8EECFF1D1B1""}, {""source"": ""Adzuna"", ""url"": ""https://www.adzuna.co.uk/jobs/land/ad/5580649031?se=wF0Js8gA8RGV19jEQmXbTQ&utm_medium=api&utm_source=026f28a2&v=0C5AAC4FA363762DB898B21231F776B1C7A77D18""}, {""source"": ""Adzuna"", ""url"": ""https://www.adzuna.co.uk/jobs/land/ad/5610713583?se=wF0Js8gA8RGV19jEQmXbTQ&utm_medium=api&utm_source=026f28a2&v=524BF7073D69D70C3536CA66C8D86D8ACDCD7B12""}, {""source"": ""Adzuna"", ""url"": ""https://www.adzuna.co.uk/jobs/land/ad/5598774570?se=wF0Js8gA8RGV19jEQmXbTQ&utm_medium=api&utm_source=026f28a2&v=A08BF14107C8054CB3ABEB11CFD3A32225CE5FB5""}, {""source"": ""Adzuna"", ""url"": ""https://www.adzuna.co.uk/jobs/land/ad/5587672680?se=JM5qtMgA8RGhuY8Zc5lhIQ&utm_medium=api&utm_source=026f28a2&v=661003A0269234D943AB42C69A32952AE76B62D9""}, {""source"": ""Adzuna"", ""url"": ""https://www.adzuna.co.uk/jobs/land/ad/5590337037?se=JM5qtMgA8RGhuY8Zc5lhIQ&utm_medium=api&utm_source=026f28a2&v=D5CF0553E38A880347C6BDB2BE0D25134C34D2D6""}, {""source"": ""Adzuna"", ""url"": ""https://www.adzuna.co.uk/jobs/land/ad/5587672694?se=JM5qtMgA8RGhuY8Zc5lhIQ&utm_medium=api&utm_source=026f28a2&v=1FDCC8C281129EF91CE9C522443FEEF5FC71202A""}, {""source"": ""Adzuna"", ""url"": ""https://www.adzuna.co.uk/jobs/land/ad/5583825919?se=JM5qtMgA8RGhuY8Zc5lhIQ&utm_medium=api&utm_source=026f28a2&v=20C26674F2D308F214E3FB20DF47BDDFD730C515""}, {""source"": ""Adzuna"", ""url"": ""https://www.adzuna.co.uk/jobs/land/ad/5592245514?se=JM5qtMgA8RGhuY8Zc5lhIQ&utm_medium=api&utm_source=026f28a2&v=9DE2BEDE540ACCBE11D7668A7207D53D0F990B0A""}, {""source"": ""Adzuna"", ""url"": ""https://www.adzuna.co.uk/jobs/land/ad/5595033865?se=JM5qtMgA8RGhuY8Zc5lhIQ&utm_medium=api&utm_source=026f28a2&v=29C3B8928B6FDBDD6ED9CF3C0EA92B2C728D6E60""}, {""source"": ""Adzuna"", ""url"": ""https://www.adzuna.co.uk/jobs/land/ad/5569383376?se=JM5qtMgA8RGhuY8Zc5lhIQ&utm_medium=api&utm_source=026f28a2&v=2531EFC316B526750AAA590402AFE0AE5786AE2F""}, {""source"": ""Adzuna"", ""url"": ""https://www.adzuna.co.uk/jobs/land/ad/5592013677?se=JM5qtMgA8RGhuY8Zc5lhIQ&utm_medium=api&utm_source=026f28a2&v=3737FEE58968B27F3C88E58A988DD2B5C7F42409""}, {""source"": ""Adzuna"", ""url"": ""https://www.adzuna.co.uk/jobs/land/ad/5585540483?se=JM5qtMgA8RGhuY8Zc5lhIQ&utm_medium=api&utm_source=026f28a2&v=69587A6ED3D84ED937060D6A3F247E7879483EBC""}, {""source"": ""Adzuna"", ""url"": ""https://www.adzuna.co.uk/jobs/land/ad/5573004137?se=JM5qtMgA8RGhuY8Zc5lhIQ&utm_medium=api&utm_source=026f28a2&v=451290E55CCA81FC34B300946819BC15AAA97D3D""}, {""source"": ""Adzuna"", ""url"": ""https://www.adzuna.co.uk/jobs/land/ad/5597015134?se=JM5qtMgA8RGhuY8Zc5lhIQ&utm_medium=api&utm_source=026f28a2&v=0928CF64807E412CA0B28EA91C25FB3F6B21D77B""}, {""source"": ""Adzuna"", ""url"": ""https://www.adzuna.co.uk/jobs/land/ad/5600772840?se=JM5qtMgA8RGhuY8Zc5lhIQ&utm_medium=api&utm_source=026f28a2&v=ADFCEE982C207F6FF934596488C1D72ED96703C5""}, {""source"": ""Adzuna"", ""url"": ""https://www.adzuna.co.uk/jobs/land/ad/5570831666?se=JM5qtMgA8RGhuY8Zc5lhIQ&utm_medium=api&utm_source=026f28a2&v=EDEEC93CA6B0A99EEEEB10B96B3B1D31A0FF9602""}, {""source"": ""Adzuna"", ""url"": ""https://www.adzuna.co.uk/jobs/land/ad/5606836110?se=JM5qtMgA8RGhuY8Zc5lhIQ&utm_medium=api&utm_source=026f28a2&v=C0FDEFA0FF9D8F8126868BFB9F8DF3334D556DBF""}, {""source"": ""Adzuna"", ""url"": ""https://www.adzuna.co.uk/jobs/land/ad/5596415451?se=JM5qtMgA8RGhuY8Zc5lhIQ&utm_medium=api&utm_source=026f28a2&v=4BB384C300A30C29F6845C02A712D66D247C6C5D""}, {""source"": ""Adzuna"", ""url"": ""https://www.adzuna.co.uk/jobs/land/ad/5611130517?se=JM5qtMgA8RGhuY8Zc5lhIQ&utm_medium=api&utm_source=026f28a2&v=75757CFAF7BD71DE4039E3E39B7C342C7DCDFCBB""}, {""source"": ""Adzuna"", ""url"": ""https://www.adzuna.co.uk/jobs/land/ad/5593868022?se=JM5qtMgA8RGhuY8Zc5lhIQ&utm_medium=api&utm_source=026f28a2&v=D2856A55BC3D29E046D77893F42337E4D3E9EB25""}, {""source"": ""Adzuna"", ""url"": ""https://www.adzuna.co.uk/jobs/land/ad/5607336022?se=JM5qtMgA8RGhuY8Zc5lhIQ&utm_medium=api&utm_source=026f28a2&v=C40ED1449F4AF07442BDF44E76A8E748A71C1D98""}, {""source"": ""Adzuna"", ""url"": ""https://www.adzuna.co.uk/jobs/land/ad/5610148635?se=JM5qtMgA8RGhuY8Zc5lhIQ&utm_medium=api&utm_source=026f28a2&v=DA4E21659454014111EE8BCBE95994DA1A15B0A1""}, {""source"": ""Adzuna"", ""url"": ""https://www.adzuna.co.uk/jobs/land/ad/5593867115?se=JM5qtMgA8RGhuY8Zc5lhIQ&utm_medium=api&utm_source=026f28a2&v=0FEA17A92DCB2B3BC720C6C026959CD6423AA71B""}, {""source"": ""Adzuna"", ""url"": ""https://www.adzuna.co.uk/jobs/land/ad/5591766722?se=JM5qtMgA8RGhuY8Zc5lhIQ&utm_medium=api&utm_source=026f28a2&v=84D63D848277DC08305439A5E38540660197AFB0""}, {""source"": ""Adzuna"", ""url"": ""https://www.adzuna.co.uk/jobs/land/ad/5589139830?se=JM5qtMgA8RGhuY8Zc5lhIQ&utm_medium=api&utm_source=026f28a2&v=4BC834769D2A01EF39EEF187DD9B4A38EDB47BFD""}, {""source"": ""Adzuna"", ""url"": ""https://www.adzuna.co.uk/jobs/land/ad/5610148654?se=JM5qtMgA8RGhuY8Zc5lhIQ&utm_medium=api&utm_source=026f28a2&v=5CBC5A82DCD810E9346194107F17BA392BFA54B7""}, {""source"": ""Adzuna"", ""url"": ""https://www.adzuna.co.uk/jobs/land/ad/5595333949?se=JM5qtMgA8RGhuY8Zc5lhIQ&utm_medium=api&utm_source=026f28a2&v=171D883E83C86564FFF5272CB65A461C305E3704""}]"
Mechanical Engineering Manager,Engineering,1,Fenchurch St,Mid,On-site,"['Problem Solving', 'System Design']","[{""source"": ""Adzuna"", ""url"": ""https://www.adzuna.co.uk/jobs/land/ad/5476297317?se=wF0Js8gA8RGV19jEQmXbTQ&utm_medium=api&utm_source=026f28a2&v=B3D914D3B1697B3270CC928B6CB5844B29764781""}]"
Medical Affairs Officer – Pharmacovigilance,Healthcare,1,Coopers Hill,Senior,On-site,['Clinical Knowledge'],"[{""source"": ""Adzuna"", ""url"": ""https://www.adzuna.co.uk/jobs/details/5532367483?utm_medium=api&utm_source=026f28a2""}]"
Medical Data Reviewer,Healthcare,1,UK,Senior,On-site,['Clinical Knowledge'],"[{""source"": ""Adzuna"", ""url"": ""https://www.adzuna.co.uk/jobs/details/5557829870?utm_medium=api&utm_source=026f28a2""}]"
Medical Device Marketing Manager,Marketing,1,Brentford,Mid,On-site,"['Campaigns', 'SEO']","[{""source"": ""Adzuna"", ""url"": ""https://www.adzuna.co.uk/jobs/land/ad/5585768050?se=TEEuzsgA8RG27sBWXwN7yg&utm_medium=api&utm_source=026f28a2&v=18B0AAB76A113EC9B3EE4705EC0E2161BAB667BD""}]"
Modernisation Operations Manager Uk&I,Business,1,South Wimbledon,Senior,On-site,"['Analysis', 'Communication']","[{""source"": ""Adzuna"", ""url"": ""https://www.adzuna.co.uk/jobs/land/ad/5610317926?se=tmvAysgA8RGhuY8Zc5lhIQ&utm_medium=api&utm_source=026f28a2&v=DBA6E6E2ACEA5042B5D5A0CCAA55384646183F5A""}]"
National Sales Manager(Pharma),Healthcare,1,London,Mid,On-site,['Clinical Knowledge'],"[{""source"": ""Adzuna"", ""url"": ""https://www.adzuna.co.uk/jobs/details/5329646261?utm_medium=api&utm_source=026f28a2""}]"
"Non Fs-Senior Manager Gds Value Architect _ Zbb, Cost Take Out, Procurement Spend Optimization, Ms",HR,1,UK,Mid,On-site,"['People Management', 'Recruitment']","[{""source"": ""Adzuna"", ""url"": ""https://www.adzuna.co.uk/jobs/details/5295889042?utm_medium=api&utm_source=026f28a2""}]"
Nurse,Healthcare,14,"Newmarket, Llandrindod Wells, Wrexham",Mid,On-site,['Clinical Knowledge'],"[{""source"": ""Adzuna"", ""url"": ""https://www.adzuna.co.uk/jobs/land/ad/5604053073?se=zh-C2MgA8RGhuY8Zc5lhIQ&utm_medium=api&utm_source=026f28a2&v=E6E24C18E96072BA0427DB39DD0148E81D3649A0""}, {""source"": ""Adzuna"", ""url"": ""https://www.adzuna.co.uk/jobs/land/ad/5604053091?se=zh-C2MgA8RGhuY8Zc5lhIQ&utm_medium=api&utm_source=026f28a2&v=56CAE3DB17889D5BE1B391E17D0090B6F554FE93""}, {""source"": ""Adzuna"", ""url"": ""https://www.adzuna.co.uk/jobs/land/ad/5604053229?se=zh-C2MgA8RGhuY8Zc5lhIQ&utm_medium=api&utm_source=026f28a2&v=389837A426369137111583A7D867F08B9AECFDB4""}, {""source"": ""Adzuna"", ""url"": ""https://www.adzuna.co.uk/jobs/land/ad/5604053070?se=zh-C2MgA8RGhuY8Zc5lhIQ&utm_medium=api&utm_source=026f28a2&v=70601CCEC93A491A043FB5E55046F662718D44D0""}, {""source"": ""Adzuna"", ""url"": ""https://www.adzuna.co.uk/jobs/land/ad/5604053026?se=zh-C2MgA8RGhuY8Zc5lhIQ&utm_medium=api&utm_source=026f28a2&v=C4328C676FD785D34A8B7C551B1D91034DD41BE7""}, {""source"": ""Adzuna"", ""url"": ""https://www.adzuna.co.uk/jobs/land/ad/5604629599?se=zh-C2MgA8RGhuY8Zc5lhIQ&utm_medium=api&utm_source=026f28a2&v=C887BA8DFC1328330841D0D57B87FB4DF4E595CE""}, {""source"": ""Adzuna"", ""url"": ""https://www.adzuna.co.uk/jobs/land/ad/5604629641?se=zh-C2MgA8RGhuY8Zc5lhIQ&utm_medium=api&utm_source=026f28a2&v=ADBBB0B35B3C0CC007F2FD8ECB3D62910BA5A77D""}, {""source"": ""Adzuna"", ""url"": ""https://www.adzuna.co.uk/jobs/land/ad/5606102264?se=zh-C2MgA8RGhuY8Zc5lhIQ&utm_medium=api&utm_source=026f28a2&v=97A0D5FD8B86B299537A5C74CC4A751E8E2CFE52""}, {""source"": ""Adzuna"", ""url"": ""https://www.adzuna.co.uk/jobs/land/ad/5604629643?se=zh-C2MgA8RGhuY8Zc5lhIQ&utm_medium=api&utm_source=026f28a2&v=901612E0EBA289D00F4AE574159A4B1AC5F84810""}, {""source"": ""Adzuna"", ""url"": ""https://www.adzuna.co.uk/jobs/land/ad/5576561166?se=zo7f2cgA8RG27sBWXwN7yg&utm_medium=api&utm_source=026f28a2&v=B4EE9EAAB88CE5528B2FB3DBEBA52E9EAAC9352C""}, {""source"": ""Adzuna"", ""url"": ""https://www.adzuna.co.uk/jobs/land/ad/5569383229?se=zo7f2cgA8RG27sBWXwN7yg&utm_medium=api&utm_source=026f28a2&v=D6F3A1A33FAD8BC437D36EAB2608DD167560A759""}, {""source"": ""Adzuna"", ""url"": ""https://www.adzuna.co.uk/jobs/land/ad/5569383174?se=zo7f2cgA8RG27sBWXwN7yg&utm_medium=api&utm_source=026f28a2&v=AE878EE8E0DAF3CF2C601BC972A4CDB615EA1C1F""}, {""source"": ""Adzuna"", ""url"": ""https://www.adzuna.co.uk/jobs/land/ad/5604053014?se=zo7f2cgA8RG27sBWXwN7yg&utm_medium=api&utm_source=026f28a2&v=BE30FA774FE18B834F09A190FF824CD6CC5B3354""}, {""source"": ""Adzuna"", ""url"": ""https://www.adzuna.co.uk/jobs/land/ad/5604053175?se=zo7f2cgA8RG27sBWXwN7yg&utm_medium=api&utm_source=026f28a2&v=BE96D4CEAC4EC0C9CCEF07FE69EEC6F1C3A7CD53""}]"
Nurse Assessor,Healthcare,1,Essex,Mid,Hybrid,['Clinical Knowledge'],"[{""source"": ""Adzuna"", ""url"": ""https://www.adzuna.co.uk/jobs/land/ad/5606244906?se=zh-C2MgA8RGhuY8Zc5lhIQ&utm_medium=api&utm_source=026f28a2&v=1257958B0C57AECA4EFE21D56EB9F17240D717F6""}]"
Nursery Operations Manager,Business,1,Stratford-Upon-Avon,Senior,On-site,"['Analysis', 'Communication']","[{""source"": ""Adzuna"", ""url"": ""https://www.adzuna.co.uk/jobs/land/ad/5577668516?se=tmvAysgA8RGhuY8Zc5lhIQ&utm_medium=api&utm_source=026f28a2&v=1B8BB8D0AD00D44F2E95166EE78509802C58C9B0""}]"
Oncology Clinical Researcher,Healthcare,2,"London, UK",Senior,On-site,['Clinical Knowledge'],"[{""source"": ""Adzuna"", ""url"": ""https://www.adzuna.co.uk/jobs/details/5578936750?utm_medium=api&utm_source=026f28a2""}, {""source"": ""Adzuna"", ""url"": ""https://www.adzuna.co.uk/jobs/details/5610800475?utm_medium=api&utm_source=026f28a2""}]"
Operational Manager,Business,1,Auchengray,Mid,On-site,"['Analysis', 'Communication']","[{""source"": ""Adzuna"", ""url"": ""https://www.adzuna.co.uk/jobs/land/ad/5606875902?se=tmvAysgA8RGhuY8Zc5lhIQ&utm_medium=api&utm_source=026f28a2&v=A2CCA1D47912C68334B163E5FEAD377610CAD587""}]"
Operations Executive - Digital Marketing,Marketing,1,Chester,Mid,Remote,"['Campaigns', 'SEO']","[{""source"": ""Adzuna"", ""url"": ""https://www.adzuna.co.uk/jobs/land/ad/5573648338?se=JLi00MgA8RG27sBWXwN7yg&utm_medium=api&utm_source=026f28a2&v=B9D3835947E0FA13007BE40F129FA9546172C1DB""}]"
Operations Manager,Business,67,"London, Farnham, UK",Senior,On-site,"['Analysis', 'C++', 'Communication']","[{""source"": ""Adzuna"", ""url"": ""https://www.adzuna.co.uk/jobs/land/ad/5553091592?se=tmvAysgA8RGhuY8Zc5lhIQ&utm_medium=api&utm_source=026f28a2&v=312F1733A0E5BD263263ADD13DA67B6B1C3CA219""}, {""source"": ""Adzuna"", ""url"": ""https://www.adzuna.co.uk/jobs/land/ad/5606244761?se=tmvAysgA8RGhuY8Zc5lhIQ&utm_medium=api&utm_source=026f28a2&v=AE60D7CD64E79429DBF15F658B7A62BB44292B90""}, {""source"": ""Adzuna"", ""url"": ""https://www.adzuna.co.uk/jobs/land/ad/5606903140?se=tmvAysgA8RGhuY8Zc5lhIQ&utm_medium=api&utm_source=026f28a2&v=5EBE4FD011AA68F68E0EE81515B299D6A6DA70BD""}, {""source"": ""Adzuna"", ""url"": ""https://www.adzuna.co.uk/jobs/land/ad/5577668951?se=tmvAysgA8RGhuY8Zc5lhIQ&utm_medium=api&utm_source=026f28a2&v=4EF16E2E5B4EA6CE34E6690CC28461029B691E11""}, {""source"": ""Adzuna"", ""url"": ""https://www.adzuna.co.uk/jobs/land/ad/5610214632?se=tmvAysgA8RGhuY8Zc5lhIQ&utm_medium=api&utm_source=026f28a2&v=5BE99820755B98956F1FC6CF7172A5CF6DBA9614""}, {""source"": ""Adzuna"", ""url"": ""https://www.adzuna.co.uk/jobs/land/ad/5606063651?se=tmvAysgA8RGhuY8Zc5lhIQ&utm_medium=api&utm_source=026f28a2&v=1AF78A508D2D20D723D80D8040AAB6BEEA89C12D""}, {""source"": ""Adzuna"", ""url"": ""https://www.adzuna.co.uk/jobs/land/ad/5608589608?se=tmvAysgA8RGhuY8Zc5lhIQ&utm_medium=api&utm_source=026f28a2&v=FCD9383B9E9170AD9F9E230C7463EA131D2A73DC""}, {""source"": ""Adzuna"", ""url"": ""https://www.adzuna.co.uk/jobs/land/ad/5591085797?se=tmvAysgA8RGhuY8Zc5lhIQ&utm_medium=api&utm_source=026f28a2&v=5C1581475A92397235141483787E6F3A0BC00CA5""}, {""source"": ""Adzuna"", ""url"": ""https://www.adzuna.co.uk/jobs/land/ad/5607343957?se=tmvAysgA8RGhuY8Zc5lhIQ&utm_medium=api&utm_source=026f28a2&v=7DC791E7AF30936D5D5E5B31ECB03B2733970B76""}, {""source"": ""Adzuna"", ""url"": ""https://www.adzuna.co.uk/jobs/land/ad/5587673239?se=tmvAysgA8RGhuY8Zc5lhIQ&utm_medium=api&utm_source=026f28a2&v=65CF3FE64B7DDADEF96B1F359EFF3A52B5576F74""}, {""source"": ""Adzuna"", ""url"": ""https://www.adzuna.co.uk/jobs/land/ad/5570439658?se=tmvAysgA8RGhuY8Zc5lhIQ&utm_medium=api&utm_source=026f28a2&v=E01D8A1BBF79721D10CABDE2976410BFB102B4A5""}, {""source"": ""Adzuna"", ""url"": ""https://www.adzuna.co.uk/jobs/land/ad/5583433278?se=tmvAysgA8RGhuY8Zc5lhIQ&utm_medium=api&utm_source=026f28a2&v=228286D27105A13E9157A3B4D257FA0C47E4DC2E""}, {""source"": ""Adzuna"", ""url"": ""https://www.adzuna.co.uk/jobs/land/ad/5578968070?se=tmvAysgA8RGhuY8Zc5lhIQ&utm_medium=api&utm_source=026f28a2&v=FA358306584DB329B5E8B5CECD0FC70555CDB91D""}, {""source"": ""Adzuna"", ""url"": ""https://www.adzuna.co.uk/jobs/land/ad/5611228108?se=tmvAysgA8RGhuY8Zc5lhIQ&utm_medium=api&utm_source=026f28a2&v=36FE4241F1C87241162BB8B5BF3409DCFC25BDD1""}, {""source"": ""Adzuna"", ""url"": ""https://www.adzuna.co.uk/jobs/land/ad/5588539175?se=tmvAysgA8RGhuY8Zc5lhIQ&utm_medium=api&utm_source=026f28a2&v=FD82EB02545DC31632C1F77FEA8182B08EAEB24F""}, {""source"": ""Adzuna"", ""url"": ""https://www.adzuna.co.uk/jobs/land/ad/5611135548?se=tmvAysgA8RGhuY8Zc5lhIQ&utm_medium=api&utm_source=026f28a2&v=26EB0FF348219BD4A41F63B4F49F7CF54AC145E2""}, {""source"": ""Adzuna"", ""url"": ""https://www.adzuna.co.uk/jobs/land/ad/5581848915?se=tmvAysgA8RGhuY8Zc5lhIQ&utm_medium=api&utm_source=026f28a2&v=0804F412E91AAA0035F3A29E828BBE57902DD380""}, {""source"": ""Adzuna"", ""url"": ""https://www.adzuna.co.uk/jobs/land/ad/5601419854?se=tmvAysgA8RGhuY8Zc5lhIQ&utm_medium=api&utm_source=026f28a2&v=4F067C718227F4F3F0E353F35BCCBE7DF07E08A2""}, {""source"": ""Adzuna"", ""url"": ""https://www.adzuna.co.uk/jobs/land/ad/5592264390?se=tmvAysgA8RGhuY8Zc5lhIQ&utm_medium=api&utm_source=026f28a2&v=6D592189C632DA90937791A4EFB40ABA61F9BF88""}, {""source"": ""Adzuna"", ""url"": ""https://www.adzuna.co.uk/jobs/land/ad/5576935644?se=tmvAysgA8RGhuY8Zc5lhIQ&utm_medium=api&utm_source=026f28a2&v=ABCDEA256BA3E4109D9D38F9A790CBF856481211""}, {""source"": ""Adzuna"", ""url"": ""https://www.adzuna.co.uk/jobs/land/ad/5600773608?se=tmvAysgA8RGhuY8Zc5lhIQ&utm_medium=api&utm_source=026f28a2&v=4D601F08DF318096C69E4442C0EBB4EB103685DC""}, {""source"": ""Adzuna"", ""url"": ""https://www.adzuna.co.uk/jobs/land/ad/5597015623?se=tmvAysgA8RGhuY8Zc5lhIQ&utm_medium=api&utm_source=026f28a2&v=D824C60BE9055F1BCFACB584DBE897A636989D12""}, {""source"": ""Adzuna"", ""url"": ""https://www.adzuna.co.uk/jobs/land/ad/5596333068?se=tmvAysgA8RGhuY8Zc5lhIQ&utm_medium=api&utm_source=026f28a2&v=485119CEE38C03A35A6667561594F580B79B73D8""}, {""source"": ""Adzuna"", ""url"": ""https://www.adzuna.co.uk/jobs/land/ad/5583477339?se=tmvAysgA8RGhuY8Zc5lhIQ&utm_medium=api&utm_source=026f28a2&v=308517302BF85EE437636731262BB614B96C7988""}, {""source"": ""Adzuna"", ""url"": ""https://www.adzuna.co.uk/jobs/land/ad/5580499283?se=tmvAysgA8RGhuY8Zc5lhIQ&utm_medium=api&utm_source=026f28a2&v=B349EF2A6F50B0869702397B61F41024CE977FBF""}, {""source"": ""Adzuna"", ""url"": ""https://www.adzuna.co.uk/jobs/land/ad/5588538561?se=tmvAysgA8RGhuY8Zc5lhIQ&utm_medium=api&utm_source=026f28a2&v=5B64AB571A5C0168103B775AA41858E841514D5C""}, {""source"": ""Adzuna"", ""url"": ""https://www.adzuna.co.uk/jobs/land/ad/5570440164?se=tmvAysgA8RGhuY8Zc5lhIQ&utm_medium=api&utm_source=026f28a2&v=E2FDBB1D2FFEA15FC2894E85EE82F053749167FA""}, {""source"": ""Adzuna"", ""url"": ""https://www.adzuna.co.uk/jobs/land/ad/5590706892?se=tmvAysgA8RGhuY8Zc5lhIQ&utm_medium=api&utm_source=026f28a2&v=348DDDDF7F98CE53E6B5B1EAAABFA0E2B4AF7B0B""}, {""source"": ""Adzuna"", ""url"": ""https://www.adzuna.co.uk/jobs/land/ad/5611106874?se=tmvAysgA8RGhuY8Zc5lhIQ&utm_medium=api&utm_source=026f28a2&v=BD84811A80AAD01ABEDC5012A7F24AACC9E93877""}, {""source"": ""Adzuna"", ""url"": ""https://www.adzuna.co.uk/jobs/land/ad/5571181397?se=tmvAysgA8RGhuY8Zc5lhIQ&utm_medium=api&utm_source=026f28a2&v=1D336E7E271CA8D8B267F60284564AC29B8F088F""}, {""source"": ""Adzuna"", ""url"": ""https://www.adzuna.co.uk/jobs/land/ad/5590706731?se=tmvAysgA8RGhuY8Zc5lhIQ&utm_medium=api&utm_source=026f28a2&v=3FC2D725282F47DD81E63EC2DAFD67D3E87A9635""}, {""source"": ""Adzuna"", ""url"": ""https://www.adzuna.co.uk/jobs/land/ad/5593581693?se=tmvAysgA8RGhuY8Zc5lhIQ&utm_medium=api&utm_source=026f28a2&v=DB45FF962B269693CCAB79F603C4C372825B32F6""}, {""source"": ""Adzuna"", ""url"": ""https://www.adzuna.co.uk/jobs/land/ad/5584321522?se=tmvAysgA8RGhuY8Zc5lhIQ&utm_medium=api&utm_source=026f28a2&v=3E8D27BDE6A689B4A340720449D023C2C94C41E6""}, {""source"": ""Adzuna"", ""url"": ""https://www.adzuna.co.uk/jobs/land/ad/5591551412?se=tmvAysgA8RGhuY8Zc5lhIQ&utm_medium=api&utm_source=026f28a2&v=6839FD3FDCEC64D9A4B444BDAF360E21B098ADD2""}, {""source"": ""Adzuna"", ""url"": ""https://www.adzuna.co.uk/jobs/land/ad/5576561807?se=tmvAysgA8RGhuY8Zc5lhIQ&utm_medium=api&utm_source=026f28a2&v=62A14E5B8E7747A13EDC3B17E1714AA87F6DCA40""}, {""source"": ""Adzuna"", ""url"": ""https://www.adzuna.co.uk/jobs/land/ad/5585083583?se=tmvAysgA8RGhuY8Zc5lhIQ&utm_medium=api&utm_source=026f28a2&v=F9B13A4ED08A2E53AC8606092B827A684D7FC463""}, {""source"": ""Adzuna"", ""url"": ""https://www.adzuna.co.uk/jobs/land/ad/5606133885?se=tmvAysgA8RGhuY8Zc5lhIQ&utm_medium=api&utm_source=026f28a2&v=A245CB0444BB5A14A8943B01B93635EAC2265712""}, {""source"": ""Adzuna"", ""url"": ""https://www.adzuna.co.uk/jobs/land/ad/5606770700?se=tmvAysgA8RGhuY8Zc5lhIQ&utm_medium=api&utm_source=026f28a2&v=00554B3EDEAA805C516EFA7E8C031DA1F394568D""}, {""source"": ""Adzuna"", ""url"": ""https://www.adzuna.co.uk/jobs/land/ad/5570438478?se=jkTCzMgA8RGhuY8Zc5lhIQ&utm_medium=api&utm_source=026f28a2&v=44CFAAB4064F412D194BA6C9F1387828B73EBA50""}, {""source"": ""Adzuna"", ""url"": ""https://www.adzuna.co.uk/jobs/land/ad/5590706707?se=jkTCzMgA8RGhuY8Zc5lhIQ&utm_medium=api&utm_source=026f28a2&v=D1004E160F0DE3A1325CCEDDBAEB7775E69D3FFF""}, {""source"": ""Adzuna"", ""url"": ""https://www.adzuna.co.uk/jobs/land/ad/5606754303?se=jkTCzMgA8RGhuY8Zc5lhIQ&utm_medium=api&utm_source=026f28a2&v=84545495A36F69D2E3CC77D4A01AD8BF8CD879EB""}, {""source"": ""Adzuna"", ""url"": ""https://www.adzuna.co.uk/jobs/land/ad/5606765896?se=jkTCzMgA8RGhuY8Zc5lhIQ&utm_medium=api&utm_source=026f28a2&v=D9A4B710C65E7C45A8B9D2A33CCC4FCD69700B16""}, {""source"": ""Adzuna"", ""url"": ""https://www.adzuna.co.uk/jobs/land/ad/5606775788?se=jkTCzMgA8RGhuY8Zc5lhIQ&utm_medium=api&utm_source=026f28a2&v=5B89146EEC9312399E1BF4F883C2A6945F538E10""}, {""source"": ""Adzuna"", ""url"": ""https://www.adzuna.co.uk/jobs/land/ad/5572559736?se=jkTCzMgA8RGhuY8Zc5lhIQ&utm_medium=api&utm_source=026f28a2&v=0304560EEC9456B9512DEFB6E2CB1EA2B78A90AA""}, {""source"": ""Adzuna"", ""url"": ""https://www.adzuna.co.uk/jobs/land/ad/5598599734?se=jkTCzMgA8RGhuY8Zc5lhIQ&utm_medium=api&utm_source=026f28a2&v=D1C084DF3DBF6EECAE0DD29A9F9371C05BB3EDF4""}, {""source"": ""Adzuna"", ""url"": ""https://www.adzuna.co.uk/jobs/land/ad/5611142793?se=jkTCzMgA8RGhuY8Zc5lhIQ&utm_medium=api&utm_source=026f28a2&v=6FDEC54782FBDBFAF50D6C11D98C0675B70052E6""}, {""source"": ""Adzuna"", ""url"": ""https://www.adzuna.co.uk/jobs/land/ad/5602537471?se=jkTCzMgA8RGhuY8Zc5lhIQ&utm_medium=api&utm_source=026f28a2&v=729B55293B2E5B00E5C73879636F045C4E7799D3""}, {""source"": ""Adzuna"", ""url"": ""https://www.adzuna.co.uk/jobs/land/ad/5603208584?se=jkTCzMgA8RGhuY8Zc5lhIQ&utm_medium=api&utm_source=026f28a2&v=3A598EA555094066FA056374AA5B26C51DF206D6""}, {""source"": ""Adzuna"", ""url"": ""https://www.adzuna.co.uk/jobs/land/ad/5581287788?se=jkTCzMgA8RGhuY8Zc5lhIQ&utm_medium=api&utm_source=026f28a2&v=05D56678245B23C717E3CEC2D8CEE3E1E8A6E1B8""}, {""source"": ""Adzuna"", ""url"": ""https://www.adzuna.co.uk/jobs/land/ad/5573788220?se=jkTCzMgA8RGhuY8Zc5lhIQ&utm_medium=api&utm_source=026f28a2&v=68C78EF217C89A8372316DD85D53809A2350B14A""}, {""source"": ""Adzuna"", ""url"": ""https://www.adzuna.co.uk/jobs/land/ad/5585755134?se=jkTCzMgA8RGhuY8Zc5lhIQ&utm_medium=api&utm_source=026f28a2&v=1608E15269C6D0BB4AD8854E35E81FDA7025B84D""}, {""source"": ""Adzuna"", ""url"": ""https://www.adzuna.co.uk/jobs/land/ad/5604210321?se=jkTCzMgA8RGhuY8Zc5lhIQ&utm_medium=api&utm_source=026f28a2&v=BE0009C910D139A6E87B433B15B27AFF2A37890C""}, {""source"": ""Adzuna"", ""url"": ""https://www.adzuna.co.uk/jobs/land/ad/5587072860?se=jkTCzMgA8RGhuY8Zc5lhIQ&utm_medium=api&utm_source=026f28a2&v=BB56531FA6DC5CD394AFD10823340530644A9A18""}, {""source"": ""Adzuna"", ""url"": ""https://www.adzuna.co.uk/jobs/land/ad/5591771429?se=jkTCzMgA8RGhuY8Zc5lhIQ&utm_medium=api&utm_source=026f28a2&v=45C4CA9A3DA664D17BEB8C8E621981E1B5E7D78E""}, {""source"": ""Adzuna"", ""url"": ""https://www.adzuna.co.uk/jobs/land/ad/5594601246?se=jkTCzMgA8RGhuY8Zc5lhIQ&utm_medium=api&utm_source=026f28a2&v=52E4F52EA05EA3D1348030D80862521B6AB0B024""}, {""source"": ""Adzuna"", ""url"": ""https://www.adzuna.co.uk/jobs/land/ad/5588770508?se=jkTCzMgA8RGhuY8Zc5lhIQ&utm_medium=api&utm_source=026f28a2&v=8FA931C82CA2974A4F9B934F193B0848E8F918E3""}, {""source"": ""Adzuna"", ""url"": ""https://www.adzuna.co.uk/jobs/land/ad/5598318353?se=jkTCzMgA8RGhuY8Zc5lhIQ&utm_medium=api&utm_source=026f28a2&v=6C8E1BDFC0464A492FAF19FA37FF96FED3B896B8""}, {""source"": ""Adzuna"", ""url"": ""https://www.adzuna.co.uk/jobs/land/ad/5570618696?se=jkTCzMgA8RGhuY8Zc5lhIQ&utm_medium=api&utm_source=026f28a2&v=8BBCAFCD0B722C68E526CAE70A6920C7749A45FD""}, {""source"": ""Adzuna"", ""url"": ""https://www.adzuna.co.uk/jobs/land/ad/5611142801?se=jkTCzMgA8RGhuY8Zc5lhIQ&utm_medium=api&utm_source=026f28a2&v=2050CB29EE1D86ABF5096AC50E0FCD53FE5FCD14""}, {""source"": ""Adzuna"", ""url"": ""https://www.adzuna.co.uk/jobs/land/ad/5603208582?se=jkTCzMgA8RGhuY8Zc5lhIQ&utm_medium=api&utm_source=026f28a2&v=4AA3837CD60C00D25D19F63C004546C6D6486053""}, {""source"": ""Adzuna"", ""url"": ""https://www.adzuna.co.uk/jobs/land/ad/5596117804?se=jkTCzMgA8RGhuY8Zc5lhIQ&utm_medium=api&utm_source=026f28a2&v=638E2DA5310D06931C6D09B725B4D3E9856EAA1D""}, {""source"": ""Adzuna"", ""url"": ""https://www.adzuna.co.uk/jobs/land/ad/5606234429?se=jkTCzMgA8RGhuY8Zc5lhIQ&utm_medium=api&utm_source=026f28a2&v=6FBAEA5FE1035C393281AF05F466C9098D73BE4F""}, {""source"": ""Adzuna"", ""url"": ""https://www.adzuna.co.uk/jobs/land/ad/5591771470?se=jkTCzMgA8RGhuY8Zc5lhIQ&utm_medium=api&utm_source=026f28a2&v=DB68E6164C5552B9FDE76D63E5316660D86A3DA3""}, {""source"": ""Adzuna"", ""url"": ""https://www.adzuna.co.uk/jobs/land/ad/5585768061?se=jkTCzMgA8RGhuY8Zc5lhIQ&utm_medium=api&utm_source=026f28a2&v=E2F04C661A06A64CA80C5F1BC6928B6E7E7E55BE""}, {""source"": ""Adzuna"", ""url"": ""https://www.adzuna.co.uk/jobs/land/ad/5577497340?se=jkTCzMgA8RGhuY8Zc5lhIQ&utm_medium=api&utm_source=026f28a2&v=F24DEEA3E2C204C21671EF1460EFD21A432D6B8F""}, {""source"": ""Adzuna"", ""url"": ""https://www.adzuna.co.uk/jobs/land/ad/5592224467?se=jkTCzMgA8RGhuY8Zc5lhIQ&utm_medium=api&utm_source=026f28a2&v=B87AEA1AA73521E499C6A519F317AD20A32B6751""}, {""source"": ""Adzuna"", ""url"": ""https://www.adzuna.co.uk/jobs/land/ad/5595147413?se=jkTCzMgA8RGhuY8Zc5lhIQ&utm_medium=api&utm_source=026f28a2&v=0722A6AC8769E0EB67E393AD47E040A92D40A310""}]"
Operations Manager,HR,1,Slough,Senior,On-site,"['People Management', 'Recruitment']","[{""source"": ""Adzuna"", ""url"": ""https://www.adzuna.co.uk/jobs/land/ad/5572610680?se=FlK16cgA8RGhuY8Zc5lhIQ&utm_medium=api&utm_source=026f28a2&v=42F16D2D5292916A4004F7C5895A75BD2080BE5F""}]"
Ophthalmic Scrub Nurse/Odp,Healthcare,1,Ferncliffe,Mid,On-site,['Clinical Knowledge'],"[{""source"": ""Adzuna"", ""url"": ""https://www.adzuna.co.uk/jobs/land/ad/5608009222?se=zo7f2cgA8RG27sBWXwN7yg&utm_medium=api&utm_source=026f28a2&v=55BA419D80D00A02D89DED02406F2005A6A806F6""}]"
Oracle Fusion Business Analyst In Jml,Business,1,Crawley,Mid,Hybrid,"['Analysis', 'Communication']","[{""source"": ""Adzuna"", ""url"": ""https://www.adzuna.co.uk/jobs/land/ad/5611137779?se=SgmZxcgA8RG27sBWXwN7yg&utm_medium=api&utm_source=026f28a2&v=80FE7973446D3A9C7016D7AF88C5043AE352014C""}]"
Oracle Software Engineer,Engineering,1,Southampton,Senior,Hybrid,"['Problem Solving', 'System Design']","[{""source"": ""Adzuna"", ""url"": ""https://www.adzuna.co.uk/jobs/land/ad/5610466347?se=CkM4r8gA8RGhuY8Zc5lhIQ&utm_medium=api&utm_source=026f28a2&v=EAE2C46CFF1D9CC743ABAAF621363B441D37F82F""}]"
Orthopaedic Scrub Nurse/Odp,Healthcare,1,York,Mid,On-site,['Clinical Knowledge'],"[{""source"": ""Adzuna"", ""url"": ""https://www.adzuna.co.uk/jobs/land/ad/5595465199?se=zo7f2cgA8RG27sBWXwN7yg&utm_medium=api&utm_source=026f28a2&v=49CC8568D909BA4BC7840079CAAA88C803BFB79C""}]"
Packhouse Operations Manager,Business,1,Ipswich,Senior,On-site,"['Analysis', 'Communication']","[{""source"": ""Adzuna"", ""url"": ""https://www.adzuna.co.uk/jobs/land/ad/5608356309?se=tmvAysgA8RGhuY8Zc5lhIQ&utm_medium=api&utm_source=026f28a2&v=96D86078760A6308BF0AD1DE8E7942C842A5566C""}]"
Paediatric Nurse,Healthcare,2,"UK, Edinburgh",Senior,On-site,['Clinical Knowledge'],"[{""source"": ""Adzuna"", ""url"": ""https://www.adzuna.co.uk/jobs/land/ad/5598774076?se=zo7f2cgA8RG27sBWXwN7yg&utm_medium=api&utm_source=026f28a2&v=4C8A8EE4F1483C3CE80B4D0FD81FE65DCE7CBA27""}, {""source"": ""Adzuna"", ""url"": ""https://www.adzuna.co.uk/jobs/land/ad/5555229464?se=zo7f2cgA8RG27sBWXwN7yg&utm_medium=api&utm_source=026f28a2&v=15565AE76AA1E931D013E0A9583862DF0EF115BD""}]"
Palantir Consultant,Business,1,London,Senior,Hybrid,"['Analysis', 'Communication']","[{""source"": ""Adzuna"", ""url"": ""https://www.adzuna.co.uk/jobs/land/ad/5601760800?se=5oxhycgA8RGhuY8Zc5lhIQ&utm_medium=api&utm_source=026f28a2&v=8A9579532F4933B6DAC17D1F09032641D92D4AB4""}]"
Part Time Head Of Finance (Interior Design),Design,1,London,Senior,On-site,"['UI', 'UX']","[{""source"": ""Adzuna"", ""url"": ""https://www.adzuna.co.uk/jobs/land/ad/5549282341?se=7BXT4cgA8RG27sBWXwN7yg&utm_medium=api&utm_source=026f28a2&v=A91AEAA9EA4DA471A06FD911D0BC990EE900AF1C""}]"
Partner Designate - Private Client Tax,Design,1,Weybridge,Senior,On-site,"['UI', 'UX']","[{""source"": ""Adzuna"", ""url"": ""https://www.adzuna.co.uk/jobs/land/ad/5600787887?se=7BXT4cgA8RG27sBWXwN7yg&utm_medium=api&utm_source=026f28a2&v=295955421742057B7B6BB59BE698E5DBC229D4B5""}]"
Partner Marketing Manager,Marketing,4,"Birmingham, Newcastle Upon Tyne, London",Mid,On-site,"['Campaigns', 'SEO']","[{""source"": ""Adzuna"", ""url"": ""https://www.adzuna.co.uk/jobs/land/ad/5600059214?se=TEEuzsgA8RG27sBWXwN7yg&utm_medium=api&utm_source=026f28a2&v=9FDCC93A1D49ECC6C5CD86EFED7ED550EE46AB37""}, {""source"": ""Adzuna"", ""url"": ""https://www.adzuna.co.uk/jobs/land/ad/5598848691?se=1uV2z8gA8RG27sBWXwN7yg&utm_medium=api&utm_source=026f28a2&v=3CD9AD7D70B0C4B9AB181442F3F5F9632E2F82CA""}, {""source"": ""Adzuna"", ""url"": ""https://www.adzuna.co.uk/jobs/land/ad/5598849156?se=1uV2z8gA8RG27sBWXwN7yg&utm_medium=api&utm_source=026f28a2&v=3FBF39E1E64A5A4B25E7DF9BE5750FB5D81046E9""}, {""source"": ""Adzuna"", ""url"": ""https://www.adzuna.co.uk/jobs/land/ad/5598848947?se=1uV2z8gA8RG27sBWXwN7yg&utm_medium=api&utm_source=026f28a2&v=3BC30F12FB6145682EF3C3136367242A816289D1""}]"
Patent Litigation - Specialist Life Sciences / Pharma Firm,Healthcare,1,London,Senior,On-site,['Clinical Knowledge'],"[{""source"": ""Adzuna"", ""url"": ""https://www.adzuna.co.uk/jobs/details/5596190839?utm_medium=api&utm_source=026f28a2""}]"
Payments Business Analyst / Solution Architect - Inside Ir35,Business,1,London,Senior,On-site,"['Analysis', 'Communication']","[{""source"": ""Adzuna"", ""url"": ""https://www.adzuna.co.uk/jobs/land/ad/5597906296?se=SgmZxcgA8RG27sBWXwN7yg&utm_medium=api&utm_source=026f28a2&v=E5BFD963CC162A7835AA432C7F409D55875B7E9A""}]"
Payroll / Hr Systems Lead – 6 Months Ftc,HR,1,Manchester,Senior,Hybrid,"['People Management', 'Recruitment']","[{""source"": ""Adzuna"", ""url"": ""https://www.adzuna.co.uk/jobs/land/ad/5603215009?se=CD4C58gA8RGI2N0cIjSMgQ&utm_medium=api&utm_source=026f28a2&v=CF8C32D828F4B9322D32A28ADD2D52380FBC5129""}]"
Payroll Specialist / Hr Associate,HR,1,London,Mid,On-site,"['People Management', 'Recruitment']","[{""source"": ""Adzuna"", ""url"": ""https://www.adzuna.co.uk/jobs/land/ad/5600787959?se=ynHH5cgA8RG27sBWXwN7yg&utm_medium=api&utm_source=026f28a2&v=E12B7D8B0CF43F0969A6BD42DD893091B5B1ADB8""}]"
Pension Consultant,Business,1,London,Senior,Remote,"['Analysis', 'Communication']","[{""source"": ""Adzuna"", ""url"": ""https://www.adzuna.co.uk/jobs/land/ad/5596973094?se=Gt8nyMgA8RG27sBWXwN7yg&utm_medium=api&utm_source=026f28a2&v=3D32E1E772A3A08FA661C5441734E6563B43786A""}]"
Pensions Operations Manager,Business,1,Bristol,Mid,On-site,"['Analysis', 'Communication']","[{""source"": ""Adzuna"", ""url"": ""https://www.adzuna.co.uk/jobs/land/ad/5605929619?se=tmvAysgA8RGhuY8Zc5lhIQ&utm_medium=api&utm_source=026f28a2&v=2A67D71D95919F9CE66006CC6433EC82B4318CD6""}]"
People & Culture Generalist,HR,1,Milton Keynes,Mid,Remote,"['People Management', 'Recruitment']","[{""source"": ""Adzuna"", ""url"": ""https://www.adzuna.co.uk/jobs/details/5585925873?utm_medium=api&utm_source=026f28a2""}]"
People & Culture Manager,HR,1,Hillhead,Senior,On-site,"['People Management', 'Recruitment']","[{""source"": ""Adzuna"", ""url"": ""https://www.adzuna.co.uk/jobs/details/5586983173?utm_medium=api&utm_source=026f28a2""}]"
People Data Analyst,Data,1,Salford,Mid,Hybrid,"['Data Analysis', 'Power BI', 'SQL']","[{""source"": ""Adzuna"", ""url"": ""https://www.adzuna.co.uk/jobs/land/ad/5601190267?se=5FtQuMgA8RG27sBWXwN7yg&utm_medium=api&utm_source=026f28a2&v=10F0AFA20E3163138444794AD506A58427A44411""}]"
People Data Analyst (Maternity Cover),Data,1,Liverpool,Mid,On-site,"['Data Analysis', 'SQL']","[{""source"": ""Adzuna"", ""url"": ""https://www.adzuna.co.uk/jobs/land/ad/5604679523?se=5FtQuMgA8RG27sBWXwN7yg&utm_medium=api&utm_source=026f28a2&v=B5CF2257A92034D4AC19186AFAFF04A59477D229""}]"
People Data Scientist,Data,1,Newcastle Upon Tyne,Senior,Hybrid,"['Data Analysis', 'SQL']","[{""source"": ""Adzuna"", ""url"": ""https://www.adzuna.co.uk/jobs/land/ad/5519128668?se=3NP2usgA8RGI2N0cIjSMgQ&utm_medium=api&utm_source=026f28a2&v=CDA2998E26527D8ABF03CF5DB73A531FDE1832C2""}]"
People Manager,HR,3,"Thatcham, UK, Central London",Mid,On-site,"['C++', 'People Management', 'Recruitment']","[{""source"": ""Adzuna"", ""url"": ""https://www.adzuna.co.uk/jobs/details/5601492002?utm_medium=api&utm_source=026f28a2""}, {""source"": ""Adzuna"", ""url"": ""https://www.adzuna.co.uk/jobs/details/5603318383?utm_medium=api&utm_source=026f28a2""}, {""source"": ""Adzuna"", ""url"": ""https://www.adzuna.co.uk/jobs/details/5591383022?utm_medium=api&utm_source=026f28a2""}]"
People Operations Manager,Business,1,Chichester,Mid,On-site,"['Analysis', 'Communication']","[{""source"": ""Adzuna"", ""url"": ""https://www.adzuna.co.uk/jobs/land/ad/5600857151?se=jkTCzMgA8RGhuY8Zc5lhIQ&utm_medium=api&utm_source=026f28a2&v=3EF8E054BE981916741E061140DD1484375863DB""}]"
Performance Data Scientist,Data,1,Cardiff County,Mid,On-site,"['Data Analysis', 'SQL']","[{""source"": ""Adzuna"", ""url"": ""https://www.adzuna.co.uk/jobs/land/ad/5604826974?se=3NP2usgA8RGI2N0cIjSMgQ&utm_medium=api&utm_source=026f28a2&v=161413348CDCD538CE36B46A8B69A1BC26E574D6""}]"
Performance Marketing Manager,Marketing,2,"Winnersh, Newcastle Upon Tyne",Mid,On-site,"['Campaigns', 'SEO']","[{""source"": ""Adzuna"", ""url"": ""https://www.adzuna.co.uk/jobs/land/ad/5588395290?se=1uV2z8gA8RG27sBWXwN7yg&utm_medium=api&utm_source=026f28a2&v=C22CD581FE25326147062FC481AEE8CB46EB14E8""}, {""source"": ""Adzuna"", ""url"": ""https://www.adzuna.co.uk/jobs/land/ad/5588396397?se=1uV2z8gA8RG27sBWXwN7yg&utm_medium=api&utm_source=026f28a2&v=004264AE66828C328B004A0FC1790A59B49E8EEF""}]"
Performance Marketing Manager - 12 Month Ftc,Marketing,1,Brinsworth,Senior,On-site,"['Campaigns', 'SEO']","[{""source"": ""Adzuna"", ""url"": ""https://www.adzuna.co.uk/jobs/land/ad/5606839680?se=1uV2z8gA8RG27sBWXwN7yg&utm_medium=api&utm_source=026f28a2&v=78B782EF731E3AC6A0A36897399FB3038E8AA91A""}]"
Pharma Territory Physicians Detail Rep,Healthcare,1,UK,Mid,On-site,['Clinical Knowledge'],"[{""source"": ""Adzuna"", ""url"": ""https://www.adzuna.co.uk/jobs/details/5472433824?utm_medium=api&utm_source=026f28a2""}]"
Pharmaceutical Manufacturing Technician,Healthcare,1,Willesden,Mid,On-site,['Clinical Knowledge'],"[{""source"": ""Adzuna"", ""url"": ""https://www.adzuna.co.uk/jobs/land/ad/5597279266?se=jBIq38gA8RGV19jEQmXbTQ&utm_medium=api&utm_source=026f28a2&v=714552399E4BA0F9F71C8069B6426F86A72F29BE""}]"
Pharmacist,Healthcare,2,"Middlesbrough, Farringdon",Mid,On-site,['Clinical Knowledge'],"[{""source"": ""Adzuna"", ""url"": ""https://www.adzuna.co.uk/jobs/land/ad/5593693644?se=jBIq38gA8RGV19jEQmXbTQ&utm_medium=api&utm_source=026f28a2&v=6AC1837E4CB3531094A3E3D24AEFF771DE93B313""}, {""source"": ""Adzuna"", ""url"": ""https://www.adzuna.co.uk/jobs/land/ad/5604999019?se=jBIq38gA8RGV19jEQmXbTQ&utm_medium=api&utm_source=026f28a2&v=CA11AB37A6FFC074DFD9468CA8C524E86CF78A9B""}]"
Pharmacy Manager,Healthcare,5,"Redruth, Northampton, Basingstoke",Senior,On-site,['Clinical Knowledge'],"[{""source"": ""Adzuna"", ""url"": ""https://www.adzuna.co.uk/jobs/land/ad/5593693356?se=jBIq38gA8RGV19jEQmXbTQ&utm_medium=api&utm_source=026f28a2&v=26BDD939D0B0920AE978B53F5CA9D42FC0357485""}, {""source"": ""Adzuna"", ""url"": ""https://www.adzuna.co.uk/jobs/land/ad/5593624772?se=jBIq38gA8RGV19jEQmXbTQ&utm_medium=api&utm_source=026f28a2&v=893EC16BB15E5244EDB2626469107B7D936C25F4""}, {""source"": ""Adzuna"", ""url"": ""https://www.adzuna.co.uk/jobs/land/ad/5593693648?se=jBIq38gA8RGV19jEQmXbTQ&utm_medium=api&utm_source=026f28a2&v=57FB84105E832FA0D16222277B20FDA1D24D4327""}, {""source"": ""Adzuna"", ""url"": ""https://www.adzuna.co.uk/jobs/land/ad/5593691748?se=jBIq38gA8RGV19jEQmXbTQ&utm_medium=api&utm_source=026f28a2&v=CD6482A2CE215D656FB0B034009B9BCBD2A8E4EA""}, {""source"": ""Adzuna"", ""url"": ""https://www.adzuna.co.uk/jobs/land/ad/5578953077?se=jBIq38gA8RGV19jEQmXbTQ&utm_medium=api&utm_source=026f28a2&v=10FBB8C60C73298466147DBD273E2825A344E1A0""}]"
Pharmacy Operations Manager,Business,1,Bradford,Mid,On-site,"['Analysis', 'Communication']","[{""source"": ""Adzuna"", ""url"": ""https://www.adzuna.co.uk/jobs/land/ad/5601958370?se=jkTCzMgA8RGhuY8Zc5lhIQ&utm_medium=api&utm_source=026f28a2&v=9505FDA64E33EF1F985D8057C433098F57FCCE6C""}]"
Planning Consultant,Business,1,Wakefield,Mid,Hybrid,"['Analysis', 'Communication']","[{""source"": ""Adzuna"", ""url"": ""https://www.adzuna.co.uk/jobs/land/ad/5601760995?se=5oxhycgA8RGhuY8Zc5lhIQ&utm_medium=api&utm_source=026f28a2&v=B814D4F11D69DA1349F9790B28E5D48B2C79F9E7""}]"
Platform Engineering - Senior Devops Engineer,Engineering,1,Salisbury,Senior,On-site,"['Problem Solving', 'System Design']","[{""source"": ""Adzuna"", ""url"": ""https://www.adzuna.co.uk/jobs/land/ad/5597060318?se=qqN8sMgA8RGI2N0cIjSMgQ&utm_medium=api&utm_source=026f28a2&v=A6AF23D74F1E750133AD78B80F84CC3BE042F4BB""}]"
Platform Software Engineer,Engineering,1,UK,Mid,Hybrid,"['Problem Solving', 'System Design']","[{""source"": ""Adzuna"", ""url"": ""https://www.adzuna.co.uk/jobs/land/ad/5596972896?se=TJbHrcgA8RGV19jEQmXbTQ&utm_medium=api&utm_source=026f28a2&v=48838E0ACA2D76F61435163FE9BC77DDB5D296A7""}]"
Plc & Hmi Software Engineer,Engineering,1,East Midlands,Mid,Remote,"['Problem Solving', 'System Design']","[{""source"": ""Adzuna"", ""url"": ""https://www.adzuna.co.uk/jobs/land/ad/5607343116?se=CkM4r8gA8RGhuY8Zc5lhIQ&utm_medium=api&utm_source=026f28a2&v=E42CF35D27D3FFFB927F20EF4D9AEF7AAADCFFDE""}]"
Pr & Marketing Manager,Marketing,1,Oxford,Mid,On-site,"['Campaigns', 'SEO']","[{""source"": ""Adzuna"", ""url"": ""https://www.adzuna.co.uk/jobs/land/ad/5587072211?se=TEEuzsgA8RG27sBWXwN7yg&utm_medium=api&utm_source=026f28a2&v=018C235EA3F49AC53CFBC55D10585ADB283ABD1D""}]"
Practice Accountant,Finance,1,Belfast,Mid,On-site,"['Accounting', 'Reporting']","[{""source"": ""Adzuna"", ""url"": ""https://www.adzuna.co.uk/jobs/land/ad/5549282397?se=Fmmp1MgA8RGI2N0cIjSMgQ&utm_medium=api&utm_source=026f28a2&v=6BCFEF950D7350DBC85F66503314268B29F425E3""}]"
Practice Development Manager,Healthcare,2,"London, The City",Mid,Hybrid,['Clinical Knowledge'],"[{""source"": ""Adzuna"", ""url"": ""https://www.adzuna.co.uk/jobs/land/ad/5605326580?se=jBIq38gA8RGV19jEQmXbTQ&utm_medium=api&utm_source=026f28a2&v=28764FEABE5519E7F20BB305A23327E79A4A41F5""}, {""source"": ""Adzuna"", ""url"": ""https://www.adzuna.co.uk/jobs/land/ad/5605328845?se=jBIq38gA8RGV19jEQmXbTQ&utm_medium=api&utm_source=026f28a2&v=B4E357B788A59AD587DAD70EFA8416FB5BE6C22D""}]"
Precision Medicine Medical Affairs Global Strategic Lead,Healthcare,1,UK,Senior,On-site,['Clinical Knowledge'],"[{""source"": ""Adzuna"", ""url"": ""https://www.adzuna.co.uk/jobs/details/5597280576?utm_medium=api&utm_source=026f28a2""}]"
Principal Consultant,Business,1,Deritend,Senior,Hybrid,"['Analysis', 'Communication']","[{""source"": ""Adzuna"", ""url"": ""https://www.adzuna.co.uk/jobs/land/ad/5600856745?se=5oxhycgA8RGhuY8Zc5lhIQ&utm_medium=api&utm_source=026f28a2&v=9CC671A6E8E9D6E42E1492EE6474E4FAF02909E2""}]"
Principal Data Scientist,Data,1,Newcastle Upon Tyne,Mid,On-site,"['Data Analysis', 'SQL']","[{""source"": ""Adzuna"", ""url"": ""https://www.adzuna.co.uk/jobs/land/ad/5573797445?se=3NP2usgA8RGI2N0cIjSMgQ&utm_medium=api&utm_source=026f28a2&v=AC36BDFFDF1C54BBDE3A2AE8A128E4C63B0156D8""}]"
Principal Design Engineer Mechanical,Design,7,"West Stoke, Langley, Alverstoke",Mid,Hybrid,"['UI', 'UX']","[{""source"": ""Adzuna"", ""url"": ""https://www.adzuna.co.uk/jobs/land/ad/5594705023?se=DA2Q4MgA8RGV19jEQmXbTQ&utm_medium=api&utm_source=026f28a2&v=0B52C6D4A36B531641C8D634E590302CF188E825""}, {""source"": ""Adzuna"", ""url"": ""https://www.adzuna.co.uk/jobs/land/ad/5594705034?se=DA2Q4MgA8RGV19jEQmXbTQ&utm_medium=api&utm_source=026f28a2&v=671B7A4A53BD31BA3DA865D471AD32A5D338BEF5""}, {""source"": ""Adzuna"", ""url"": ""https://www.adzuna.co.uk/jobs/land/ad/5594705025?se=DA2Q4MgA8RGV19jEQmXbTQ&utm_medium=api&utm_source=026f28a2&v=F198332555D50C6F59B5F7E64D98BDE8498C547E""}, {""source"": ""Adzuna"", ""url"": ""https://www.adzuna.co.uk/jobs/land/ad/5594705029?se=DA2Q4MgA8RGV19jEQmXbTQ&utm_medium=api&utm_source=026f28a2&v=A4F31C6CBCCD716664866B0FF1E8AA348B1F9C4C""}, {""source"": ""Adzuna"", ""url"": ""https://www.adzuna.co.uk/jobs/land/ad/5594705030?se=DA2Q4MgA8RGV19jEQmXbTQ&utm_medium=api&utm_source=026f28a2&v=106AA0C6C2099BC3129C4C436E07E5642FECDF20""}, {""source"": ""Adzuna"", ""url"": ""https://www.adzuna.co.uk/jobs/land/ad/5594705035?se=DA2Q4MgA8RGV19jEQmXbTQ&utm_medium=api&utm_source=026f28a2&v=4AC5CAAE7669B975E74E3D02069EA37C86D23BED""}, {""source"": ""Adzuna"", ""url"": ""https://www.adzuna.co.uk/jobs/land/ad/5594705028?se=DA2Q4MgA8RGV19jEQmXbTQ&utm_medium=api&utm_source=026f28a2&v=811159FBBB80DCDD002F248DE9B705E73C2A8B5C""}]"
Principal Devops Engineer,Engineering,1,Northern Ireland,Senior,Remote,['AWS'],"[{""source"": ""Adzuna"", ""url"": ""https://www.adzuna.co.uk/jobs/land/ad/5593535969?se=qqN8sMgA8RGI2N0cIjSMgQ&utm_medium=api&utm_source=026f28a2&v=3A7C62AD866BB3ED5B3527D021FAA302EC4D386C""}]"
Principal Engineer – Electrical Engineering (Power),Engineering,8,"The Hill, Askam-In-Furness, Canal Foot",Mid,Hybrid,"['Problem Solving', 'System Design']","[{""source"": ""Adzuna"", ""url"": ""https://www.adzuna.co.uk/jobs/land/ad/5526810154?se=lrC1tcgA8RGI2N0cIjSMgQ&utm_medium=api&utm_source=026f28a2&v=922E9429AE9EC34945ACEE4A9B7854A05D2E9F39""}, {""source"": ""Adzuna"", ""url"": ""https://www.adzuna.co.uk/jobs/land/ad/5526810133?se=lrC1tcgA8RGI2N0cIjSMgQ&utm_medium=api&utm_source=026f28a2&v=5B65D0ED58A1D9A6E8B524C23C4A19A61C02C241""}, {""source"": ""Adzuna"", ""url"": ""https://www.adzuna.co.uk/jobs/land/ad/5526810144?se=lrC1tcgA8RGI2N0cIjSMgQ&utm_medium=api&utm_source=026f28a2&v=320718964E842B48C224CCDE8A9D5268DA6FC567""}, {""source"": ""Adzuna"", ""url"": ""https://www.adzuna.co.uk/jobs/land/ad/5526810148?se=lrC1tcgA8RGI2N0cIjSMgQ&utm_medium=api&utm_source=026f28a2&v=7739A3BD2A699384AEFCAA84A6B3D1253FA6B43F""}, {""source"": ""Adzuna"", ""url"": ""https://www.adzuna.co.uk/jobs/land/ad/5526810139?se=lrC1tcgA8RGI2N0cIjSMgQ&utm_medium=api&utm_source=026f28a2&v=9C8F4E4CFD25B67BA8F7C44F6E40D732DC6626F1""}, {""source"": ""Adzuna"", ""url"": ""https://www.adzuna.co.uk/jobs/land/ad/5526810156?se=lrC1tcgA8RGI2N0cIjSMgQ&utm_medium=api&utm_source=026f28a2&v=2B72C98268ACDEF7E949CAC1DDEBAB21509CD855""}, {""source"": ""Adzuna"", ""url"": ""https://www.adzuna.co.uk/jobs/land/ad/5526810138?se=lrC1tcgA8RGI2N0cIjSMgQ&utm_medium=api&utm_source=026f28a2&v=E6DF680226F243D95864933BE25F2A80092C3EB5""}, {""source"": ""Adzuna"", ""url"": ""https://www.adzuna.co.uk/jobs/land/ad/5526810134?se=lrC1tcgA8RGI2N0cIjSMgQ&utm_medium=api&utm_source=026f28a2&v=972B74E9F4C1D1BF742F4C81606E8D826EF4CAF1""}]"
Principal Hvac Design Engineer,Design,8,"Chapels, Heysham, Askam-In-Furness",Senior,Hybrid,"['UI', 'UX']","[{""source"": ""Adzuna"", ""url"": ""https://www.adzuna.co.uk/jobs/land/ad/5528469433?se=DA2Q4MgA8RGV19jEQmXbTQ&utm_medium=api&utm_source=026f28a2&v=E0E0F4DC8EE00297D0A0A285797A57852E84279C""}, {""source"": ""Adzuna"", ""url"": ""https://www.adzuna.co.uk/jobs/land/ad/5528469334?se=DA2Q4MgA8RGV19jEQmXbTQ&utm_medium=api&utm_source=026f28a2&v=F971FE08FE36B1335AABA0FCF1E5A2AE193A9E1D""}, {""source"": ""Adzuna"", ""url"": ""https://www.adzuna.co.uk/jobs/land/ad/5528469347?se=DA2Q4MgA8RGV19jEQmXbTQ&utm_medium=api&utm_source=026f28a2&v=13FC41059E03593067DFC3C3B52784445A1B158B""}, {""source"": ""Adzuna"", ""url"": ""https://www.adzuna.co.uk/jobs/land/ad/5528469383?se=DA2Q4MgA8RGV19jEQmXbTQ&utm_medium=api&utm_source=026f28a2&v=674B094DA85FEDCEBA8C3A51923E94FBE680A14F""}, {""source"": ""Adzuna"", ""url"": ""https://www.adzuna.co.uk/jobs/land/ad/5528469405?se=DA2Q4MgA8RGV19jEQmXbTQ&utm_medium=api&utm_source=026f28a2&v=05A79443733580BA0C0CFE7D4100C21630E38D5E""}, {""source"": ""Adzuna"", ""url"": ""https://www.adzuna.co.uk/jobs/land/ad/5528469432?se=DA2Q4MgA8RGV19jEQmXbTQ&utm_medium=api&utm_source=026f28a2&v=671CB053DF812345E2711CA4CDAC74B42C321100""}, {""source"": ""Adzuna"", ""url"": ""https://www.adzuna.co.uk/jobs/land/ad/5528469359?se=DA2Q4MgA8RGV19jEQmXbTQ&utm_medium=api&utm_source=026f28a2&v=740DE92C75074DA668C034C41D2F5B28431F0DF1""}, {""source"": ""Adzuna"", ""url"": ""https://www.adzuna.co.uk/jobs/land/ad/5528469358?se=DA2Q4MgA8RGV19jEQmXbTQ&utm_medium=api&utm_source=026f28a2&v=1A85F1D9577C3B8850B41D054FDE2185EE525A7E""}]"
Principal Mechanical Design Engineer,Engineering,8,"Barrow-In-Furness, Far Arnside, Canal Foot",Senior,Hybrid,"['Problem Solving', 'System Design']","[{""source"": ""Adzuna"", ""url"": ""https://www.adzuna.co.uk/jobs/land/ad/5530470474?se=JM5qtMgA8RGhuY8Zc5lhIQ&utm_medium=api&utm_source=026f28a2&v=8B75BAC5642CF730C6079744AC8555D56821C661""}, {""source"": ""Adzuna"", ""url"": ""https://www.adzuna.co.uk/jobs/land/ad/5530470467?se=JM5qtMgA8RGhuY8Zc5lhIQ&utm_medium=api&utm_source=026f28a2&v=837571412DD2CD799B7AE8423BC4F118BB649673""}, {""source"": ""Adzuna"", ""url"": ""https://www.adzuna.co.uk/jobs/land/ad/5530470464?se=JM5qtMgA8RGhuY8Zc5lhIQ&utm_medium=api&utm_source=026f28a2&v=C045F1B31FCEB92F394BCAE580D25969251FEE76""}, {""source"": ""Adzuna"", ""url"": ""https://www.adzuna.co.uk/jobs/land/ad/5530470456?se=JM5qtMgA8RGhuY8Zc5lhIQ&utm_medium=api&utm_source=026f28a2&v=39BBE3B68BBA218D21B23334CD7CBC929CD9087C""}, {""source"": ""Adzuna"", ""url"": ""https://www.adzuna.co.uk/jobs/land/ad/5530470475?se=JM5qtMgA8RGhuY8Zc5lhIQ&utm_medium=api&utm_source=026f28a2&v=F1054B6F122A2529FB21035CF8BF91006C440C6C""}, {""source"": ""Adzuna"", ""url"": ""https://www.adzuna.co.uk/jobs/land/ad/5530470494?se=JM5qtMgA8RGhuY8Zc5lhIQ&utm_medium=api&utm_source=026f28a2&v=39AB803AD0B3EC61E8F2388891FD2AA627D28C4A""}, {""source"": ""Adzuna"", ""url"": ""https://www.adzuna.co.uk/jobs/land/ad/5530470493?se=JM5qtMgA8RGhuY8Zc5lhIQ&utm_medium=api&utm_source=026f28a2&v=4667623EA0D5849F292B6F41119BEE1805F50B3B""}, {""source"": ""Adzuna"", ""url"": ""https://www.adzuna.co.uk/jobs/land/ad/5530470511?se=JM5qtMgA8RGhuY8Zc5lhIQ&utm_medium=api&utm_source=026f28a2&v=71C60A77138C0BEF28703D2C619CBEE5E80A3E97""}]"
Principal Mechanical Engineer,Engineering,17,"Balsall Heath, Gilmorton, Lillington",Entry,On-site,"['Problem Solving', 'System Design']","[{""source"": ""Adzuna"", ""url"": ""https://www.adzuna.co.uk/jobs/land/ad/5582976776?se=wF0Js8gA8RGV19jEQmXbTQ&utm_medium=api&utm_source=026f28a2&v=51481C8890866C265D054C95D48AFB233470F73F""}, {""source"": ""Adzuna"", ""url"": ""https://www.adzuna.co.uk/jobs/land/ad/5582976766?se=wF0Js8gA8RGV19jEQmXbTQ&utm_medium=api&utm_source=026f28a2&v=AD846AF6608F73DBCD3929F02A58DB4F7D6F449C""}, {""source"": ""Adzuna"", ""url"": ""https://www.adzuna.co.uk/jobs/land/ad/5582976779?se=wF0Js8gA8RGV19jEQmXbTQ&utm_medium=api&utm_source=026f28a2&v=7361079A6C4072BBB296B5F32FE048D3B7272EE2""}, {""source"": ""Adzuna"", ""url"": ""https://www.adzuna.co.uk/jobs/land/ad/5582976763?se=wF0Js8gA8RGV19jEQmXbTQ&utm_medium=api&utm_source=026f28a2&v=95C1CA9F41FC68296FB7EA1798E0E753DB409833""}, {""source"": ""Adzuna"", ""url"": ""https://www.adzuna.co.uk/jobs/land/ad/5582976784?se=wF0Js8gA8RGV19jEQmXbTQ&utm_medium=api&utm_source=026f28a2&v=908E1E4B50CD44347BA7FFCA3AE697DCF3617AF5""}, {""source"": ""Adzuna"", ""url"": ""https://www.adzuna.co.uk/jobs/land/ad/5582976770?se=wF0Js8gA8RGV19jEQmXbTQ&utm_medium=api&utm_source=026f28a2&v=57CAA6D91B7DEA9C3001C00D80E3A18850FFE3CF""}, {""source"": ""Adzuna"", ""url"": ""https://www.adzuna.co.uk/jobs/land/ad/5582976774?se=wF0Js8gA8RGV19jEQmXbTQ&utm_medium=api&utm_source=026f28a2&v=73D2728A86CF1AB07310D40C9B17980E63DA0CE4""}, {""source"": ""Adzuna"", ""url"": ""https://www.adzuna.co.uk/jobs/land/ad/5582976764?se=wF0Js8gA8RGV19jEQmXbTQ&utm_medium=api&utm_source=026f28a2&v=F96DB115B3276EA9173D20059CF778586E45F123""}, {""source"": ""Adzuna"", ""url"": ""https://www.adzuna.co.uk/jobs/land/ad/5582976771?se=wF0Js8gA8RGV19jEQmXbTQ&utm_medium=api&utm_source=026f28a2&v=E02BCE066F2F7268E649A42231A412B5FC371D25""}, {""source"": ""Adzuna"", ""url"": ""https://www.adzuna.co.uk/jobs/land/ad/5530470603?se=wF0Js8gA8RGV19jEQmXbTQ&utm_medium=api&utm_source=026f28a2&v=EE59DE11F8AF810A4FB6870EFD16702C0F49E0D2""}, {""source"": ""Adzuna"", ""url"": ""https://www.adzuna.co.uk/jobs/land/ad/5530470520?se=wF0Js8gA8RGV19jEQmXbTQ&utm_medium=api&utm_source=026f28a2&v=66E156EC8079C9ACB62D8B636572C49ED7743DA1""}, {""source"": ""Adzuna"", ""url"": ""https://www.adzuna.co.uk/jobs/land/ad/5530470605?se=wF0Js8gA8RGV19jEQmXbTQ&utm_medium=api&utm_source=026f28a2&v=DCBB524A20E6168B25E2D0688F034F4A7CCAB6B2""}, {""source"": ""Adzuna"", ""url"": ""https://www.adzuna.co.uk/jobs/land/ad/5530470524?se=wF0Js8gA8RGV19jEQmXbTQ&utm_medium=api&utm_source=026f28a2&v=A931D800BEEE432B80743446945765E3E04EE464""}, {""source"": ""Adzuna"", ""url"": ""https://www.adzuna.co.uk/jobs/land/ad/5530470529?se=wF0Js8gA8RGV19jEQmXbTQ&utm_medium=api&utm_source=026f28a2&v=98B5FE91DFC470C333C53BB85DA48CA9C194F853""}, {""source"": ""Adzuna"", ""url"": ""https://www.adzuna.co.uk/jobs/land/ad/5530470592?se=wF0Js8gA8RGV19jEQmXbTQ&utm_medium=api&utm_source=026f28a2&v=ABC8C5D4CB0564A480807C9A6C97B62CD73D588E""}, {""source"": ""Adzuna"", ""url"": ""https://www.adzuna.co.uk/jobs/land/ad/5530470650?se=wF0Js8gA8RGV19jEQmXbTQ&utm_medium=api&utm_source=026f28a2&v=D54D6A302AA78CA80EB731997F652C180EFC9260""}, {""source"": ""Adzuna"", ""url"": ""https://www.adzuna.co.uk/jobs/land/ad/5530470567?se=wF0Js8gA8RGV19jEQmXbTQ&utm_medium=api&utm_source=026f28a2&v=0DD3103EEE0FB8ECFF0653E06BC69474D9FED717""}]"
Principal Medical Writer,Healthcare,1,UK,Senior,On-site,['Clinical Knowledge'],"[{""source"": ""Adzuna"", ""url"": ""https://www.adzuna.co.uk/jobs/details/5604025651?utm_medium=api&utm_source=026f28a2""}]"
Principal Regulatory Affairs Officer,Healthcare,1,Sunbury-On-Thames,Mid,On-site,['Clinical Knowledge'],"[{""source"": ""Adzuna"", ""url"": ""https://www.adzuna.co.uk/jobs/land/ad/5590973935?se=bhvh3cgA8RGI2N0cIjSMgQ&utm_medium=api&utm_source=026f28a2&v=49DCAC480CC867FCC07BF15C59B676FD1606F210""}]"
Principal Software Engineer,Engineering,4,"Edinburgh, Belfast, Unsworth",Senior,On-site,"['AWS', 'Node.js', 'Problem Solving', 'React', 'System Design']","[{""source"": ""Adzuna"", ""url"": ""https://www.adzuna.co.uk/jobs/land/ad/5608343906?se=TJbHrcgA8RGV19jEQmXbTQ&utm_medium=api&utm_source=026f28a2&v=70A1AC82A71A14E1C75A8DF46E21655ACBE1801E""}, {""source"": ""Adzuna"", ""url"": ""https://www.adzuna.co.uk/jobs/land/ad/5587333537?se=CkM4r8gA8RGhuY8Zc5lhIQ&utm_medium=api&utm_source=026f28a2&v=1C152AAB493247C694918684DB8E8C5B32E52718""}, {""source"": ""Adzuna"", ""url"": ""https://www.adzuna.co.uk/jobs/land/ad/5587702962?se=CkM4r8gA8RGhuY8Zc5lhIQ&utm_medium=api&utm_source=026f28a2&v=73331B9CC4B835E5FB88932AB47BFA3A9E863D32""}, {""source"": ""Adzuna"", ""url"": ""https://www.adzuna.co.uk/jobs/land/ad/5602977981?se=CkM4r8gA8RGhuY8Zc5lhIQ&utm_medium=api&utm_source=026f28a2&v=CC3E320A362153FB4C87E70923DBB7740416D202""}]"
Principal Ux Designer,Design,1,London,Senior,On-site,"['UI', 'UX']","[{""source"": ""Adzuna"", ""url"": ""https://www.adzuna.co.uk/jobs/details/5597142240?utm_medium=api&utm_source=026f28a2""}]"
Process System Engineer/Data Scientist,Data,1,London,Mid,On-site,"['Data Analysis', 'SQL']","[{""source"": ""Adzuna"", ""url"": ""https://www.adzuna.co.uk/jobs/land/ad/5608810172?se=1rQzvMgA8RGV19jEQmXbTQ&utm_medium=api&utm_source=026f28a2&v=DF8B4E3F3C382B4655E249837B2F00CBCC33A1B8""}]"
Procurement Data Analyst Contracts,Data,1,Birmingham,Mid,On-site,"['Data Analysis', 'SQL']","[{""source"": ""Adzuna"", ""url"": ""https://www.adzuna.co.uk/jobs/land/ad/5603220954?se=5FtQuMgA8RG27sBWXwN7yg&utm_medium=api&utm_source=026f28a2&v=414655B15FE5C41FDB7874E93152971206758E5A""}]"
Product Category Manager,Product,1,Northampton,Mid,On-site,"['Roadmapping', 'Stakeholder Management']","[{""source"": ""Adzuna"", ""url"": ""https://www.adzuna.co.uk/jobs/land/ad/5574749432?se=JAWkwcgA8RGI2N0cIjSMgQ&utm_medium=api&utm_source=026f28a2&v=E63CFF1FD9A5D69D11ADFCACEEC42D6FBEBAD0E5""}]"
Product Delivery Manager,Product,1,Basingstoke,Mid,Hybrid,"['Roadmapping', 'Stakeholder Management']","[{""source"": ""Adzuna"", ""url"": ""https://www.adzuna.co.uk/jobs/land/ad/5604373419?se=JAWkwcgA8RGI2N0cIjSMgQ&utm_medium=api&utm_source=026f28a2&v=207615C09EFB86B6A75D44241FEBFB2B5C8CA2A8""}]"
Product Development Manager,Product,3,"UK, Gonerby Hill Foot, Moulton",Mid,On-site,"['Roadmapping', 'Stakeholder Management']","[{""source"": ""Adzuna"", ""url"": ""https://www.adzuna.co.uk/jobs/land/ad/5604686154?se=JAWkwcgA8RGI2N0cIjSMgQ&utm_medium=api&utm_source=026f28a2&v=4C5FE059834972CF41C9251A0696B7E04DF34A44""}, {""source"": ""Adzuna"", ""url"": ""https://www.adzuna.co.uk/jobs/land/ad/5595268375?se=JAWkwcgA8RGI2N0cIjSMgQ&utm_medium=api&utm_source=026f28a2&v=8AAEEC2642A84D31DCE569E7855DE82055AB340A""}, {""source"": ""Adzuna"", ""url"": ""https://www.adzuna.co.uk/jobs/land/ad/5598599826?se=JAWkwcgA8RGI2N0cIjSMgQ&utm_medium=api&utm_source=026f28a2&v=A464E1C9612E67544A693F7075D571AEFCFA361E""}]"
Product Manager,Product,47,"Newcastle Upon Tyne, Irvine, South East London",Mid,On-site,"['Data Analysis', 'Machine Learning', 'Roadmapping', 'Stakeholder Management']","[{""source"": ""Adzuna"", ""url"": ""https://www.adzuna.co.uk/jobs/land/ad/5610714060?se=sgdRwMgA8RGhuY8Zc5lhIQ&utm_medium=api&utm_source=026f28a2&v=7107AD5B9D701E335A029CCECD1DD7577ED0ED5B""}, {""source"": ""Adzuna"", ""url"": ""https://www.adzuna.co.uk/jobs/land/ad/5556308812?se=sgdRwMgA8RGhuY8Zc5lhIQ&utm_medium=api&utm_source=026f28a2&v=5199355DEEC0BB38A81EC2E3E09EECF18A8F7FA3""}, {""source"": ""Adzuna"", ""url"": ""https://www.adzuna.co.uk/jobs/land/ad/5585988379?se=sgdRwMgA8RGhuY8Zc5lhIQ&utm_medium=api&utm_source=026f28a2&v=493ED9AAC5B0DFF7C5D79FB264F4CD7FFA2916F5""}, {""source"": ""Adzuna"", ""url"": ""https://www.adzuna.co.uk/jobs/land/ad/5558127420?se=sgdRwMgA8RGhuY8Zc5lhIQ&utm_medium=api&utm_source=026f28a2&v=3A7017140300202556E12BF1717B8B09DDD3F7CA""}, {""source"": ""Adzuna"", ""url"": ""https://www.adzuna.co.uk/jobs/land/ad/5556310107?se=sgdRwMgA8RGhuY8Zc5lhIQ&utm_medium=api&utm_source=026f28a2&v=F494082F2FEC8C8363DD1E6C7665BD6F26B61ED8""}, {""source"": ""Adzuna"", ""url"": ""https://www.adzuna.co.uk/jobs/land/ad/5610467220?se=sgdRwMgA8RGhuY8Zc5lhIQ&utm_medium=api&utm_source=026f28a2&v=70507808319C20C3BB73DBD4BE976FEA215D2D14""}, {""source"": ""Adzuna"", ""url"": ""https://www.adzuna.co.uk/jobs/land/ad/5610467222?se=sgdRwMgA8RGhuY8Zc5lhIQ&utm_medium=api&utm_source=026f28a2&v=ABE16E6F652A4CBD36A7CECA78194C339EE57623""}, {""source"": ""Adzuna"", ""url"": ""https://www.adzuna.co.uk/jobs/land/ad/5611136410?se=sgdRwMgA8RGhuY8Zc5lhIQ&utm_medium=api&utm_source=026f28a2&v=29B5010F931E5464CB6B3D48203B9C28DBC794AE""}, {""source"": ""Adzuna"", ""url"": ""https://www.adzuna.co.uk/jobs/land/ad/5595268382?se=sgdRwMgA8RGhuY8Zc5lhIQ&utm_medium=api&utm_source=026f28a2&v=52AF1DD58A4D601906C112BB64F9933A6DAEFDEA""}, {""source"": ""Adzuna"", ""url"": ""https://www.adzuna.co.uk/jobs/land/ad/5591951911?se=sgdRwMgA8RGhuY8Zc5lhIQ&utm_medium=api&utm_source=026f28a2&v=3D24C00488304399495CC0EE3094CC5C29C2F24B""}, {""source"": ""Adzuna"", ""url"": ""https://www.adzuna.co.uk/jobs/land/ad/5610467778?se=sgdRwMgA8RGhuY8Zc5lhIQ&utm_medium=api&utm_source=026f28a2&v=90A52FD033B29FDBA46409B875927F1B39AE635E""}, {""source"": ""Adzuna"", ""url"": ""https://www.adzuna.co.uk/jobs/land/ad/5567423156?se=sgdRwMgA8RGhuY8Zc5lhIQ&utm_medium=api&utm_source=026f28a2&v=DCC82D63E26B98495EB275A9B948E620B71C3A66""}, {""source"": ""Adzuna"", ""url"": ""https://www.adzuna.co.uk/jobs/land/ad/5607336834?se=sgdRwMgA8RGhuY8Zc5lhIQ&utm_medium=api&utm_source=026f28a2&v=C876268140E91E941E51545FA96EC015FFBE4278""}, {""source"": ""Adzuna"", ""url"": ""https://www.adzuna.co.uk/jobs/land/ad/5569741885?se=sgdRwMgA8RGhuY8Zc5lhIQ&utm_medium=api&utm_source=026f28a2&v=C0E5B31A54F4AA3A9161681CF738AD5D9AA4F71B""}, {""source"": ""Adzuna"", ""url"": ""https://www.adzuna.co.uk/jobs/land/ad/5576117024?se=sgdRwMgA8RGhuY8Zc5lhIQ&utm_medium=api&utm_source=026f28a2&v=7E69CC5D5001A774C02746DCD1E47E3ECA23FB1B""}, {""source"": ""Adzuna"", ""url"": ""https://www.adzuna.co.uk/jobs/land/ad/5540873522?se=sgdRwMgA8RGhuY8Zc5lhIQ&utm_medium=api&utm_source=026f28a2&v=2C7EE22E92C0596329416DDDA675FB5AE72B7689""}, {""source"": ""Adzuna"", ""url"": ""https://www.adzuna.co.uk/jobs/land/ad/5573349449?se=JAWkwcgA8RGI2N0cIjSMgQ&utm_medium=api&utm_source=026f28a2&v=8FDE24743F86368EFBCBCA7EA442FD768E7C18D2""}, {""source"": ""Adzuna"", ""url"": ""https://www.adzuna.co.uk/jobs/land/ad/5573346095?se=JAWkwcgA8RGI2N0cIjSMgQ&utm_medium=api&utm_source=026f28a2&v=7B70B1C8CC9EEC06F16DBF915595C434E246406F""}, {""source"": ""Adzuna"", ""url"": ""https://www.adzuna.co.uk/jobs/land/ad/5604104677?se=JAWkwcgA8RGI2N0cIjSMgQ&utm_medium=api&utm_source=026f28a2&v=60320175327649AC7887FBA7CAD34459901AE16C""}, {""source"": ""Adzuna"", ""url"": ""https://www.adzuna.co.uk/jobs/land/ad/5604105181?se=JAWkwcgA8RGI2N0cIjSMgQ&utm_medium=api&utm_source=026f28a2&v=C3C028504F6A807EF66D478DD5E6FF980452C21C""}, {""source"": ""Adzuna"", ""url"": ""https://www.adzuna.co.uk/jobs/details/5573984834?utm_medium=api&utm_source=026f28a2""}, {""source"": ""Adzuna"", ""url"": ""https://www.adzuna.co.uk/jobs/details/5593111866?utm_medium=api&utm_source=026f28a2""}, {""source"": ""Adzuna"", ""url"": ""https://www.adzuna.co.uk/jobs/details/5573120499?utm_medium=api&utm_source=026f28a2""}, {""source"": ""Adzuna"", ""url"": ""https://www.adzuna.co.uk/jobs/details/5604386850?utm_medium=api&utm_source=026f28a2""}, {""source"": ""Adzuna"", ""url"": ""https://www.adzuna.co.uk/jobs/details/5517743851?utm_medium=api&utm_source=026f28a2""}, {""source"": ""Adzuna"", ""url"": ""https://www.adzuna.co.uk/jobs/details/5580392080?utm_medium=api&utm_source=026f28a2""}, {""source"": ""Adzuna"", ""url"": ""https://www.adzuna.co.uk/jobs/details/5580392063?utm_medium=api&utm_source=026f28a2""}, {""source"": ""Adzuna"", ""url"": ""https://www.adzuna.co.uk/jobs/details/5580392070?utm_medium=api&utm_source=026f28a2""}, {""source"": ""Adzuna"", ""url"": ""https://www.adzuna.co.uk/jobs/details/5580392068?utm_medium=api&utm_source=026f28a2""}, {""source"": ""Adzuna"", ""url"": ""https://www.adzuna.co.uk/jobs/details/5580392081?utm_medium=api&utm_source=026f28a2""}, {""source"": ""Adzuna"", ""url"": ""https://www.adzuna.co.uk/jobs/details/5592257282?utm_medium=api&utm_source=026f28a2""}, {""source"": ""Adzuna"", ""url"": ""https://www.adzuna.co.uk/jobs/details/5573984298?utm_medium=api&utm_source=026f28a2""}, {""source"": ""Adzuna"", ""url"": ""https://www.adzuna.co.uk/jobs/details/5406968250?utm_medium=api&utm_source=026f28a2""}, {""source"": ""Adzuna"", ""url"": ""https://www.adzuna.co.uk/jobs/details/5571325766?utm_medium=api&utm_source=026f28a2""}, {""source"": ""Adzuna"", ""url"": ""https://www.adzuna.co.uk/jobs/details/5593218934?utm_medium=api&utm_source=026f28a2""}, {""source"": ""Adzuna"", ""url"": ""https://www.adzuna.co.uk/jobs/details/5600970231?utm_medium=api&utm_source=026f28a2""}, {""source"": ""Adzuna"", ""url"": ""https://www.adzuna.co.uk/jobs/details/5610496192?utm_medium=api&utm_source=026f28a2""}, {""source"": ""Adzuna"", ""url"": ""https://www.adzuna.co.uk/jobs/details/5533597829?utm_medium=api&utm_source=026f28a2""}, {""source"": ""Adzuna"", ""url"": ""https://www.adzuna.co.uk/jobs/details/5606954400?utm_medium=api&utm_source=026f28a2""}, {""source"": ""Adzuna"", ""url"": ""https://www.adzuna.co.uk/jobs/details/5595488675?utm_medium=api&utm_source=026f28a2""}, {""source"": ""Adzuna"", ""url"": ""https://www.adzuna.co.uk/jobs/details/5573601086?utm_medium=api&utm_source=026f28a2""}, {""source"": ""Adzuna"", ""url"": ""https://www.adzuna.co.uk/jobs/details/5595600243?utm_medium=api&utm_source=026f28a2""}, {""source"": ""Adzuna"", ""url"": ""https://www.adzuna.co.uk/jobs/details/5470081580?utm_medium=api&utm_source=026f28a2""}, {""source"": ""Adzuna"", ""url"": ""https://www.adzuna.co.uk/jobs/details/5279451637?utm_medium=api&utm_source=026f28a2""}, {""source"": ""Adzuna"", ""url"": ""https://www.adzuna.co.uk/jobs/details/5604859586?utm_medium=api&utm_source=026f28a2""}, {""source"": ""Adzuna"", ""url"": ""https://www.adzuna.co.uk/jobs/details/5548632701?utm_medium=api&utm_source=026f28a2""}, {""source"": ""Adzuna"", ""url"": ""https://www.adzuna.co.uk/jobs/details/5592429745?utm_medium=api&utm_source=026f28a2""}]"
Product Manager (Optimisation),Product,1,Belfast,Senior,On-site,"['Roadmapping', 'Stakeholder Management']","[{""source"": ""Adzuna"", ""url"": ""https://www.adzuna.co.uk/jobs/land/ad/5596782566?se=sgdRwMgA8RGhuY8Zc5lhIQ&utm_medium=api&utm_source=026f28a2&v=CF616714399E95A357CB58B915F0B7590AAB1217""}]"
Product Manager (Plant Room Products / Valves),Product,1,London Gatwick Airport,Senior,On-site,"['Roadmapping', 'Stakeholder Management']","[{""source"": ""Adzuna"", ""url"": ""https://www.adzuna.co.uk/jobs/land/ad/5601761009?se=sgdRwMgA8RGhuY8Zc5lhIQ&utm_medium=api&utm_source=026f28a2&v=DC043663E82E38CDFCCCE22C92C75C481BFA4C1F""}]"
Product Manager (Plumbing Products),Product,1,London Gatwick Airport,Senior,On-site,"['Roadmapping', 'Stakeholder Management']","[{""source"": ""Adzuna"", ""url"": ""https://www.adzuna.co.uk/jobs/land/ad/5582863870?se=sgdRwMgA8RGhuY8Zc5lhIQ&utm_medium=api&utm_source=026f28a2&v=1A88DA5D140401C1562D719468E11A942A68E623""}]"
Product Manager - Cctv,Product,1,South East London,Mid,On-site,"['Roadmapping', 'Stakeholder Management']","[{""source"": ""Adzuna"", ""url"": ""https://www.adzuna.co.uk/jobs/land/ad/5577700900?se=sgdRwMgA8RGhuY8Zc5lhIQ&utm_medium=api&utm_source=026f28a2&v=A2AE9098167AA0C19ECDFF27F141217BA45D79A1""}]"
Product Manager - Commercial Strategy & Lifecycle Management,Product,1,Chester,Senior,Hybrid,"['Roadmapping', 'Stakeholder Management']","[{""source"": ""Adzuna"", ""url"": ""https://www.adzuna.co.uk/jobs/land/ad/5611142695?se=JAWkwcgA8RGI2N0cIjSMgQ&utm_medium=api&utm_source=026f28a2&v=D19CD24258C44734C3BD1720D6F7CB559C55BA22""}]"
Product Manager - Connectors,Product,1,UK,Senior,Remote,"['Roadmapping', 'Stakeholder Management']","[{""source"": ""Adzuna"", ""url"": ""https://www.adzuna.co.uk/jobs/land/ad/5591203751?se=sgdRwMgA8RGhuY8Zc5lhIQ&utm_medium=api&utm_source=026f28a2&v=90AC48972AAAB0112BAC770A9241F6774C217E98""}]"
Product Manager - Engineering,Product,1,Lincoln,Senior,On-site,"['Roadmapping', 'Stakeholder Management']","[{""source"": ""Adzuna"", ""url"": ""https://www.adzuna.co.uk/jobs/land/ad/5580498642?se=sgdRwMgA8RGhuY8Zc5lhIQ&utm_medium=api&utm_source=026f28a2&v=B192C802F3948239BF594E01E94D6359D5B0357B""}]"
Product Manager - Market Access,Product,1,Belfast,Senior,On-site,"['Roadmapping', 'Stakeholder Management']","[{""source"": ""Adzuna"", ""url"": ""https://www.adzuna.co.uk/jobs/land/ad/5605784836?se=sgdRwMgA8RGhuY8Zc5lhIQ&utm_medium=api&utm_source=026f28a2&v=18A8ED1AF990C7EE952B9638E994E7A55A02E3BD""}]"
Product Manager - Nectar Media Agency,Product,1,London,Mid,On-site,['C++'],"[{""source"": ""Adzuna"", ""url"": ""https://www.adzuna.co.uk/jobs/land/ad/5611356187?se=JAWkwcgA8RGI2N0cIjSMgQ&utm_medium=api&utm_source=026f28a2&v=D0D612934CAF97A9BAB54D08DF89F08E927FDE0C""}]"
Product Manager - Pricing Transformation,Product,2,"Peterborough, Bretton",Senior,Remote,"['Roadmapping', 'Stakeholder Management']","[{""source"": ""Adzuna"", ""url"": ""https://www.adzuna.co.uk/jobs/land/ad/5584321582?se=sgdRwMgA8RGhuY8Zc5lhIQ&utm_medium=api&utm_source=026f28a2&v=4A175AC11588F8A56F6FBFEAAFEB5CCE83960C9D""}, {""source"": ""Adzuna"", ""url"": ""https://www.adzuna.co.uk/jobs/land/ad/5590358905?se=JAWkwcgA8RGI2N0cIjSMgQ&utm_medium=api&utm_source=026f28a2&v=384A202AED764FA98FE6BF88FAE70CCFAF3D2AEB""}]"
Product Manager - Regulatory Reporting,Product,1,London,Senior,Remote,"['Roadmapping', 'Stakeholder Management']","[{""source"": ""Adzuna"", ""url"": ""https://www.adzuna.co.uk/jobs/land/ad/5588829098?se=sgdRwMgA8RGhuY8Zc5lhIQ&utm_medium=api&utm_source=026f28a2&v=355883858049F1AFD736BE4220C191BC940357D5""}]"
Product Manager - Road & Compact Equipment,Product,1,Cambridge,Mid,On-site,"['Roadmapping', 'Stakeholder Management']","[{""source"": ""Adzuna"", ""url"": ""https://www.adzuna.co.uk/jobs/land/ad/5583475588?se=JAWkwcgA8RGI2N0cIjSMgQ&utm_medium=api&utm_source=026f28a2&v=469B8283DF5AE277028F808F32F7A798092C040F""}]"
Product Manager - Sage Intacct Planning,Product,1,Winnersh,Senior,On-site,"['Roadmapping', 'Stakeholder Management']","[{""source"": ""Adzuna"", ""url"": ""https://www.adzuna.co.uk/jobs/land/ad/5494019980?se=JAWkwcgA8RGI2N0cIjSMgQ&utm_medium=api&utm_source=026f28a2&v=D77F2D04E223135E22BE15000F3D2CF95CD9D366""}]"
Product Manager - Transformers,Product,1,Loughborough,Mid,On-site,"['Roadmapping', 'Stakeholder Management']","[{""source"": ""Adzuna"", ""url"": ""https://www.adzuna.co.uk/jobs/land/ad/5592291621?se=sgdRwMgA8RGhuY8Zc5lhIQ&utm_medium=api&utm_source=026f28a2&v=B5BA7B73A1229EAFA85C51481FD150C3C9C5C89D""}]"
Product Manager Fmcg,Product,1,Irvine,Mid,On-site,"['Roadmapping', 'Stakeholder Management']","[{""source"": ""Adzuna"", ""url"": ""https://www.adzuna.co.uk/jobs/land/ad/5573634297?se=sgdRwMgA8RGhuY8Zc5lhIQ&utm_medium=api&utm_source=026f28a2&v=AA532481B453FBBD3F0AA41355AEF244B7FA2205""}]"
Product Manager Plant Room Products / Valves,Product,1,Horley,Senior,On-site,"['Roadmapping', 'Stakeholder Management']","[{""source"": ""Adzuna"", ""url"": ""https://www.adzuna.co.uk/jobs/land/ad/5583475705?se=JAWkwcgA8RGI2N0cIjSMgQ&utm_medium=api&utm_source=026f28a2&v=A8DDCBC3F6D950EA978C00B346462BE345E16DA0""}]"
Product Manager Plumbing Products,Product,1,Horley,Senior,On-site,"['Roadmapping', 'Stakeholder Management']","[{""source"": ""Adzuna"", ""url"": ""https://www.adzuna.co.uk/jobs/land/ad/5583475630?se=sgdRwMgA8RGhuY8Zc5lhIQ&utm_medium=api&utm_source=026f28a2&v=87EAD4E1F9EAA6E38494F2BFAC7CC66ED56EB5BE""}]"
Product Marketing Manager,Product,1,Milton Keynes,Mid,Hybrid,"['Roadmapping', 'Stakeholder Management']","[{""source"": ""Adzuna"", ""url"": ""https://www.adzuna.co.uk/jobs/land/ad/5594810333?se=JAWkwcgA8RGI2N0cIjSMgQ&utm_medium=api&utm_source=026f28a2&v=1AE976BA936C3FFAB50EF78AE6DCF4FBBB72CCC9""}]"
Product Owner,Product,67,"Hatfield, Reading, Manchester",Mid,On-site,"['C++', 'Excel', 'Python', 'Roadmapping', 'SQL', 'Stakeholder Management']","[{""source"": ""Adzuna"", ""url"": ""https://www.adzuna.co.uk/jobs/land/ad/5587072979?se=wsjwwsgA8RG27sBWXwN7yg&utm_medium=api&utm_source=026f28a2&v=2600DBAC85DF65BAA0C93E6C47900FAF0C53AF9D""}, {""source"": ""Adzuna"", ""url"": ""https://www.adzuna.co.uk/jobs/land/ad/5595335624?se=wsjwwsgA8RG27sBWXwN7yg&utm_medium=api&utm_source=026f28a2&v=49C5A3628DE6FDBD340FC7C9B907419B2CE3D1A4""}, {""source"": ""Adzuna"", ""url"": ""https://www.adzuna.co.uk/jobs/details/5595600188?utm_medium=api&utm_source=026f28a2""}, {""source"": ""Adzuna"", ""url"": ""https://www.adzuna.co.uk/jobs/details/5597033355?utm_medium=api&utm_source=026f28a2""}, {""source"": ""Adzuna"", ""url"": ""https://www.adzuna.co.uk/jobs/details/5591715712?utm_medium=api&utm_source=026f28a2""}, {""source"": ""Adzuna"", ""url"": ""https://www.adzuna.co.uk/jobs/details/5596075275?utm_medium=api&utm_source=026f28a2""}, {""source"": ""Adzuna"", ""url"": ""https://www.adzuna.co.uk/jobs/details/5568241091?utm_medium=api&utm_source=026f28a2""}, {""source"": ""Adzuna"", ""url"": ""https://www.adzuna.co.uk/jobs/details/5584266002?utm_medium=api&utm_source=026f28a2""}, {""source"": ""Adzuna"", ""url"": ""https://www.adzuna.co.uk/jobs/details/5339972327?utm_medium=api&utm_source=026f28a2""}, {""source"": ""Adzuna"", ""url"": ""https://www.adzuna.co.uk/jobs/details/5462953215?utm_medium=api&utm_source=026f28a2""}, {""source"": ""Adzuna"", ""url"": ""https://www.adzuna.co.uk/jobs/land/ad/5558210271?se=wsjwwsgA8RG27sBWXwN7yg&utm_medium=api&utm_source=026f28a2&v=3C1AFA5B571DE963C8C15CAFCD8D0E52236F5F2A""}, {""source"": ""Adzuna"", ""url"": ""https://www.adzuna.co.uk/jobs/land/ad/5549757411?se=wsjwwsgA8RG27sBWXwN7yg&utm_medium=api&utm_source=026f28a2&v=9CB430AF980C51899BB75887E66995B0AC7336D9""}, {""source"": ""Adzuna"", ""url"": ""https://www.adzuna.co.uk/jobs/land/ad/5607450009?se=wsjwwsgA8RG27sBWXwN7yg&utm_medium=api&utm_source=026f28a2&v=5FB7A50F52BDFF46408197A322446586D24D9B1F""}, {""source"": ""Adzuna"", ""url"": ""https://www.adzuna.co.uk/jobs/land/ad/5397778166?se=wsjwwsgA8RG27sBWXwN7yg&utm_medium=api&utm_source=026f28a2&v=A15D1AE81B1B3B85AD2E539C9752743C817F33E5""}, {""source"": ""Adzuna"", ""url"": ""https://www.adzuna.co.uk/jobs/land/ad/5594047419?se=wsjwwsgA8RG27sBWXwN7yg&utm_medium=api&utm_source=026f28a2&v=0587C18BB3C254173D61CF58208E98E834CB8D16""}, {""source"": ""Adzuna"", ""url"": ""https://www.adzuna.co.uk/jobs/land/ad/5610250170?se=wsjwwsgA8RG27sBWXwN7yg&utm_medium=api&utm_source=026f28a2&v=E5E06B3FB09F3DDC5D3237DF95784D99B9000DF3""}, {""source"": ""Adzuna"", ""url"": ""https://www.adzuna.co.uk/jobs/land/ad/5570609211?se=wsjwwsgA8RG27sBWXwN7yg&utm_medium=api&utm_source=026f28a2&v=86666924EB009301F247A859C2DE704B45D03AE7""}, {""source"": ""Adzuna"", ""url"": ""https://www.adzuna.co.uk/jobs/land/ad/5595643867?se=wsjwwsgA8RG27sBWXwN7yg&utm_medium=api&utm_source=026f28a2&v=63096AE7DF1210CF3311C34EB95035D74DEB5AE1""}, {""source"": ""Adzuna"", ""url"": ""https://www.adzuna.co.uk/jobs/details/5594160271?utm_medium=api&utm_source=026f28a2""}, {""source"": ""Adzuna"", ""url"": ""https://www.adzuna.co.uk/jobs/details/5573607661?utm_medium=api&utm_source=026f28a2""}, {""source"": ""Adzuna"", ""url"": ""https://www.adzuna.co.uk/jobs/details/5572984571?utm_medium=api&utm_source=026f28a2""}, {""source"": ""Adzuna"", ""url"": ""https://www.adzuna.co.uk/jobs/details/5603320346?utm_medium=api&utm_source=026f28a2""}, {""source"": ""Adzuna"", ""url"": ""https://www.adzuna.co.uk/jobs/details/5570832009?utm_medium=api&utm_source=026f28a2""}, {""source"": ""Adzuna"", ""url"": ""https://www.adzuna.co.uk/jobs/details/5457436727?utm_medium=api&utm_source=026f28a2""}, {""source"": ""Adzuna"", ""url"": ""https://www.adzuna.co.uk/jobs/details/5543031056?utm_medium=api&utm_source=026f28a2""}, {""source"": ""Adzuna"", ""url"": ""https://www.adzuna.co.uk/jobs/details/5603457020?utm_medium=api&utm_source=026f28a2""}, {""source"": ""Adzuna"", ""url"": ""https://www.adzuna.co.uk/jobs/details/5598246552?utm_medium=api&utm_source=026f28a2""}, {""source"": ""Adzuna"", ""url"": ""https://www.adzuna.co.uk/jobs/details/5600188801?utm_medium=api&utm_source=026f28a2""}, {""source"": ""Adzuna"", ""url"": ""https://www.adzuna.co.uk/jobs/details/5495544385?utm_medium=api&utm_source=026f28a2""}, {""source"": ""Adzuna"", ""url"": ""https://www.adzuna.co.uk/jobs/details/5604323846?utm_medium=api&utm_source=026f28a2""}, {""source"": ""Adzuna"", ""url"": ""https://www.adzuna.co.uk/jobs/details/5611195379?utm_medium=api&utm_source=026f28a2""}, {""source"": ""Adzuna"", ""url"": ""https://www.adzuna.co.uk/jobs/details/5611194519?utm_medium=api&utm_source=026f28a2""}, {""source"": ""Adzuna"", ""url"": ""https://www.adzuna.co.uk/jobs/details/5611194224?utm_medium=api&utm_source=026f28a2""}, {""source"": ""Adzuna"", ""url"": ""https://www.adzuna.co.uk/jobs/details/5588556763?utm_medium=api&utm_source=026f28a2""}, {""source"": ""Adzuna"", ""url"": ""https://www.adzuna.co.uk/jobs/details/5605132818?utm_medium=api&utm_source=026f28a2""}, {""source"": ""Adzuna"", ""url"": ""https://www.adzuna.co.uk/jobs/details/5600191200?utm_medium=api&utm_source=026f28a2""}, {""source"": ""Adzuna"", ""url"": ""https://www.adzuna.co.uk/jobs/details/5599688278?utm_medium=api&utm_source=026f28a2""}, {""source"": ""Adzuna"", ""url"": ""https://www.adzuna.co.uk/jobs/details/5569350004?utm_medium=api&utm_source=026f28a2""}, {""source"": ""Adzuna"", ""url"": ""https://www.adzuna.co.uk/jobs/details/5532367520?utm_medium=api&utm_source=026f28a2""}, {""source"": ""Adzuna"", ""url"": ""https://www.adzuna.co.uk/jobs/details/5550874309?utm_medium=api&utm_source=026f28a2""}, {""source"": ""Adzuna"", ""url"": ""https://www.adzuna.co.uk/jobs/details/5611193819?utm_medium=api&utm_source=026f28a2""}, {""source"": ""Adzuna"", ""url"": ""https://www.adzuna.co.uk/jobs/details/5595580858?utm_medium=api&utm_source=026f28a2""}, {""source"": ""Adzuna"", ""url"": ""https://www.adzuna.co.uk/jobs/details/5329655327?utm_medium=api&utm_source=026f28a2""}, {""source"": ""Adzuna"", ""url"": ""https://www.adzuna.co.uk/jobs/details/5584670035?utm_medium=api&utm_source=026f28a2""}, {""source"": ""Adzuna"", ""url"": ""https://www.adzuna.co.uk/jobs/details/5564501872?utm_medium=api&utm_source=026f28a2""}, {""source"": ""Adzuna"", ""url"": ""https://www.adzuna.co.uk/jobs/details/5554247594?utm_medium=api&utm_source=026f28a2""}, {""source"": ""Adzuna"", ""url"": ""https://www.adzuna.co.uk/jobs/details/5577245903?utm_medium=api&utm_source=026f28a2""}, {""source"": ""Adzuna"", ""url"": ""https://www.adzuna.co.uk/jobs/details/5582737540?utm_medium=api&utm_source=026f28a2""}, {""source"": ""Adzuna"", ""url"": ""https://www.adzuna.co.uk/jobs/details/5510355645?utm_medium=api&utm_source=026f28a2""}, {""source"": ""Adzuna"", ""url"": ""https://www.adzuna.co.uk/jobs/details/5589112822?utm_medium=api&utm_source=026f28a2""}, {""source"": ""Adzuna"", ""url"": ""https://www.adzuna.co.uk/jobs/details/5606083847?utm_medium=api&utm_source=026f28a2""}, {""source"": ""Adzuna"", ""url"": ""https://www.adzuna.co.uk/jobs/land/ad/5595644016?se=il1HxMgA8RG27sBWXwN7yg&utm_medium=api&utm_source=026f28a2&v=335EBF28C28BC2DA93EAA0C67EBC818EACCC25C6""}, {""source"": ""Adzuna"", ""url"": ""https://www.adzuna.co.uk/jobs/details/5540934336?utm_medium=api&utm_source=026f28a2""}, {""source"": ""Adzuna"", ""url"": ""https://www.adzuna.co.uk/jobs/details/5582987638?utm_medium=api&utm_source=026f28a2""}, {""source"": ""Adzuna"", ""url"": ""https://www.adzuna.co.uk/jobs/details/5210481036?utm_medium=api&utm_source=026f28a2""}, {""source"": ""Adzuna"", ""url"": ""https://www.adzuna.co.uk/jobs/details/5443152793?utm_medium=api&utm_source=026f28a2""}, {""source"": ""Adzuna"", ""url"": ""https://www.adzuna.co.uk/jobs/details/5571212148?utm_medium=api&utm_source=026f28a2""}, {""source"": ""Adzuna"", ""url"": ""https://www.adzuna.co.uk/jobs/details/5588556775?utm_medium=api&utm_source=026f28a2""}, {""source"": ""Adzuna"", ""url"": ""https://www.adzuna.co.uk/jobs/details/5595693429?utm_medium=api&utm_source=026f28a2""}, {""source"": ""Adzuna"", ""url"": ""https://www.adzuna.co.uk/jobs/details/5444427611?utm_medium=api&utm_source=026f28a2""}, {""source"": ""Adzuna"", ""url"": ""https://www.adzuna.co.uk/jobs/details/5597113120?utm_medium=api&utm_source=026f28a2""}, {""source"": ""Adzuna"", ""url"": ""https://www.adzuna.co.uk/jobs/details/5611195818?utm_medium=api&utm_source=026f28a2""}, {""source"": ""Adzuna"", ""url"": ""https://www.adzuna.co.uk/jobs/details/5598246459?utm_medium=api&utm_source=026f28a2""}, {""source"": ""Adzuna"", ""url"": ""https://www.adzuna.co.uk/jobs/details/5605326852?utm_medium=api&utm_source=026f28a2""}, {""source"": ""Adzuna"", ""url"": ""https://www.adzuna.co.uk/jobs/details/5597434444?utm_medium=api&utm_source=026f28a2""}, {""source"": ""Adzuna"", ""url"": ""https://www.adzuna.co.uk/jobs/details/5299404099?utm_medium=api&utm_source=026f28a2""}, {""source"": ""Adzuna"", ""url"": ""https://www.adzuna.co.uk/jobs/details/5591946233?utm_medium=api&utm_source=026f28a2""}]"
Product Owner - Adtech,Product,1,Nottingham,Mid,On-site,"['Roadmapping', 'Stakeholder Management']","[{""source"": ""Adzuna"", ""url"": ""https://www.adzuna.co.uk/jobs/land/ad/5600773713?se=wsjwwsgA8RG27sBWXwN7yg&utm_medium=api&utm_source=026f28a2&v=943626D817FFEA2589E4E6F753FD91628E6022F5""}]"
"Product Owner - Assurance (Aiops, Network Monitoring, Fault Managemen",Product,1,Reading,Mid,On-site,['Machine Learning'],"[{""source"": ""Adzuna"", ""url"": ""https://www.adzuna.co.uk/jobs/land/ad/5604680286?se=wsjwwsgA8RG27sBWXwN7yg&utm_medium=api&utm_source=026f28a2&v=91A96715F3510D4DE967A626A027E9BDF2401D9A""}]"
"Product Owner - B2B (Pe Tx, B2B, Resolve) (Oss)",Product,1,UK,Mid,On-site,"['Roadmapping', 'Stakeholder Management']","[{""source"": ""Adzuna"", ""url"": ""https://www.adzuna.co.uk/jobs/land/ad/5604679799?se=wsjwwsgA8RG27sBWXwN7yg&utm_medium=api&utm_source=026f28a2&v=AD001E3CA60DCBEA32A10E2D4B20DE0C2277AAAC""}]"
Product Owner - Crm,Product,1,Worcester,Mid,On-site,"['Roadmapping', 'Stakeholder Management']","[{""source"": ""Adzuna"", ""url"": ""https://www.adzuna.co.uk/jobs/land/ad/5607070243?se=wsjwwsgA8RG27sBWXwN7yg&utm_medium=api&utm_source=026f28a2&v=7F2028B7FCD161B15A3C994B8D21AC60A5901D96""}]"
Product Owner - Digital Twin (Oss),Product,1,UK,Senior,On-site,"['Roadmapping', 'Stakeholder Management']","[{""source"": ""Adzuna"", ""url"": ""https://www.adzuna.co.uk/jobs/land/ad/5602792238?se=wsjwwsgA8RG27sBWXwN7yg&utm_medium=api&utm_source=026f28a2&v=FB207D460A9D21390466E58FDA496F1C0F672ECE""}]"
Product Owner - Electrical Power System,Product,1,Warwick,Senior,On-site,"['Roadmapping', 'Stakeholder Management']","[{""source"": ""Adzuna"", ""url"": ""https://www.adzuna.co.uk/jobs/land/ad/5596403754?se=wsjwwsgA8RG27sBWXwN7yg&utm_medium=api&utm_source=026f28a2&v=7DF462D396279D38B38AB60CD2E9E2FACD073AA5""}]"
Product Owner - Insurance Repair And Claims,Product,1,Bristol,Mid,On-site,"['Roadmapping', 'Stakeholder Management']","[{""source"": ""Adzuna"", ""url"": ""https://www.adzuna.co.uk/jobs/land/ad/5601948246?se=wsjwwsgA8RG27sBWXwN7yg&utm_medium=api&utm_source=026f28a2&v=61E90AB9B20BC1CAD106891812C662A0E799E67F""}]"
"Product Owner - Mobile Oss (Mobile, Product Ops, Siteflo) (Oss)",Product,1,UK,Mid,On-site,"['Roadmapping', 'Stakeholder Management']","[{""source"": ""Adzuna"", ""url"": ""https://www.adzuna.co.uk/jobs/land/ad/5601948240?se=wsjwwsgA8RG27sBWXwN7yg&utm_medium=api&utm_source=026f28a2&v=5F21CC0EB02A7221DDC8E56979E6049E6D34B0D4""}]"
"Product Owner - Network Automation, Aiops (Oss)",Product,1,UK,Mid,On-site,"['Roadmapping', 'Stakeholder Management']","[{""source"": ""Adzuna"", ""url"": ""https://www.adzuna.co.uk/jobs/land/ad/5607336427?se=wsjwwsgA8RG27sBWXwN7yg&utm_medium=api&utm_source=026f28a2&v=9EE1D37B47C412AD3ED6962576D47A6DEF0C1802""}]"
"Product Owner - Nms, Fixed Products (Oss)",Product,1,UK,Mid,On-site,"['Roadmapping', 'Stakeholder Management']","[{""source"": ""Adzuna"", ""url"": ""https://www.adzuna.co.uk/jobs/land/ad/5602983367?se=wsjwwsgA8RG27sBWXwN7yg&utm_medium=api&utm_source=026f28a2&v=E53F3D41E77C53DA6A25F97E547262154EA9D66B""}]"
Product Owner / Product Manager,Product,2,"Exeter, Middlemoor",Mid,Hybrid,"['Roadmapping', 'Stakeholder Management']","[{""source"": ""Adzuna"", ""url"": ""https://www.adzuna.co.uk/jobs/land/ad/5583933572?se=sgdRwMgA8RGhuY8Zc5lhIQ&utm_medium=api&utm_source=026f28a2&v=1180314B1820CE528E976A6DF7266B4D80ED95D6""}, {""source"": ""Adzuna"", ""url"": ""https://www.adzuna.co.uk/jobs/land/ad/5584814181?se=JAWkwcgA8RGI2N0cIjSMgQ&utm_medium=api&utm_source=026f28a2&v=A091ECD48E7B226D14BB2823ADF285F5865F61E0""}]"
"Product Owner / Product Manager Accounting, Taxation, Payments",Product,1,Solihull,Senior,Hybrid,"['Roadmapping', 'Stakeholder Management']","[{""source"": ""Adzuna"", ""url"": ""https://www.adzuna.co.uk/jobs/land/ad/5610466540?se=JAWkwcgA8RGI2N0cIjSMgQ&utm_medium=api&utm_source=026f28a2&v=D1C5CB158AE3AE366A59307380509F0CB93AD099""}]"
Product Owner And Manager - Ai Service & Ops,Product,1,Manchester,Senior,On-site,"['Roadmapping', 'Stakeholder Management']","[{""source"": ""Adzuna"", ""url"": ""https://www.adzuna.co.uk/jobs/land/ad/5606234396?se=wsjwwsgA8RG27sBWXwN7yg&utm_medium=api&utm_source=026f28a2&v=A3E4F4D85508CC0ADE01AC53D1BF9F579E6F5005""}]"
Product Owner Asset Management / Oms,Product,1,London,Mid,Hybrid,"['Roadmapping', 'Stakeholder Management']","[{""source"": ""Adzuna"", ""url"": ""https://www.adzuna.co.uk/jobs/land/ad/5611136409?se=wsjwwsgA8RG27sBWXwN7yg&utm_medium=api&utm_source=026f28a2&v=B5AE405C911C74E9798E4CAA3EA4B2472D0EE422""}]"
Product Owners,Product,3,"Warwick, Lighthorne Heath, Gaydon",Mid,On-site,"['Roadmapping', 'Stakeholder Management']","[{""source"": ""Adzuna"", ""url"": ""https://www.adzuna.co.uk/jobs/land/ad/5601851811?se=wsjwwsgA8RG27sBWXwN7yg&utm_medium=api&utm_source=026f28a2&v=9972DAD348146646A7A81D513C9DEAC805237D0A""}, {""source"": ""Adzuna"", ""url"": ""https://www.adzuna.co.uk/jobs/land/ad/5602991981?se=wsjwwsgA8RG27sBWXwN7yg&utm_medium=api&utm_source=026f28a2&v=30F3CE97F99F2DF49296D86B77FC0675E66DF0FD""}, {""source"": ""Adzuna"", ""url"": ""https://www.adzuna.co.uk/jobs/details/5601860373?utm_medium=api&utm_source=026f28a2""}]"
Production Operator - Gmp Pharma Business,Healthcare,2,"St. Ippolyts, Hitchin",Mid,On-site,['Clinical Knowledge'],"[{""source"": ""Adzuna"", ""url"": ""https://www.adzuna.co.uk/jobs/land/ad/5581058038?se=bhvh3cgA8RGI2N0cIjSMgQ&utm_medium=api&utm_source=026f28a2&v=F364F528DEE0640EB431F6073A04C7D6ECF6CE90""}, {""source"": ""Adzuna"", ""url"": ""https://www.adzuna.co.uk/jobs/details/5581131645?utm_medium=api&utm_source=026f28a2""}]"
Project Engineer-Pharma Batch Process,Healthcare,1,UK,Mid,On-site,['Clinical Knowledge'],"[{""source"": ""Adzuna"", ""url"": ""https://www.adzuna.co.uk/jobs/details/5295888620?utm_medium=api&utm_source=026f28a2""}]"
Property Accountant,Finance,1,London,Mid,On-site,"['Accounting', 'Reporting']","[{""source"": ""Adzuna"", ""url"": ""https://www.adzuna.co.uk/jobs/land/ad/5581957760?se=eiFD08gA8RGV19jEQmXbTQ&utm_medium=api&utm_source=026f28a2&v=32A9F76918A01920CAC9BFECD35FF889DEC29599""}]"
Property Marketing Manager,Marketing,2,"London, North London",Mid,On-site,"['Campaigns', 'SEO']","[{""source"": ""Adzuna"", ""url"": ""https://www.adzuna.co.uk/jobs/details/5589258141?utm_medium=api&utm_source=026f28a2""}, {""source"": ""Adzuna"", ""url"": ""https://www.adzuna.co.uk/jobs/details/5588760724?utm_medium=api&utm_source=026f28a2""}]"
Proposals Development Associate Ii,Healthcare,1,Livingston,Senior,On-site,['Clinical Knowledge'],"[{""source"": ""Adzuna"", ""url"": ""https://www.adzuna.co.uk/jobs/details/5494060944?utm_medium=api&utm_source=026f28a2""}]"
Prudential Regulation & Risk Management - Junior Consultant,Business,1,London,Senior,On-site,"['Analysis', 'Communication']","[{""source"": ""Adzuna"", ""url"": ""https://www.adzuna.co.uk/jobs/land/ad/5574025561?se=Gt8nyMgA8RG27sBWXwN7yg&utm_medium=api&utm_source=026f28a2&v=7E381C89CF9793260A3DED4672E9EF094D535618""}]"
Python Software Engineer,Engineering,1,Belfast,Mid,On-site,"['AWS', 'Python']","[{""source"": ""Adzuna"", ""url"": ""https://www.adzuna.co.uk/jobs/land/ad/5605784892?se=CkM4r8gA8RGhuY8Zc5lhIQ&utm_medium=api&utm_source=026f28a2&v=EC340FBA04274B09CACFC4AE4D42C6A9DF5B052F""}]"
Qa Team Leader (Pharma),Healthcare,1,Grangemouth,Senior,On-site,['Clinical Knowledge'],"[{""source"": ""Adzuna"", ""url"": ""https://www.adzuna.co.uk/jobs/land/ad/5573342488?se=bhvh3cgA8RGI2N0cIjSMgQ&utm_medium=api&utm_source=026f28a2&v=4645DEB5F98054DF3E6BC809618388BB25F48122""}]"
Qc Data Analyst,Data,1,London,Mid,On-site,"['Data Analysis', 'SQL']","[{""source"": ""Adzuna"", ""url"": ""https://www.adzuna.co.uk/jobs/land/ad/5590118915?se=5FtQuMgA8RG27sBWXwN7yg&utm_medium=api&utm_source=026f28a2&v=2C3BE6A8DD1C9E1E51FC456C0BE289E675FE00AC""}]"
Quality Auditor,Healthcare,2,"London, The City",Mid,Hybrid,['Clinical Knowledge'],"[{""source"": ""Adzuna"", ""url"": ""https://www.adzuna.co.uk/jobs/land/ad/5589269631?se=bhvh3cgA8RGI2N0cIjSMgQ&utm_medium=api&utm_source=026f28a2&v=1633E3CDDD6B3BF7B0122456ABA500E4D24A21EC""}, {""source"": ""Adzuna"", ""url"": ""https://www.adzuna.co.uk/jobs/land/ad/5589268681?se=bhvh3cgA8RGI2N0cIjSMgQ&utm_medium=api&utm_source=026f28a2&v=CC80F20CCD7436E39C8162739824E6DB32CD26C0""}]"
Quality Control,Healthcare,1,Slough,Senior,On-site,['Clinical Knowledge'],"[{""source"": ""Adzuna"", ""url"": ""https://www.adzuna.co.uk/jobs/land/ad/5575499125?se=bhvh3cgA8RGI2N0cIjSMgQ&utm_medium=api&utm_source=026f28a2&v=F65A8F72AB5FE3F23CB5529705182F2F8088DDDA""}]"
Quality Manager L Packaging L Pharma,Healthcare,1,Bury St. Edmunds,Senior,On-site,['Clinical Knowledge'],"[{""source"": ""Adzuna"", ""url"": ""https://www.adzuna.co.uk/jobs/land/ad/5600058775?se=bhvh3cgA8RGI2N0cIjSMgQ&utm_medium=api&utm_source=026f28a2&v=C1228A88F175F6333BDA7BC8177EBD641F01D9AD""}]"
Quality Specialist (Pharma),Healthcare,1,Larne,Senior,On-site,['Clinical Knowledge'],"[{""source"": ""Adzuna"", ""url"": ""https://www.adzuna.co.uk/jobs/details/5569384819?utm_medium=api&utm_source=026f28a2""}]"
Quality Technician,Healthcare,1,Newport,Senior,On-site,['Clinical Knowledge'],"[{""source"": ""Adzuna"", ""url"": ""https://www.adzuna.co.uk/jobs/land/ad/5587623583?se=bhvh3cgA8RGI2N0cIjSMgQ&utm_medium=api&utm_source=026f28a2&v=DC651BFD656E156CBF3907EC7D3DFBA274B7AD5A""}]"
Recruitment Consultant,Business,7,"Netherstowe, Hyde Park, Deritend",Mid,On-site,"['Analysis', 'Communication']","[{""source"": ""Adzuna"", ""url"": ""https://www.adzuna.co.uk/jobs/land/ad/5604686001?se=5oxhycgA8RGhuY8Zc5lhIQ&utm_medium=api&utm_source=026f28a2&v=17EE40DB4EEE6289115C7946565EDE12A84BE887""}, {""source"": ""Adzuna"", ""url"": ""https://www.adzuna.co.uk/jobs/land/ad/5606063633?se=5oxhycgA8RGhuY8Zc5lhIQ&utm_medium=api&utm_source=026f28a2&v=7124E44671C5D96FA4B3E17C8E7EFD8C76B5B81B""}, {""source"": ""Adzuna"", ""url"": ""https://www.adzuna.co.uk/jobs/land/ad/5610214621?se=5oxhycgA8RGhuY8Zc5lhIQ&utm_medium=api&utm_source=026f28a2&v=D9FB943BDE09BDF9F8911CC65F7F7CA61F008ABB""}, {""source"": ""Adzuna"", ""url"": ""https://www.adzuna.co.uk/jobs/land/ad/5604686003?se=5oxhycgA8RGhuY8Zc5lhIQ&utm_medium=api&utm_source=026f28a2&v=C4A2A1DC2F2CD9D0F5CFD01F1C859466A1F6C99C""}, {""source"": ""Adzuna"", ""url"": ""https://www.adzuna.co.uk/jobs/land/ad/5579239749?se=5oxhycgA8RGhuY8Zc5lhIQ&utm_medium=api&utm_source=026f28a2&v=534C66314627C57F025D25A0A6D3E1D1F9FF23B2""}, {""source"": ""Adzuna"", ""url"": ""https://www.adzuna.co.uk/jobs/land/ad/5591180518?se=5oxhycgA8RGhuY8Zc5lhIQ&utm_medium=api&utm_source=026f28a2&v=E4F9BD52E41A02DC14673313D66A9CC1C9BFC118""}, {""source"": ""Adzuna"", ""url"": ""https://www.adzuna.co.uk/jobs/land/ad/5604686000?se=5oxhycgA8RGhuY8Zc5lhIQ&utm_medium=api&utm_source=026f28a2&v=B0EC49DB68B284F1DE9DD68BF87303AB5528FEC0""}]"
Recruitment Consultant,HR,1,Westerfield,Senior,On-site,"['People Management', 'Recruitment']","[{""source"": ""Adzuna"", ""url"": ""https://www.adzuna.co.uk/jobs/land/ad/5597016058?se=FlK16cgA8RGhuY8Zc5lhIQ&utm_medium=api&utm_source=026f28a2&v=A24E99DADBD226A80A98C028CB28655070D988A8""}]"
Recruitment Consultant - Remote,Business,6,"Ackenthwaite, Helsington, Gargrave",Mid,On-site,"['Analysis', 'Communication']","[{""source"": ""Adzuna"", ""url"": ""https://www.adzuna.co.uk/jobs/land/ad/5596273683?se=Gt8nyMgA8RG27sBWXwN7yg&utm_medium=api&utm_source=026f28a2&v=2B4F8211CA9E704FE6851FAE98A94E6F5603E5E4""}, {""source"": ""Adzuna"", ""url"": ""https://www.adzuna.co.uk/jobs/land/ad/5596273676?se=Gt8nyMgA8RG27sBWXwN7yg&utm_medium=api&utm_source=026f28a2&v=0C83BEB131BFFAE3E940EB2A1553E7D7F7B6AA60""}, {""source"": ""Adzuna"", ""url"": ""https://www.adzuna.co.uk/jobs/land/ad/5596273682?se=Gt8nyMgA8RG27sBWXwN7yg&utm_medium=api&utm_source=026f28a2&v=3FCA5EC24F138BD3E2AB8EB0396A034373BD7EAB""}, {""source"": ""Adzuna"", ""url"": ""https://www.adzuna.co.uk/jobs/land/ad/5596273685?se=Gt8nyMgA8RG27sBWXwN7yg&utm_medium=api&utm_source=026f28a2&v=AE7B77CD283EC41E2B5950D16EC6B877B1AAB913""}, {""source"": ""Adzuna"", ""url"": ""https://www.adzuna.co.uk/jobs/land/ad/5596273686?se=Gt8nyMgA8RG27sBWXwN7yg&utm_medium=api&utm_source=026f28a2&v=593A279A1E30CF8D572B2FBBA6F6C16BB10BB77A""}, {""source"": ""Adzuna"", ""url"": ""https://www.adzuna.co.uk/jobs/land/ad/5596273687?se=Gt8nyMgA8RG27sBWXwN7yg&utm_medium=api&utm_source=026f28a2&v=802DC39EE3F59859BCE9CA9C65DB430757202FA5""}]"
Recruitment Consultant / Senior Recruitment Consultant,Business,1,Dormans Park,Senior,Hybrid,"['Analysis', 'Communication']","[{""source"": ""Adzuna"", ""url"": ""https://www.adzuna.co.uk/jobs/land/ad/5591085610?se=Gt8nyMgA8RG27sBWXwN7yg&utm_medium=api&utm_source=026f28a2&v=B4E870C7B7EE812FA0A96E9113A0442632B77E3C""}]"
Recruitment Consultant / Trainee Consultant,Business,1,Exeter,Senior,On-site,"['Analysis', 'Communication']","[{""source"": ""Adzuna"", ""url"": ""https://www.adzuna.co.uk/jobs/land/ad/5606944526?se=Gt8nyMgA8RG27sBWXwN7yg&utm_medium=api&utm_source=026f28a2&v=9CAF0DF1517C1FB8B4068D04D7DA42B69155C366""}]"
Recruitment Consultants,Business,1,Southam,Mid,On-site,"['Analysis', 'Communication']","[{""source"": ""Adzuna"", ""url"": ""https://www.adzuna.co.uk/jobs/land/ad/5610365062?se=5oxhycgA8RGhuY8Zc5lhIQ&utm_medium=api&utm_source=026f28a2&v=D0726E6004469DAB6F3CAA7474EBDCB5C881E2DF""}]"
Recruitment Operations Manager,Business,1,London,Mid,On-site,"['Analysis', 'Communication']","[{""source"": ""Adzuna"", ""url"": ""https://www.adzuna.co.uk/jobs/land/ad/5592291910?se=jkTCzMgA8RGhuY8Zc5lhIQ&utm_medium=api&utm_source=026f28a2&v=9F88F9D27FC72A8E6086C8EE814250FE39C59DF9""}]"
Regional Operations Manager,Business,2,"UK, Sutton",Senior,On-site,"['Analysis', 'Communication']","[{""source"": ""Adzuna"", ""url"": ""https://www.adzuna.co.uk/jobs/land/ad/5601835526?se=tmvAysgA8RGhuY8Zc5lhIQ&utm_medium=api&utm_source=026f28a2&v=1E72F6F476825BC2BD7364304DDA20BE48EC8A10""}, {""source"": ""Adzuna"", ""url"": ""https://www.adzuna.co.uk/jobs/land/ad/5604686065?se=tmvAysgA8RGhuY8Zc5lhIQ&utm_medium=api&utm_source=026f28a2&v=BF178032054D86C509F56621841CC347A88FC9C1""}]"
Regional Technical Consultant (Bms),Business,1,Charing Cross,Mid,On-site,"['Analysis', 'Communication']","[{""source"": ""Adzuna"", ""url"": ""https://www.adzuna.co.uk/jobs/land/ad/5610465936?se=Gt8nyMgA8RG27sBWXwN7yg&utm_medium=api&utm_source=026f28a2&v=EF2FD51548B06E2D9D24DBFC51F5EBB85BD6B879""}]"
Registered Care Home Manager,HR,1,North West London,Mid,On-site,"['People Management', 'Recruitment']","[{""source"": ""Adzuna"", ""url"": ""https://www.adzuna.co.uk/jobs/land/ad/5592368796?se=FlK16cgA8RGhuY8Zc5lhIQ&utm_medium=api&utm_source=026f28a2&v=C1B24EA09B15B47496A3883255B7428529202CFC""}]"
"Regulatory Affairs Executive, Systems And Operations",Healthcare,1,Weston,Mid,On-site,['Clinical Knowledge'],"[{""source"": ""Adzuna"", ""url"": ""https://www.adzuna.co.uk/jobs/details/5570206659?utm_medium=api&utm_source=026f28a2""}]"
Regulatory Affairs Manager,Healthcare,3,"Colney Heath, Iver, St. Albans",Mid,Remote,['Clinical Knowledge'],"[{""source"": ""Adzuna"", ""url"": ""https://www.adzuna.co.uk/jobs/land/ad/5571252442?se=bhvh3cgA8RGI2N0cIjSMgQ&utm_medium=api&utm_source=026f28a2&v=CDFF9A69F3EA62BFE52891644A90206FB07E74E8""}, {""source"": ""Adzuna"", ""url"": ""https://www.adzuna.co.uk/jobs/land/ad/5596113219?se=bhvh3cgA8RGI2N0cIjSMgQ&utm_medium=api&utm_source=026f28a2&v=C30D19105E77C53521D73936B18B6B85FDF61F5D""}, {""source"": ""Adzuna"", ""url"": ""https://www.adzuna.co.uk/jobs/details/5568292769?utm_medium=api&utm_source=026f28a2""}]"
Regulatory Affairs Officer,Healthcare,1,Iver,Mid,Hybrid,['Clinical Knowledge'],"[{""source"": ""Adzuna"", ""url"": ""https://www.adzuna.co.uk/jobs/details/5595695511?utm_medium=api&utm_source=026f28a2""}]"
Regulatory Intelligence,Healthcare,1,Slough,Senior,On-site,['Clinical Knowledge'],"[{""source"": ""Adzuna"", ""url"": ""https://www.adzuna.co.uk/jobs/land/ad/5577849807?se=bhvh3cgA8RGI2N0cIjSMgQ&utm_medium=api&utm_source=026f28a2&v=C265A2EF1EEA20139F286F4A9B642072C661AC1C""}]"
Reinsurance Accountant,Finance,1,London,Mid,On-site,"['Accounting', 'Reporting']","[{""source"": ""Adzuna"", ""url"": ""https://www.adzuna.co.uk/jobs/land/ad/5549282739?se=Fmmp1MgA8RGI2N0cIjSMgQ&utm_medium=api&utm_source=026f28a2&v=D47895D520BD445EB6DA5C1425B0FDFD00A38255""}]"
Reinsurance Operations Manager,Business,1,London,Mid,Remote,"['Analysis', 'Communication']","[{""source"": ""Adzuna"", ""url"": ""https://www.adzuna.co.uk/jobs/land/ad/5611099948?se=jkTCzMgA8RGhuY8Zc5lhIQ&utm_medium=api&utm_source=026f28a2&v=BF37F1DB35F9EA0026F7FE73A9D8B2232B987D09""}]"
Renewables Product Manager,Product,1,Manchester,Mid,On-site,"['Roadmapping', 'Stakeholder Management']","[{""source"": ""Adzuna"", ""url"": ""https://www.adzuna.co.uk/jobs/land/ad/5610317915?se=sgdRwMgA8RGhuY8Zc5lhIQ&utm_medium=api&utm_source=026f28a2&v=383076CA3C3375955116CF28A5316E6360F54D2C""}]"
Reporting Accountant,Finance,2,"Cheltenham, Solihull",Mid,On-site,"['Accounting', 'Reporting']","[{""source"": ""Adzuna"", ""url"": ""https://www.adzuna.co.uk/jobs/land/ad/5549283520?se=eiFD08gA8RGV19jEQmXbTQ&utm_medium=api&utm_source=026f28a2&v=305CB1EE8BA5F40647A33B151F5D7D6DCB639A1B""}, {""source"": ""Adzuna"", ""url"": ""https://www.adzuna.co.uk/jobs/land/ad/5586056566?se=Fmmp1MgA8RGI2N0cIjSMgQ&utm_medium=api&utm_source=026f28a2&v=AA0B5958494D3B2D6AA7E2ABC2B5DB112AEF657C""}]"
Research Software Engineer - Databases,Engineering,1,Edinburgh,Senior,On-site,"['Problem Solving', 'System Design']","[{""source"": ""Adzuna"", ""url"": ""https://www.adzuna.co.uk/jobs/land/ad/5583825425?se=CkM4r8gA8RGhuY8Zc5lhIQ&utm_medium=api&utm_source=026f28a2&v=26EE074279A220E7C26AF2F479E25987C5322D6E""}]"
Retention Marketing Manager,Marketing,1,Barford,Mid,On-site,"['Campaigns', 'SEO']","[{""source"": ""Adzuna"", ""url"": ""https://www.adzuna.co.uk/jobs/land/ad/5575718021?se=TEEuzsgA8RG27sBWXwN7yg&utm_medium=api&utm_source=026f28a2&v=252EE840D1DD4091D362E04FC6F46B88AA48D5F4""}]"
"Risk Analytics - Capital Projections Analytics, Analyst",Data,1,London,Mid,On-site,"['Data Analysis', 'SQL']","[{""source"": ""Adzuna"", ""url"": ""https://www.adzuna.co.uk/jobs/details/5579238694?utm_medium=api&utm_source=026f28a2""}]"
Risk Consulting Director - Public & Social Sector,Business,1,London,Senior,On-site,"['Analysis', 'Communication']","[{""source"": ""Adzuna"", ""url"": ""https://www.adzuna.co.uk/jobs/land/ad/5574025568?se=Gt8nyMgA8RG27sBWXwN7yg&utm_medium=api&utm_source=026f28a2&v=E637DDC2FCA8D869D4FF826A23FDE22AFAD3E348""}]"
S26-031 Csi Supervisor - West (Lc10),HR,1,Preston,Mid,On-site,"['People Management', 'Recruitment']","[{""source"": ""Adzuna"", ""url"": ""https://www.adzuna.co.uk/jobs/details/5590090189?utm_medium=api&utm_source=026f28a2""}]"
Sales & Marketing Manager,Marketing,2,"Kings Cross, Manchester",Mid,On-site,"['Campaigns', 'SEO']","[{""source"": ""Adzuna"", ""url"": ""https://www.adzuna.co.uk/jobs/land/ad/5610178301?se=TEEuzsgA8RG27sBWXwN7yg&utm_medium=api&utm_source=026f28a2&v=6EE9254D054DA57849193C2BB43D200B8A89A9BC""}, {""source"": ""Adzuna"", ""url"": ""https://www.adzuna.co.uk/jobs/land/ad/5601845539?se=1uV2z8gA8RG27sBWXwN7yg&utm_medium=api&utm_source=026f28a2&v=4F8036A7F37DBB53E33971CCF4E741BA194FD166""}]"
Sales Administrator,Healthcare,1,Leicester,Mid,On-site,['Clinical Knowledge'],"[{""source"": ""Adzuna"", ""url"": ""https://www.adzuna.co.uk/jobs/details/5606550936?utm_medium=api&utm_source=026f28a2""}]"
Sales And Marketing Management Trainee,Marketing,3,"Sheffield, London, The City",Senior,On-site,"['Campaigns', 'SEO']","[{""source"": ""Adzuna"", ""url"": ""https://www.adzuna.co.uk/jobs/land/ad/5562064193?se=1uV2z8gA8RG27sBWXwN7yg&utm_medium=api&utm_source=026f28a2&v=A23ED5E6B3770A0FBB7181DB073438223F3E49F0""}, {""source"": ""Adzuna"", ""url"": ""https://www.adzuna.co.uk/jobs/land/ad/5610949567?se=1uV2z8gA8RG27sBWXwN7yg&utm_medium=api&utm_source=026f28a2&v=AC5625614DE5180F119CBD155D763B0DF4A49D63""}, {""source"": ""Adzuna"", ""url"": ""https://www.adzuna.co.uk/jobs/land/ad/5610948597?se=1uV2z8gA8RG27sBWXwN7yg&utm_medium=api&utm_source=026f28a2&v=27087C4002F09B7CF03A9039620888EFF3A3FFB7""}]"
Sales And Marketing Manager,Marketing,3,"The Ridgeway, South East London, London",Senior,On-site,"['Campaigns', 'SEO']","[{""source"": ""Adzuna"", ""url"": ""https://www.adzuna.co.uk/jobs/land/ad/5585754621?se=TEEuzsgA8RG27sBWXwN7yg&utm_medium=api&utm_source=026f28a2&v=DA0F9DA62F6D40B4971059521F28CBA814C509EA""}, {""source"": ""Adzuna"", ""url"": ""https://www.adzuna.co.uk/jobs/land/ad/5601955677?se=1uV2z8gA8RG27sBWXwN7yg&utm_medium=api&utm_source=026f28a2&v=8E1AC43728A7EC134E696B9C559999348AE1B05E""}, {""source"": ""Adzuna"", ""url"": ""https://www.adzuna.co.uk/jobs/land/ad/5602665832?se=1uV2z8gA8RG27sBWXwN7yg&utm_medium=api&utm_source=026f28a2&v=76D43DAB41D36A2E81B59B4F0E331980C50B30A1""}]"
Sales Consultant,Business,15,"Hillhead, Spitalfields, Torry",Mid,On-site,"['Analysis', 'Communication']","[{""source"": ""Adzuna"", ""url"": ""https://www.adzuna.co.uk/jobs/land/ad/5517490292?se=Gt8nyMgA8RG27sBWXwN7yg&utm_medium=api&utm_source=026f28a2&v=BF4955C8C1303BED73279A8F08AA97A1DBD681FA""}, {""source"": ""Adzuna"", ""url"": ""https://www.adzuna.co.uk/jobs/land/ad/5608356510?se=5oxhycgA8RGhuY8Zc5lhIQ&utm_medium=api&utm_source=026f28a2&v=A01A574F843128D32F4F726AB910E146ADA5A43C""}, {""source"": ""Adzuna"", ""url"": ""https://www.adzuna.co.uk/jobs/land/ad/5587673145?se=5oxhycgA8RGhuY8Zc5lhIQ&utm_medium=api&utm_source=026f28a2&v=4DAC122AF4C8B848D9022D462AFFA49D70710B4C""}, {""source"": ""Adzuna"", ""url"": ""https://www.adzuna.co.uk/jobs/land/ad/5595234433?se=5oxhycgA8RGhuY8Zc5lhIQ&utm_medium=api&utm_source=026f28a2&v=20F07BB2614F61052E51B79BED0B80DD36D318F5""}, {""source"": ""Adzuna"", ""url"": ""https://www.adzuna.co.uk/jobs/land/ad/5582000810?se=5oxhycgA8RGhuY8Zc5lhIQ&utm_medium=api&utm_source=026f28a2&v=5F7BE3E08B670F53669093713A4C1D0820D11C6C""}, {""source"": ""Adzuna"", ""url"": ""https://www.adzuna.co.uk/jobs/land/ad/5579239555?se=5oxhycgA8RGhuY8Zc5lhIQ&utm_medium=api&utm_source=026f28a2&v=7C86E76905378F9FB1279B235F3576A0DFC7200D""}, {""source"": ""Adzuna"", ""url"": ""https://www.adzuna.co.uk/jobs/land/ad/5599951060?se=5oxhycgA8RGhuY8Zc5lhIQ&utm_medium=api&utm_source=026f28a2&v=8DB58D94A12D6BAB5EDED65A2698EEDE84BD635E""}, {""source"": ""Adzuna"", ""url"": ""https://www.adzuna.co.uk/jobs/land/ad/5599951064?se=5oxhycgA8RGhuY8Zc5lhIQ&utm_medium=api&utm_source=026f28a2&v=10D710940CF5CF62D1C9BFE45D7EAF02ED70B624""}, {""source"": ""Adzuna"", ""url"": ""https://www.adzuna.co.uk/jobs/land/ad/5610070800?se=5oxhycgA8RGhuY8Zc5lhIQ&utm_medium=api&utm_source=026f28a2&v=683B174394F74753E0DEBFFAFEE95AAB89A13048""}, {""source"": ""Adzuna"", ""url"": ""https://www.adzuna.co.uk/jobs/land/ad/5587673114?se=5oxhycgA8RGhuY8Zc5lhIQ&utm_medium=api&utm_source=026f28a2&v=950F8561568F8F55487F35D4A7E71F8B5CBAD6BF""}, {""source"": ""Adzuna"", ""url"": ""https://www.adzuna.co.uk/jobs/land/ad/5596973562?se=5oxhycgA8RGhuY8Zc5lhIQ&utm_medium=api&utm_source=026f28a2&v=0DFA793CDA8D48F4ED57008D6D48FD0DDDC520AB""}, {""source"": ""Adzuna"", ""url"": ""https://www.adzuna.co.uk/jobs/land/ad/5567772126?se=5oxhycgA8RGhuY8Zc5lhIQ&utm_medium=api&utm_source=026f28a2&v=11F18753F5F6D5630799518D8AED01E28C97EC26""}, {""source"": ""Adzuna"", ""url"": ""https://www.adzuna.co.uk/jobs/land/ad/5610214376?se=5oxhycgA8RGhuY8Zc5lhIQ&utm_medium=api&utm_source=026f28a2&v=4A17A05AC7720A5C9332B0A330E6F2FFA4FBDE4B""}, {""source"": ""Adzuna"", ""url"": ""https://www.adzuna.co.uk/jobs/land/ad/5603030474?se=5oxhycgA8RGhuY8Zc5lhIQ&utm_medium=api&utm_source=026f28a2&v=7224ED7F5B5CD295CFEF8ECE892FC69EEF59C5D8""}, {""source"": ""Adzuna"", ""url"": ""https://www.adzuna.co.uk/jobs/land/ad/5606063400?se=5oxhycgA8RGhuY8Zc5lhIQ&utm_medium=api&utm_source=026f28a2&v=63E5FF60BBC5D388CD29D6AE68E53DCCED7F0FED""}]"
Sales Consultants,Business,2,"Southampton, Portsmouth",Mid,On-site,"['Analysis', 'Communication']","[{""source"": ""Adzuna"", ""url"": ""https://www.adzuna.co.uk/jobs/land/ad/5597063828?se=5oxhycgA8RGhuY8Zc5lhIQ&utm_medium=api&utm_source=026f28a2&v=54EC07BC7BB0B010C9FA39EB1C66B089DC54C977""}, {""source"": ""Adzuna"", ""url"": ""https://www.adzuna.co.uk/jobs/land/ad/5598774685?se=5oxhycgA8RGhuY8Zc5lhIQ&utm_medium=api&utm_source=026f28a2&v=55984E18E3857F420523C1C31B1296B192709198""}]"
Sales Designer,Design,1,Whitton,Mid,On-site,"['UI', 'UX']","[{""source"": ""Adzuna"", ""url"": ""https://www.adzuna.co.uk/jobs/land/ad/5591180509?se=7BXT4cgA8RG27sBWXwN7yg&utm_medium=api&utm_source=026f28a2&v=36572E29CF52B1C50857D0655D6D2430AD429F8F""}]"
Sales Solutions Specialist - Pharma / Life Science,Healthcare,1,London,Mid,On-site,['Clinical Knowledge'],"[{""source"": ""Adzuna"", ""url"": ""https://www.adzuna.co.uk/jobs/details/5570532478?utm_medium=api&utm_source=026f28a2""}]"
Sales Solutions Specialist – Pharma / Life Science,Healthcare,1,London,Mid,On-site,['Clinical Knowledge'],"[{""source"": ""Adzuna"", ""url"": ""https://www.adzuna.co.uk/jobs/land/ad/5573606973?se=bhvh3cgA8RGI2N0cIjSMgQ&utm_medium=api&utm_source=026f28a2&v=00A24CE2CB1A2940320D2CA5171C39D5E1A26D95""}]"
Salesforce Devops Engineer Sc Cleared,Engineering,1,South East London,Mid,On-site,"['Problem Solving', 'System Design']","[{""source"": ""Adzuna"", ""url"": ""https://www.adzuna.co.uk/jobs/land/ad/5606835694?se=qqN8sMgA8RGI2N0cIjSMgQ&utm_medium=api&utm_source=026f28a2&v=C65F0EC8F174627A23B7CA37739B54E8D230768E""}]"
Salesforce Product Manager,Product,1,London,Senior,Hybrid,"['Roadmapping', 'Stakeholder Management']","[{""source"": ""Adzuna"", ""url"": ""https://www.adzuna.co.uk/jobs/land/ad/5597081349?se=sgdRwMgA8RGhuY8Zc5lhIQ&utm_medium=api&utm_source=026f28a2&v=DE239DA22C3D390BCFD02DCF291DF9486DE9ED7C""}]"
Sap Fico Business Analyst,Business,1,Longford Turning,Mid,On-site,"['Analysis', 'Communication']","[{""source"": ""Adzuna"", ""url"": ""https://www.adzuna.co.uk/jobs/land/ad/5598598934?se=SgmZxcgA8RG27sBWXwN7yg&utm_medium=api&utm_source=026f28a2&v=BC0101CB59B480E84F7D95E031ED30CFB1F62DEC""}]"
Sc & Nppv3 Data Analyst,Data,1,Eastern England,Mid,On-site,"['Data Analysis', 'SQL']","[{""source"": ""Adzuna"", ""url"": ""https://www.adzuna.co.uk/jobs/land/ad/5610467020?se=5FtQuMgA8RG27sBWXwN7yg&utm_medium=api&utm_source=026f28a2&v=7B3C5685046CFB44B0FE82EC403E32F2645C470D""}]"
Sc Cleared Aws Devops Engineer,Engineering,2,"London, The City",Mid,Hybrid,['AWS'],"[{""source"": ""Adzuna"", ""url"": ""https://www.adzuna.co.uk/jobs/land/ad/5588397596?se=qqN8sMgA8RGI2N0cIjSMgQ&utm_medium=api&utm_source=026f28a2&v=CFC720B93BF38EBBD0F7689C5776E9380ED6BD57""}, {""source"": ""Adzuna"", ""url"": ""https://www.adzuna.co.uk/jobs/land/ad/5588397880?se=qqN8sMgA8RGI2N0cIjSMgQ&utm_medium=api&utm_source=026f28a2&v=37A3FDFDEB1B852AF48B4A9BED2D92809E4A4378""}]"
School Business Manager - Alternative Provision,HR,1,Colne,Mid,On-site,"['People Management', 'Recruitment']","[{""source"": ""Adzuna"", ""url"": ""https://www.adzuna.co.uk/jobs/land/ad/5606768064?se=vuZb6MgA8RGV19jEQmXbTQ&utm_medium=api&utm_source=026f28a2&v=E572EECF248948B9D06B2AA540A4C7C22C8466A9""}]"
Scrub Nurse – Ophthalmology,Healthcare,1,Ferncliffe,Mid,On-site,['Clinical Knowledge'],"[{""source"": ""Adzuna"", ""url"": ""https://www.adzuna.co.uk/jobs/land/ad/5608009221?se=zh-C2MgA8RGhuY8Zc5lhIQ&utm_medium=api&utm_source=026f28a2&v=A75F066072D8F3D2A8DD338D5149F24B8C450B2C""}]"
Scrub Nurse/Odp,Healthcare,7,"Carclaze, Cornwall, Kings Hill",Mid,On-site,['Clinical Knowledge'],"[{""source"": ""Adzuna"", ""url"": ""https://www.adzuna.co.uk/jobs/land/ad/5610743511?se=zh-C2MgA8RGhuY8Zc5lhIQ&utm_medium=api&utm_source=026f28a2&v=FB6EAA88F4A4F99873EB378892CDA314C79636AA""}, {""source"": ""Adzuna"", ""url"": ""https://www.adzuna.co.uk/jobs/land/ad/5610743529?se=zh-C2MgA8RGhuY8Zc5lhIQ&utm_medium=api&utm_source=026f28a2&v=BB915637FA2D1450B87F34144ADACC335107B751""}, {""source"": ""Adzuna"", ""url"": ""https://www.adzuna.co.uk/jobs/land/ad/5610743515?se=zh-C2MgA8RGhuY8Zc5lhIQ&utm_medium=api&utm_source=026f28a2&v=3758F88A22877C972F82AB6AE244FE7B562FC430""}, {""source"": ""Adzuna"", ""url"": ""https://www.adzuna.co.uk/jobs/land/ad/5610743522?se=zh-C2MgA8RGhuY8Zc5lhIQ&utm_medium=api&utm_source=026f28a2&v=7140299E208681825639E6EB5EAF7628113570EB""}, {""source"": ""Adzuna"", ""url"": ""https://www.adzuna.co.uk/jobs/land/ad/5610743500?se=zh-C2MgA8RGhuY8Zc5lhIQ&utm_medium=api&utm_source=026f28a2&v=49455391B06C9A55339B5FBFC992D122A6F14F15""}, {""source"": ""Adzuna"", ""url"": ""https://www.adzuna.co.uk/jobs/land/ad/5610743532?se=zh-C2MgA8RGhuY8Zc5lhIQ&utm_medium=api&utm_source=026f28a2&v=72693FE7177759AB3550373E327DD2A7185A8A2D""}, {""source"": ""Adzuna"", ""url"": ""https://www.adzuna.co.uk/jobs/land/ad/5610743494?se=zh-C2MgA8RGhuY8Zc5lhIQ&utm_medium=api&utm_source=026f28a2&v=405836E0BCDADB58590A2BFD81552ACA43598007""}]"
Senior Account Manager - Health/Pharma Agency,Healthcare,1,Stanley,Senior,Remote,['Clinical Knowledge'],"[{""source"": ""Adzuna"", ""url"": ""https://www.adzuna.co.uk/jobs/land/ad/5610313699?se=bhvh3cgA8RGI2N0cIjSMgQ&utm_medium=api&utm_source=026f28a2&v=B96844D6FA29DA926DB0EE957C8588DD497F3FC6""}]"
Senior Account Manager - Healthcare & Pharma Communications - Global Agency,Healthcare,1,London,Mid,On-site,['Clinical Knowledge'],"[{""source"": ""Adzuna"", ""url"": ""https://www.adzuna.co.uk/jobs/details/5515222704?utm_medium=api&utm_source=026f28a2""}]"
Senior Accountant,Finance,7,"Belfast, Preston, UK",Senior,On-site,"['Accounting', 'Reporting']","[{""source"": ""Adzuna"", ""url"": ""https://www.adzuna.co.uk/jobs/land/ad/5549282384?se=eiFD08gA8RGV19jEQmXbTQ&utm_medium=api&utm_source=026f28a2&v=78AD6A8294485575B97E7D42F4292DF020BD279E""}, {""source"": ""Adzuna"", ""url"": ""https://www.adzuna.co.uk/jobs/land/ad/5553091878?se=eiFD08gA8RGV19jEQmXbTQ&utm_medium=api&utm_source=026f28a2&v=0B9CFD8FDE2DF6766FED8FD4C61A36BDA128B6DD""}, {""source"": ""Adzuna"", ""url"": ""https://www.adzuna.co.uk/jobs/land/ad/5549283025?se=Fmmp1MgA8RGI2N0cIjSMgQ&utm_medium=api&utm_source=026f28a2&v=443ACB57A84BC1613F8A71248116AD16C432B72D""}, {""source"": ""Adzuna"", ""url"": ""https://www.adzuna.co.uk/jobs/land/ad/5549282460?se=Fmmp1MgA8RGI2N0cIjSMgQ&utm_medium=api&utm_source=026f28a2&v=398E8E3B853137B5C54531E9D2802CFD1D1AB085""}, {""source"": ""Adzuna"", ""url"": ""https://www.adzuna.co.uk/jobs/land/ad/5553091854?se=Fmmp1MgA8RGI2N0cIjSMgQ&utm_medium=api&utm_source=026f28a2&v=665F3868FB3148DEE80C6253BC82C76C80987750""}, {""source"": ""Adzuna"", ""url"": ""https://www.adzuna.co.uk/jobs/land/ad/5549282420?se=Fmmp1MgA8RGI2N0cIjSMgQ&utm_medium=api&utm_source=026f28a2&v=3851F5F76E183CFFF7F2BDB68C055786B2E9CDA3""}, {""source"": ""Adzuna"", ""url"": ""https://www.adzuna.co.uk/jobs/land/ad/5549283466?se=Fmmp1MgA8RGI2N0cIjSMgQ&utm_medium=api&utm_source=026f28a2&v=46CC14F8D35CD74A7B4BCB418230C6FCD05BF2FD""}]"
Senior Applied Data Scientist,Data,1,London,Senior,On-site,"['Data Analysis', 'SQL']","[{""source"": ""Adzuna"", ""url"": ""https://www.adzuna.co.uk/jobs/land/ad/5543506502?se=1rQzvMgA8RGV19jEQmXbTQ&utm_medium=api&utm_source=026f28a2&v=DA872ED7BB52A6853167664066783A1073D6AAFB""}]"
Senior Audience Marketing Manager - Awareness And Activation,Marketing,1,London,Senior,On-site,"['Campaigns', 'SEO']","[{""source"": ""Adzuna"", ""url"": ""https://www.adzuna.co.uk/jobs/land/ad/5605787830?se=1uV2z8gA8RG27sBWXwN7yg&utm_medium=api&utm_source=026f28a2&v=A572A31C570462891CF2F2906A845F2651604A62""}]"
Senior Azure Devops Engineer,Engineering,2,"London, The City",Senior,Hybrid,['Azure'],"[{""source"": ""Adzuna"", ""url"": ""https://www.adzuna.co.uk/jobs/land/ad/5600125952?se=qqN8sMgA8RGI2N0cIjSMgQ&utm_medium=api&utm_source=026f28a2&v=0D42C6BBFD27CDBC3528628DE7317D79916E0A68""}, {""source"": ""Adzuna"", ""url"": ""https://www.adzuna.co.uk/jobs/land/ad/5600127121?se=qqN8sMgA8RGI2N0cIjSMgQ&utm_medium=api&utm_source=026f28a2&v=5004DBDEF0F3F11BA8C1731A7812C0E4304851F5""}]"
Senior Biostatistician,Healthcare,1,Croxley Green,Mid,On-site,['Clinical Knowledge'],"[{""source"": ""Adzuna"", ""url"": ""https://www.adzuna.co.uk/jobs/details/5595576408?utm_medium=api&utm_source=026f28a2""}]"
Senior Business Analyst,Business,5,"Belfast, Kintore, Cumbernauld",Senior,On-site,"['Analysis', 'Communication']","[{""source"": ""Adzuna"", ""url"": ""https://www.adzuna.co.uk/jobs/land/ad/5569384745?se=SgmZxcgA8RG27sBWXwN7yg&utm_medium=api&utm_source=026f28a2&v=B93E960A4D1DF7151B0858DBE9D008D82266B6EF""}, {""source"": ""Adzuna"", ""url"": ""https://www.adzuna.co.uk/jobs/land/ad/5610279955?se=SgmZxcgA8RG27sBWXwN7yg&utm_medium=api&utm_source=026f28a2&v=68A8C8B071515F376B6BC8491E3DC1171E291E82""}, {""source"": ""Adzuna"", ""url"": ""https://www.adzuna.co.uk/jobs/land/ad/5606103318?se=SgmZxcgA8RG27sBWXwN7yg&utm_medium=api&utm_source=026f28a2&v=971A58BE3FEEEFE62DD0EEF0D958D1B4158A22AC""}, {""source"": ""Adzuna"", ""url"": ""https://www.adzuna.co.uk/jobs/land/ad/5593693515?se=SgmZxcgA8RG27sBWXwN7yg&utm_medium=api&utm_source=026f28a2&v=E0D1300183F3B5E34F9120D6A5052B97430FD4BF""}, {""source"": ""Adzuna"", ""url"": ""https://www.adzuna.co.uk/jobs/land/ad/5593691925?se=SgmZxcgA8RG27sBWXwN7yg&utm_medium=api&utm_source=026f28a2&v=442EEDD520DFAC3F82321884BE7D8169EC357099""}]"
Senior Business Analyst - Insurance,Business,1,Edinburgh,Mid,On-site,"['Analysis', 'Communication']","[{""source"": ""Adzuna"", ""url"": ""https://www.adzuna.co.uk/jobs/land/ad/5610947359?se=SgmZxcgA8RG27sBWXwN7yg&utm_medium=api&utm_source=026f28a2&v=05E6F3BDDEA2DB832EB32D672E40A573532D33F3""}]"
Senior Business Analyst / Fp&A,Business,1,Dyce,Senior,On-site,['C++'],"[{""source"": ""Adzuna"", ""url"": ""https://www.adzuna.co.uk/jobs/land/ad/5591852651?se=SgmZxcgA8RG27sBWXwN7yg&utm_medium=api&utm_source=026f28a2&v=1C5FC9F1E7D1D164DB659FD85CA014CEBDC77C23""}]"
"Senior Business Analyst, People Analytics",Data,1,Newcastle Upon Tyne,Senior,On-site,"['Data Analysis', 'SQL']","[{""source"": ""Adzuna"", ""url"": ""https://www.adzuna.co.uk/jobs/land/ad/5588396413?se=3GmBvcgA8RGhuY8Zc5lhIQ&utm_medium=api&utm_source=026f28a2&v=CF9D3FF5D5B65CAEAEAC32E8DC95B0745EC32CD9""}]"
Senior Business Consultant - Business Analyst,Business,1,UK,Mid,On-site,"['Analysis', 'Communication']","[{""source"": ""Adzuna"", ""url"": ""https://www.adzuna.co.uk/jobs/land/ad/5573538317?se=SgmZxcgA8RG27sBWXwN7yg&utm_medium=api&utm_source=026f28a2&v=DA644E032BB71C3D95B1E42A1DC7AA60B300B0BE""}]"
Senior Business Performance Analyst,Business,1,London,Senior,Hybrid,"['Analysis', 'Communication']","[{""source"": ""Adzuna"", ""url"": ""https://www.adzuna.co.uk/jobs/land/ad/5597183910?se=6o3NxsgA8RGV19jEQmXbTQ&utm_medium=api&utm_source=026f28a2&v=8D3EF124C8712F7B4D767CAA5B018CA9559B3CB2""}]"
Senior Central Monitor,Healthcare,1,UK,Senior,On-site,['Clinical Knowledge'],"[{""source"": ""Adzuna"", ""url"": ""https://www.adzuna.co.uk/jobs/details/5593107503?utm_medium=api&utm_source=026f28a2""}]"
Senior Claims Data Analyst,Data,1,Manchester,Senior,Hybrid,"['Data Analysis', 'SQL']","[{""source"": ""Adzuna"", ""url"": ""https://www.adzuna.co.uk/jobs/land/ad/5601322318?se=5FtQuMgA8RG27sBWXwN7yg&utm_medium=api&utm_source=026f28a2&v=FC91C7197224559C5EB56A64218B64E13DF00A19""}]"
Senior Clinical Data Manager I,Healthcare,1,UK,Mid,On-site,['Clinical Knowledge'],"[{""source"": ""Adzuna"", ""url"": ""https://www.adzuna.co.uk/jobs/details/5597289342?utm_medium=api&utm_source=026f28a2""}]"
Senior Clinical Research Associate,Healthcare,3,"Maidenhead, Reading, London",Mid,On-site,['Clinical Knowledge'],"[{""source"": ""Adzuna"", ""url"": ""https://www.adzuna.co.uk/jobs/details/5601322324?utm_medium=api&utm_source=026f28a2""}, {""source"": ""Adzuna"", ""url"": ""https://www.adzuna.co.uk/jobs/land/ad/5465114080?se=iAcu28gA8RGV19jEQmXbTQ&utm_medium=api&utm_source=026f28a2&v=0F73C54655ADFE40379CF4BB62BB191ED362CDFF""}, {""source"": ""Adzuna"", ""url"": ""https://www.adzuna.co.uk/jobs/details/5597289265?utm_medium=api&utm_source=026f28a2""}]"
Senior Clinical Research Associate (Uk),Healthcare,1,UK,Mid,On-site,['Clinical Knowledge'],"[{""source"": ""Adzuna"", ""url"": ""https://www.adzuna.co.uk/jobs/details/5464373900?utm_medium=api&utm_source=026f28a2""}]"
Senior Clinical Research Associate - Uk (Numerous Locations),Healthcare,2,UK,Mid,On-site,['Clinical Knowledge'],"[{""source"": ""Adzuna"", ""url"": ""https://www.adzuna.co.uk/jobs/land/ad/5608513582?se=iAcu28gA8RGV19jEQmXbTQ&utm_medium=api&utm_source=026f28a2&v=8DEA46DF8CA404F8DCCE20C2BD391F6BF5B5B092""}, {""source"": ""Adzuna"", ""url"": ""https://www.adzuna.co.uk/jobs/details/5574645481?utm_medium=api&utm_source=026f28a2""}]"
Senior Clinical Research Nurse / Luxury Private Hospital,Healthcare,1,Westminster,Senior,On-site,['Clinical Knowledge'],"[{""source"": ""Adzuna"", ""url"": ""https://www.adzuna.co.uk/jobs/land/ad/5597139043?se=IjGM3MgA8RG27sBWXwN7yg&utm_medium=api&utm_source=026f28a2&v=9F1B00499BB5028A61C762E9F3AD17124E982804""}]"
Senior Collections Analytics Manager,Data,1,London,Senior,On-site,"['Data Analysis', 'SQL']","[{""source"": ""Adzuna"", ""url"": ""https://www.adzuna.co.uk/jobs/land/ad/5581096352?se=3GmBvcgA8RGhuY8Zc5lhIQ&utm_medium=api&utm_source=026f28a2&v=7ABDEAACC5FFFEAB34DF5D30A8477AA00AF10EE5""}]"
Senior Commercial Data Analyst,Data,1,Manchester,Senior,Hybrid,"['Data Analysis', 'SQL']","[{""source"": ""Adzuna"", ""url"": ""https://www.adzuna.co.uk/jobs/land/ad/5604098279?se=5FtQuMgA8RG27sBWXwN7yg&utm_medium=api&utm_source=026f28a2&v=27F75821E6558BE3CBB426E9DC243B9BF6D29B7C""}]"
Senior Consultant,Business,2,"Leeds, Bristol",Senior,On-site,"['Analysis', 'Communication']","[{""source"": ""Adzuna"", ""url"": ""https://www.adzuna.co.uk/jobs/land/ad/5599951052?se=5oxhycgA8RGhuY8Zc5lhIQ&utm_medium=api&utm_source=026f28a2&v=7C259D9BA0E479DB5F90CBFB04D7BC4E0B57D75B""}, {""source"": ""Adzuna"", ""url"": ""https://www.adzuna.co.uk/jobs/land/ad/5582000796?se=5oxhycgA8RGhuY8Zc5lhIQ&utm_medium=api&utm_source=026f28a2&v=F9D483A0AA6D09E1BCC588EBDD1D49732BBD4141""}]"
Senior Controls Software Engineer,Engineering,1,Warwick,Senior,On-site,"['Problem Solving', 'System Design']","[{""source"": ""Adzuna"", ""url"": ""https://www.adzuna.co.uk/jobs/land/ad/5591180305?se=CkM4r8gA8RGhuY8Zc5lhIQ&utm_medium=api&utm_source=026f28a2&v=6EB7466E44B6E708275BFEA81B34441807706117""}]"
Senior Cra / Cra Ii,Healthcare,1,Reading,Senior,On-site,['Clinical Knowledge'],"[{""source"": ""Adzuna"", ""url"": ""https://www.adzuna.co.uk/jobs/details/5576797207?utm_medium=api&utm_source=026f28a2""}]"
Senior D365 Finance Analyst,Finance,1,UK,Senior,Hybrid,"['Accounting', 'Reporting']","[{""source"": ""Adzuna"", ""url"": ""https://www.adzuna.co.uk/jobs/land/ad/5610213061?se=2ND21cgA8RG27sBWXwN7yg&utm_medium=api&utm_source=026f28a2&v=624DC9531B86FB1E9AFF9B9286E896BBCCAB8D0E""}]"
Senior Data Analyst,Data,4,"London, Glasgow, The City",Senior,On-site,"['Data Analysis', 'SQL']","[{""source"": ""Adzuna"", ""url"": ""https://www.adzuna.co.uk/jobs/land/ad/5597041971?se=5FtQuMgA8RG27sBWXwN7yg&utm_medium=api&utm_source=026f28a2&v=48F20DB8CC6212103024989524A97126A379D24D""}, {""source"": ""Adzuna"", ""url"": ""https://www.adzuna.co.uk/jobs/land/ad/5592274508?se=5FtQuMgA8RG27sBWXwN7yg&utm_medium=api&utm_source=026f28a2&v=91B1FD8EA6D21E483F3DC60D4AC2CBB55187362B""}, {""source"": ""Adzuna"", ""url"": ""https://www.adzuna.co.uk/jobs/land/ad/5583624712?se=5FtQuMgA8RG27sBWXwN7yg&utm_medium=api&utm_source=026f28a2&v=E2DAE01EEBB7E726C8EA4DABB1A3EBB5AD58F334""}, {""source"": ""Adzuna"", ""url"": ""https://www.adzuna.co.uk/jobs/land/ad/5583623903?se=5FtQuMgA8RG27sBWXwN7yg&utm_medium=api&utm_source=026f28a2&v=9EF758F76D4809A468FCAAB525C2EE27E6B752B0""}]"
Senior Data Scientist,Data,16,"Leeds, Newcastle Upon Tyne, Sheffield",Senior,Hybrid,"['Data Analysis', 'Machine Learning', 'SQL']","[{""source"": ""Adzuna"", ""url"": ""https://www.adzuna.co.uk/jobs/land/ad/5608344697?se=3NP2usgA8RGI2N0cIjSMgQ&utm_medium=api&utm_source=026f28a2&v=906E10CC97B7DDB62854DE9672792BD58E68BCB8""}, {""source"": ""Adzuna"", ""url"": ""https://www.adzuna.co.uk/jobs/land/ad/5608344695?se=3NP2usgA8RGI2N0cIjSMgQ&utm_medium=api&utm_source=026f28a2&v=323CF87CE48E92BB0BBAF6E1D404F7FCE28769BF""}, {""source"": ""Adzuna"", ""url"": ""https://www.adzuna.co.uk/jobs/land/ad/5608344694?se=3NP2usgA8RGI2N0cIjSMgQ&utm_medium=api&utm_source=026f28a2&v=E128836B64431A7B1F6962AAD5B9DBB26D0F330D""}, {""source"": ""Adzuna"", ""url"": ""https://www.adzuna.co.uk/jobs/land/ad/5574730391?se=3NP2usgA8RGI2N0cIjSMgQ&utm_medium=api&utm_source=026f28a2&v=032EA4E3F6622B8B25E9A26F9DEDF0CEB41E6FC6""}, {""source"": ""Adzuna"", ""url"": ""https://www.adzuna.co.uk/jobs/land/ad/5606836067?se=3NP2usgA8RGI2N0cIjSMgQ&utm_medium=api&utm_source=026f28a2&v=3657FE2397A7D876C53472C162AA7B34FC734003""}, {""source"": ""Adzuna"", ""url"": ""https://www.adzuna.co.uk/jobs/land/ad/5608322371?se=3NP2usgA8RGI2N0cIjSMgQ&utm_medium=api&utm_source=026f28a2&v=753064311324634878B78C115DB23868BFC2ACA9""}, {""source"": ""Adzuna"", ""url"": ""https://www.adzuna.co.uk/jobs/land/ad/5585754813?se=3NP2usgA8RGI2N0cIjSMgQ&utm_medium=api&utm_source=026f28a2&v=2611FABB5F542A8A5EB6547D40A5964160FF8877""}, {""source"": ""Adzuna"", ""url"": ""https://www.adzuna.co.uk/jobs/land/ad/5607150661?se=3NP2usgA8RGI2N0cIjSMgQ&utm_medium=api&utm_source=026f28a2&v=D3094ABA6F8D9332891659E4AB94DCCCA0179ABA""}, {""source"": ""Adzuna"", ""url"": ""https://www.adzuna.co.uk/jobs/land/ad/5604631447?se=3NP2usgA8RGI2N0cIjSMgQ&utm_medium=api&utm_source=026f28a2&v=E206DAB409C4B8B138F84A4ECB1497E4501601ED""}, {""source"": ""Adzuna"", ""url"": ""https://www.adzuna.co.uk/jobs/land/ad/5606049609?se=3NP2usgA8RGI2N0cIjSMgQ&utm_medium=api&utm_source=026f28a2&v=6789503793E690D203DC59175A9D222954BA1591""}, {""source"": ""Adzuna"", ""url"": ""https://www.adzuna.co.uk/jobs/land/ad/5606049696?se=3NP2usgA8RGI2N0cIjSMgQ&utm_medium=api&utm_source=026f28a2&v=E5D76D1889C4D5C2EAA8ED1B18C51F3F2DF0FB0B""}, {""source"": ""Adzuna"", ""url"": ""https://www.adzuna.co.uk/jobs/land/ad/5606049615?se=3NP2usgA8RGI2N0cIjSMgQ&utm_medium=api&utm_source=026f28a2&v=CC3C3E9D17FD3BA1D5DD2CE0E4CE817130B281A6""}, {""source"": ""Adzuna"", ""url"": ""https://www.adzuna.co.uk/jobs/land/ad/5551395183?se=3NP2usgA8RGI2N0cIjSMgQ&utm_medium=api&utm_source=026f28a2&v=376BEF4B8E7FC1BFA82C8A7A2B6FB01F8A702C72""}, {""source"": ""Adzuna"", ""url"": ""https://www.adzuna.co.uk/jobs/land/ad/5551399724?se=3NP2usgA8RGI2N0cIjSMgQ&utm_medium=api&utm_source=026f28a2&v=F44FFE0C6B9034DEA5DF1A665129D4DE024F2CDD""}, {""source"": ""Adzuna"", ""url"": ""https://www.adzuna.co.uk/jobs/land/ad/5580125679?se=1rQzvMgA8RGV19jEQmXbTQ&utm_medium=api&utm_source=026f28a2&v=F3A9A4B84E0CF2A20B58C2626153A5B68D7ADDA4""}, {""source"": ""Adzuna"", ""url"": ""https://www.adzuna.co.uk/jobs/land/ad/5577849862?se=1rQzvMgA8RGV19jEQmXbTQ&utm_medium=api&utm_source=026f28a2&v=C99630AF1BE9DA25C1B5D72FD9A6A4145C602E00""}]"
Senior Data Scientist - Experimentation,Data,1,UK,Senior,Remote,"['Data Analysis', 'SQL']","[{""source"": ""Adzuna"", ""url"": ""https://www.adzuna.co.uk/jobs/land/ad/5600129378?se=1rQzvMgA8RGV19jEQmXbTQ&utm_medium=api&utm_source=026f28a2&v=2FD859B3A776C9BADBAC5F7644045151D3DF351E""}]"
Senior Design Engineer,Design,2,"Glasgow City Centre, Stowmarket",Senior,On-site,"['UI', 'UX']","[{""source"": ""Adzuna"", ""url"": ""https://www.adzuna.co.uk/jobs/land/ad/5595011713?se=7BXT4cgA8RG27sBWXwN7yg&utm_medium=api&utm_source=026f28a2&v=8CC92082563A1550CFF5213F8CDE7155A9E6A5F2""}, {""source"": ""Adzuna"", ""url"": ""https://www.adzuna.co.uk/jobs/land/ad/5595011648?se=7BXT4cgA8RG27sBWXwN7yg&utm_medium=api&utm_source=026f28a2&v=A49B60AD5621F6B598B28D46009E09989CD40036""}]"
Senior Designer,Design,1,Ashford,Senior,Hybrid,"['UI', 'UX']","[{""source"": ""Adzuna"", ""url"": ""https://www.adzuna.co.uk/jobs/land/ad/5582000654?se=7BXT4cgA8RG27sBWXwN7yg&utm_medium=api&utm_source=026f28a2&v=C4DEBD5D34F3D6CD25C342E36152456288F81A7E""}]"
Senior Devops Engineer,Engineering,3,"Belfast, Cambridge",Senior,Hybrid,"['Problem Solving', 'System Design']","[{""source"": ""Adzuna"", ""url"": ""https://www.adzuna.co.uk/jobs/land/ad/5570926962?se=qqN8sMgA8RGI2N0cIjSMgQ&utm_medium=api&utm_source=026f28a2&v=8E048774FED9057BCABAC6E1BBE00F50FCE6D23A""}, {""source"": ""Adzuna"", ""url"": ""https://www.adzuna.co.uk/jobs/land/ad/5587333489?se=qqN8sMgA8RGI2N0cIjSMgQ&utm_medium=api&utm_source=026f28a2&v=36D571FB4CE0F516B74212E2FC2DFBBC10BB2731""}, {""source"": ""Adzuna"", ""url"": ""https://www.adzuna.co.uk/jobs/land/ad/5587259756?se=qqN8sMgA8RGI2N0cIjSMgQ&utm_medium=api&utm_source=026f28a2&v=A2F0CF33888D567A3D2FADFFA0A233F9525F38BC""}]"
Senior Devops Engineer - Remote (Ni Based),Engineering,1,Belfast,Senior,Hybrid,['Azure'],"[{""source"": ""Adzuna"", ""url"": ""https://www.adzuna.co.uk/jobs/land/ad/5593566383?se=qqN8sMgA8RGI2N0cIjSMgQ&utm_medium=api&utm_source=026f28a2&v=FA424A28D458097F8624EC9BF98A841BA6B43087""}]"
Senior Devops Engineer - Remote (Ni Wide),Engineering,1,Belfast,Senior,On-site,"['Problem Solving', 'System Design']","[{""source"": ""Adzuna"", ""url"": ""https://www.adzuna.co.uk/jobs/land/ad/5570926837?se=qqN8sMgA8RGI2N0cIjSMgQ&utm_medium=api&utm_source=026f28a2&v=2DB02E354EAE8C347CCBAE98314B2F71E2685546""}]"
Senior Digital Marketing Executive,Marketing,3,"Bristol, UK, Lyme Green",Senior,On-site,"['Campaigns', 'SEO']","[{""source"": ""Adzuna"", ""url"": ""https://www.adzuna.co.uk/jobs/land/ad/5604239794?se=JLi00MgA8RG27sBWXwN7yg&utm_medium=api&utm_source=026f28a2&v=08B6DC56A4796F2C7295332FA78AB53A82FB37F6""}, {""source"": ""Adzuna"", ""url"": ""https://www.adzuna.co.uk/jobs/land/ad/5590336834?se=JLi00MgA8RG27sBWXwN7yg&utm_medium=api&utm_source=026f28a2&v=21F0EDD7DBE8BA74EF4FBA1CEEE7B0DE5858B311""}, {""source"": ""Adzuna"", ""url"": ""https://www.adzuna.co.uk/jobs/land/ad/5580361432?se=JLi00MgA8RG27sBWXwN7yg&utm_medium=api&utm_source=026f28a2&v=FF8D264342FC02A3A5F3A1629DE90D392149FAEF""}]"
Senior Digital Product Manager,Product,1,St. Augustines,Mid,On-site,"['Roadmapping', 'Stakeholder Management']","[{""source"": ""Adzuna"", ""url"": ""https://www.adzuna.co.uk/jobs/land/ad/5606058992?se=sgdRwMgA8RGhuY8Zc5lhIQ&utm_medium=api&utm_source=026f28a2&v=72E60BF3892AA53CD96EA9853D628178F0C835E7""}]"
"Senior Director, Biological Analytical Development (Remote / Home Based)",Data,1,The City,Senior,On-site,"['Data Analysis', 'SQL']","[{""source"": ""Adzuna"", ""url"": ""https://www.adzuna.co.uk/jobs/land/ad/5608325287?se=3GmBvcgA8RGhuY8Zc5lhIQ&utm_medium=api&utm_source=026f28a2&v=8ACCD1F6A18A4C328EA8F8A6FC100297E5E5C1B2""}]"
Senior Electrical Engineer,Engineering,1,Fenchurch St,Mid,On-site,"['Problem Solving', 'System Design']","[{""source"": ""Adzuna"", ""url"": ""https://www.adzuna.co.uk/jobs/land/ad/5601013826?se=6qMNt8gA8RGI2N0cIjSMgQ&utm_medium=api&utm_source=026f28a2&v=867BED4D5B41A1C0C38A6319661AE4D8F304F186""}]"
Senior Embedded Software Engineer,Engineering,2,"Charlton, Edinburgh",Senior,On-site,"['Problem Solving', 'System Design']","[{""source"": ""Adzuna"", ""url"": ""https://www.adzuna.co.uk/jobs/land/ad/5517490282?se=TJbHrcgA8RGV19jEQmXbTQ&utm_medium=api&utm_source=026f28a2&v=C543707697FF4962146321CA6753FA84A11F9F47""}, {""source"": ""Adzuna"", ""url"": ""https://www.adzuna.co.uk/jobs/land/ad/5604684258?se=CkM4r8gA8RGhuY8Zc5lhIQ&utm_medium=api&utm_source=026f28a2&v=A74FF5BFC9112B86A6B63BC21C26FC37B3F5906C""}]"
Senior Engineer – Electrical Engineering (Control & Instrumentation),Engineering,8,"Askam-In-Furness, Heysham, The Hill",Senior,Hybrid,"['Problem Solving', 'System Design']","[{""source"": ""Adzuna"", ""url"": ""https://www.adzuna.co.uk/jobs/land/ad/5543700246?se=lrC1tcgA8RGI2N0cIjSMgQ&utm_medium=api&utm_source=026f28a2&v=BAAB13A74DC8AB5199486ED5DECC1C4A165AB2EB""}, {""source"": ""Adzuna"", ""url"": ""https://www.adzuna.co.uk/jobs/land/ad/5543700239?se=lrC1tcgA8RGI2N0cIjSMgQ&utm_medium=api&utm_source=026f28a2&v=966CF51C387F8B50702DD13BD750B6E4544B9F49""}, {""source"": ""Adzuna"", ""url"": ""https://www.adzuna.co.uk/jobs/land/ad/5543700229?se=lrC1tcgA8RGI2N0cIjSMgQ&utm_medium=api&utm_source=026f28a2&v=6F360B35E2005E27EC0A598EFBE3EEAF973D593C""}, {""source"": ""Adzuna"", ""url"": ""https://www.adzuna.co.uk/jobs/land/ad/5543700238?se=lrC1tcgA8RGI2N0cIjSMgQ&utm_medium=api&utm_source=026f28a2&v=70245222D4D6A4AD182E38F6D66151E09B7E95F3""}, {""source"": ""Adzuna"", ""url"": ""https://www.adzuna.co.uk/jobs/land/ad/5543700241?se=lrC1tcgA8RGI2N0cIjSMgQ&utm_medium=api&utm_source=026f28a2&v=B5934B106CAC2F23D6768A077363EC9B538B0CF8""}, {""source"": ""Adzuna"", ""url"": ""https://www.adzuna.co.uk/jobs/land/ad/5543700257?se=lrC1tcgA8RGI2N0cIjSMgQ&utm_medium=api&utm_source=026f28a2&v=1DE58EEEB0AE781E504C20F928F4F1EF130D2C0E""}, {""source"": ""Adzuna"", ""url"": ""https://www.adzuna.co.uk/jobs/land/ad/5543700237?se=lrC1tcgA8RGI2N0cIjSMgQ&utm_medium=api&utm_source=026f28a2&v=E228C73D842D742A70520685D4F0DB9761DC7479""}, {""source"": ""Adzuna"", ""url"": ""https://www.adzuna.co.uk/jobs/land/ad/5543700227?se=lrC1tcgA8RGI2N0cIjSMgQ&utm_medium=api&utm_source=026f28a2&v=900742F742D8DC8D43CE87111CE76EDBF9CBDEBB""}]"
Senior Engineer – Electrical Engineering (Site & Facilities),Engineering,8,"The Hill, Barrow-In-Furness, Heysham",Senior,Hybrid,"['Problem Solving', 'System Design']","[{""source"": ""Adzuna"", ""url"": ""https://www.adzuna.co.uk/jobs/land/ad/5592311210?se=lrC1tcgA8RGI2N0cIjSMgQ&utm_medium=api&utm_source=026f28a2&v=E5270AEBFFD4449E8C93C0B9FAC10EF6B139A64E""}, {""source"": ""Adzuna"", ""url"": ""https://www.adzuna.co.uk/jobs/land/ad/5592311212?se=lrC1tcgA8RGI2N0cIjSMgQ&utm_medium=api&utm_source=026f28a2&v=A611199D968C5581A5A4B4E4C2371E0D1FE91910""}, {""source"": ""Adzuna"", ""url"": ""https://www.adzuna.co.uk/jobs/land/ad/5592311208?se=lrC1tcgA8RGI2N0cIjSMgQ&utm_medium=api&utm_source=026f28a2&v=ED339998B501B5615F7AFFB8174296BAACF92C7C""}, {""source"": ""Adzuna"", ""url"": ""https://www.adzuna.co.uk/jobs/land/ad/5592311214?se=lrC1tcgA8RGI2N0cIjSMgQ&utm_medium=api&utm_source=026f28a2&v=650117A383FA19C45F17FF363471807FB9B5996A""}, {""source"": ""Adzuna"", ""url"": ""https://www.adzuna.co.uk/jobs/land/ad/5592311209?se=lrC1tcgA8RGI2N0cIjSMgQ&utm_medium=api&utm_source=026f28a2&v=E4105456590FADBB30534225DDBF232BAAC244D7""}, {""source"": ""Adzuna"", ""url"": ""https://www.adzuna.co.uk/jobs/land/ad/5592311213?se=lrC1tcgA8RGI2N0cIjSMgQ&utm_medium=api&utm_source=026f28a2&v=351FFC33423B4023E9096046EAD950CA4449CC86""}, {""source"": ""Adzuna"", ""url"": ""https://www.adzuna.co.uk/jobs/land/ad/5592311215?se=lrC1tcgA8RGI2N0cIjSMgQ&utm_medium=api&utm_source=026f28a2&v=C0B117285C97A7059B2F1D43A092D0A53B72A481""}, {""source"": ""Adzuna"", ""url"": ""https://www.adzuna.co.uk/jobs/land/ad/5592311211?se=lrC1tcgA8RGI2N0cIjSMgQ&utm_medium=api&utm_source=026f28a2&v=E479779BC40874E0DF5AFD21EC0C2CC1139B9CBB""}]"
Senior Finance Analyst,Finance,1,Stoke-On-Trent,Senior,Hybrid,"['Accounting', 'Reporting']","[{""source"": ""Adzuna"", ""url"": ""https://www.adzuna.co.uk/jobs/land/ad/5549282430?se=2ND21cgA8RG27sBWXwN7yg&utm_medium=api&utm_source=026f28a2&v=B53D57C90C1FADC2129EE74481EF914D3E742B47""}]"
Senior Finance Analyst - Functional Business Partnering,Finance,1,Harlow,Senior,Hybrid,"['Accounting', 'Reporting']","[{""source"": ""Adzuna"", ""url"": ""https://www.adzuna.co.uk/jobs/land/ad/5594809603?se=xuEt18gA8RG27sBWXwN7yg&utm_medium=api&utm_source=026f28a2&v=5367F9E59BE9EB73E5B8D0BC1AA1A815056CC3B4""}]"
"Senior Finance Analyst, External Reporting",Finance,1,Craigavon,Senior,Hybrid,"['Accounting', 'Reporting']","[{""source"": ""Adzuna"", ""url"": ""https://www.adzuna.co.uk/jobs/land/ad/5596782539?se=2ND21cgA8RG27sBWXwN7yg&utm_medium=api&utm_source=026f28a2&v=306D99C46F4AE76961A9026015F777C092B9FB55""}]"
"Senior Finance Analyst, Fp&A",Finance,1,Stoke-On-Trent,Senior,On-site,"['Accounting', 'Reporting']","[{""source"": ""Adzuna"", ""url"": ""https://www.adzuna.co.uk/jobs/land/ad/5575639072?se=2ND21cgA8RG27sBWXwN7yg&utm_medium=api&utm_source=026f28a2&v=C20F4B45B5A8F7463725E6371E3AB9E19CC8BE37""}]"
Senior Financial Analyst,Finance,3,"Bridgend County, Immingham Dock, East Midlands",Mid,On-site,"['Accounting', 'Reporting']","[{""source"": ""Adzuna"", ""url"": ""https://www.adzuna.co.uk/jobs/land/ad/5581957794?se=2ND21cgA8RG27sBWXwN7yg&utm_medium=api&utm_source=026f28a2&v=FE6E17F88D15BC8639C9487B23DB03C207C1FAAE""}, {""source"": ""Adzuna"", ""url"": ""https://www.adzuna.co.uk/jobs/land/ad/5607343556?se=2ND21cgA8RG27sBWXwN7yg&utm_medium=api&utm_source=026f28a2&v=D1E2CA7E1D6D1F9F2202A86B184E5DC10FDC4E01""}, {""source"": ""Adzuna"", ""url"": ""https://www.adzuna.co.uk/jobs/land/ad/5580361661?se=2ND21cgA8RG27sBWXwN7yg&utm_medium=api&utm_source=026f28a2&v=D3A19AE057A0135E4F96F8C7987A046717A6BB19""}]"
Senior Financial Analyst (Family Office),Finance,1,London,Senior,On-site,"['Accounting', 'Reporting']","[{""source"": ""Adzuna"", ""url"": ""https://www.adzuna.co.uk/jobs/land/ad/5549282243?se=2ND21cgA8RG27sBWXwN7yg&utm_medium=api&utm_source=026f28a2&v=79C469C41F7627035F6C35601DA3B2269C626674""}]"
Senior Gcp Qa Manager,Healthcare,1,UK,Senior,On-site,['GCP'],"[{""source"": ""Adzuna"", ""url"": ""https://www.adzuna.co.uk/jobs/details/5599456441?utm_medium=api&utm_source=026f28a2""}]"
Senior Global Procurement Manager - Pharma,Healthcare,1,Montrose,Senior,Hybrid,['Clinical Knowledge'],"[{""source"": ""Adzuna"", ""url"": ""https://www.adzuna.co.uk/jobs/land/ad/5590413293?se=bhvh3cgA8RGI2N0cIjSMgQ&utm_medium=api&utm_source=026f28a2&v=5FBD94DCA007406ECB49E9AE61860943D32B5B26""}]"
Senior Growth Marketing Manager,Marketing,1,Orton Southgate,Senior,On-site,"['Campaigns', 'SEO']","[{""source"": ""Adzuna"", ""url"": ""https://www.adzuna.co.uk/jobs/land/ad/5585988116?se=TEEuzsgA8RG27sBWXwN7yg&utm_medium=api&utm_source=026f28a2&v=6341E6792A39948F4B6B1F9486D81D8F605F13FC""}]"
Senior Hr Advisor,HR,1,Barleycorn,Senior,On-site,"['People Management', 'Recruitment']","[{""source"": ""Adzuna"", ""url"": ""https://www.adzuna.co.uk/jobs/land/ad/5591180516?se=CD4C58gA8RGI2N0cIjSMgQ&utm_medium=api&utm_source=026f28a2&v=E34BD24BEB6B2600D265BC0D61AB92EC3DCD8017""}]"
Senior Hr Advisor / Hr Partner,HR,1,London,Senior,Hybrid,"['People Management', 'Recruitment']","[{""source"": ""Adzuna"", ""url"": ""https://www.adzuna.co.uk/jobs/land/ad/5606775223?se=CD4C58gA8RGI2N0cIjSMgQ&utm_medium=api&utm_source=026f28a2&v=140243F8D2DD7FB0FA0D4B9D0DE8FC50135BFDF2""}]"
Senior Hr And Payroll Administrator,HR,1,Oxfordshire,Mid,On-site,"['People Management', 'Recruitment']","[{""source"": ""Adzuna"", ""url"": ""https://www.adzuna.co.uk/jobs/land/ad/5604757124?se=ynHH5cgA8RG27sBWXwN7yg&utm_medium=api&utm_source=026f28a2&v=4410FD5DBE85C45FA5CBA1437C8F282FBA52D915""}]"
Senior Human Resources Manager,HR,1,Telford,Senior,On-site,"['People Management', 'Recruitment']","[{""source"": ""Adzuna"", ""url"": ""https://www.adzuna.co.uk/jobs/details/5588554639?utm_medium=api&utm_source=026f28a2""}]"
Senior Human Resources Specialist,HR,1,UK,Mid,On-site,"['People Management', 'Recruitment']","[{""source"": ""Adzuna"", ""url"": ""https://www.adzuna.co.uk/jobs/details/5493966004?utm_medium=api&utm_source=026f28a2""}]"
Senior It Business Analyst,Business,1,London,Senior,Hybrid,"['Analysis', 'Communication']","[{""source"": ""Adzuna"", ""url"": ""https://www.adzuna.co.uk/jobs/land/ad/5606769394?se=SgmZxcgA8RG27sBWXwN7yg&utm_medium=api&utm_source=026f28a2&v=A27DA4BB877921FA4039B27A622D60708545CD48""}]"
Senior Lead Clinical Data Science Programmer,Healthcare,1,UK,Senior,On-site,['Clinical Knowledge'],"[{""source"": ""Adzuna"", ""url"": ""https://www.adzuna.co.uk/jobs/details/5596268145?utm_medium=api&utm_source=026f28a2""}]"
Senior Lecturer (Education) In Hrm And Leadership,HR,1,Belfast,Senior,On-site,"['People Management', 'Recruitment']","[{""source"": ""Adzuna"", ""url"": ""https://www.adzuna.co.uk/jobs/land/ad/5600598101?se=vuZb6MgA8RGV19jEQmXbTQ&utm_medium=api&utm_source=026f28a2&v=724405648F6C4C33F614E9D7A2F8429B815E68FD""}]"
Senior Manager - Human Resources,HR,1,The City,Senior,On-site,"['People Management', 'Recruitment']","[{""source"": ""Adzuna"", ""url"": ""https://www.adzuna.co.uk/jobs/details/5539535462?utm_medium=api&utm_source=026f28a2""}]"
"Senior Manager, Global Marketing Development (Clinical Research)",Healthcare,2,UK,Senior,On-site,['Clinical Knowledge'],"[{""source"": ""Adzuna"", ""url"": ""https://www.adzuna.co.uk/jobs/details/5546891558?utm_medium=api&utm_source=026f28a2""}, {""source"": ""Adzuna"", ""url"": ""https://www.adzuna.co.uk/jobs/details/5547744399?utm_medium=api&utm_source=026f28a2""}]"
Senior Marketing Manager,Marketing,4,"Trelander, Fengate, London",Senior,Hybrid,"['Campaigns', 'SEO']","[{""source"": ""Adzuna"", ""url"": ""https://www.adzuna.co.uk/jobs/land/ad/5591180441?se=TEEuzsgA8RG27sBWXwN7yg&utm_medium=api&utm_source=026f28a2&v=121A3918A71155FEC9CEDDE5A9536781A365EA5F""}, {""source"": ""Adzuna"", ""url"": ""https://www.adzuna.co.uk/jobs/land/ad/5570618077?se=TEEuzsgA8RG27sBWXwN7yg&utm_medium=api&utm_source=026f28a2&v=8A383946AAC5477A4003B6D87B8442A267EEDF85""}, {""source"": ""Adzuna"", ""url"": ""https://www.adzuna.co.uk/jobs/land/ad/5583597752?se=TEEuzsgA8RG27sBWXwN7yg&utm_medium=api&utm_source=026f28a2&v=70868DDB9DE24E619FCCA79D9491E544807C2741""}, {""source"": ""Adzuna"", ""url"": ""https://www.adzuna.co.uk/jobs/land/ad/5611134610?se=TEEuzsgA8RG27sBWXwN7yg&utm_medium=api&utm_source=026f28a2&v=089AB65A5231DEC662F3D66A711484776A6BC4BA""}]"
Senior Marketing Manager - Mat Leave,Marketing,1,Glasgow,Senior,On-site,"['Campaigns', 'SEO']","[{""source"": ""Adzuna"", ""url"": ""https://www.adzuna.co.uk/jobs/land/ad/5604677685?se=1uV2z8gA8RG27sBWXwN7yg&utm_medium=api&utm_source=026f28a2&v=DBA7C01AC19D9B80C9590A80E0ED6FEB30A6FDB4""}]"
Senior Mechanical Engineer,Engineering,11,"Basingstoke, Corriegills, Kames",Senior,On-site,"['Problem Solving', 'System Design']","[{""source"": ""Adzuna"", ""url"": ""https://www.adzuna.co.uk/jobs/land/ad/5601546110?se=wF0Js8gA8RGV19jEQmXbTQ&utm_medium=api&utm_source=026f28a2&v=A48C30569C7734FFADD2CA92A3182344B0579155""}, {""source"": ""Adzuna"", ""url"": ""https://www.adzuna.co.uk/jobs/land/ad/5608123343?se=JM5qtMgA8RGhuY8Zc5lhIQ&utm_medium=api&utm_source=026f28a2&v=21B43C5C47BD4F19C2FB779F4A8925D8AB2FD03E""}, {""source"": ""Adzuna"", ""url"": ""https://www.adzuna.co.uk/jobs/land/ad/5608123354?se=JM5qtMgA8RGhuY8Zc5lhIQ&utm_medium=api&utm_source=026f28a2&v=9CD2EE2DB1497F7620D1392E35BFEC8F759333D9""}, {""source"": ""Adzuna"", ""url"": ""https://www.adzuna.co.uk/jobs/land/ad/5608123353?se=JM5qtMgA8RGhuY8Zc5lhIQ&utm_medium=api&utm_source=026f28a2&v=F8952119283B097100FA4A983C29D616828D82A9""}, {""source"": ""Adzuna"", ""url"": ""https://www.adzuna.co.uk/jobs/land/ad/5608123320?se=JM5qtMgA8RGhuY8Zc5lhIQ&utm_medium=api&utm_source=026f28a2&v=F1F6080ACDCDE81C6B565CA75E30B3607C2017F9""}, {""source"": ""Adzuna"", ""url"": ""https://www.adzuna.co.uk/jobs/land/ad/5608123342?se=JM5qtMgA8RGhuY8Zc5lhIQ&utm_medium=api&utm_source=026f28a2&v=BD018CA8B65ACE4738B0A899EAC1F906370DD351""}, {""source"": ""Adzuna"", ""url"": ""https://www.adzuna.co.uk/jobs/land/ad/5608123345?se=JM5qtMgA8RGhuY8Zc5lhIQ&utm_medium=api&utm_source=026f28a2&v=002CB8B05D3E40DFECC05D6B04B77EA631AE5C09""}, {""source"": ""Adzuna"", ""url"": ""https://www.adzuna.co.uk/jobs/land/ad/5608123336?se=JM5qtMgA8RGhuY8Zc5lhIQ&utm_medium=api&utm_source=026f28a2&v=66ECB0A7A6D2FBE94F02D6BB3C768EA40A644D6F""}, {""source"": ""Adzuna"", ""url"": ""https://www.adzuna.co.uk/jobs/land/ad/5608123338?se=JM5qtMgA8RGhuY8Zc5lhIQ&utm_medium=api&utm_source=026f28a2&v=55628F79AF4971CBD0AF6CCA12BD7C03BB5FE656""}, {""source"": ""Adzuna"", ""url"": ""https://www.adzuna.co.uk/jobs/land/ad/5608123358?se=JM5qtMgA8RGhuY8Zc5lhIQ&utm_medium=api&utm_source=026f28a2&v=1CA6244E1FDC9B0DCE16C8EC25C627F531C3B080""}, {""source"": ""Adzuna"", ""url"": ""https://www.adzuna.co.uk/jobs/land/ad/5608123372?se=JM5qtMgA8RGhuY8Zc5lhIQ&utm_medium=api&utm_source=026f28a2&v=C1C937C3974653B961C662EC3089425A0F1A2F35""}]"
Senior Medical Writer,Healthcare,1,UK,Senior,On-site,['Clinical Knowledge'],"[{""source"": ""Adzuna"", ""url"": ""https://www.adzuna.co.uk/jobs/details/5574643115?utm_medium=api&utm_source=026f28a2""}]"
Senior Microsoft Azure Devops Engineer,Engineering,1,Belfast,Senior,On-site,['AWS'],"[{""source"": ""Adzuna"", ""url"": ""https://www.adzuna.co.uk/jobs/land/ad/5607090977?se=qqN8sMgA8RGI2N0cIjSMgQ&utm_medium=api&utm_source=026f28a2&v=C52C0D03E9D7027C84E017409D2C228412ACD650""}]"
Senior Nurse Nursing Home,Healthcare,1,Chesham,Senior,On-site,['Clinical Knowledge'],"[{""source"": ""Adzuna"", ""url"": ""https://www.adzuna.co.uk/jobs/land/ad/5569005610?se=zo7f2cgA8RG27sBWXwN7yg&utm_medium=api&utm_source=026f28a2&v=4585FE4AB9FB16B354ACE8871190DC1B7C414F6C""}]"
Senior Orthopaedic Scrub Nurse/Odp,Healthcare,1,Colchester,Senior,On-site,['Clinical Knowledge'],"[{""source"": ""Adzuna"", ""url"": ""https://www.adzuna.co.uk/jobs/land/ad/5482758964?se=zo7f2cgA8RG27sBWXwN7yg&utm_medium=api&utm_source=026f28a2&v=5A78BF1E5AC816C46129273D272BC0ACD6B3FB67""}]"
Senior Performance & Data Analyst,Data,1,Boulevard Industrial Park,Senior,On-site,"['Data Analysis', 'SQL']","[{""source"": ""Adzuna"", ""url"": ""https://www.adzuna.co.uk/jobs/land/ad/5611130323?se=5FtQuMgA8RG27sBWXwN7yg&utm_medium=api&utm_source=026f28a2&v=DBB617C931861DE441B104B0BC967D25F67ADA26""}]"
Senior Platform Product Owner,Product,1,Chester,Senior,On-site,"['Roadmapping', 'Stakeholder Management']","[{""source"": ""Adzuna"", ""url"": ""https://www.adzuna.co.uk/jobs/land/ad/5555800473?se=wsjwwsgA8RG27sBWXwN7yg&utm_medium=api&utm_source=026f28a2&v=64D3CB32BBE254A2CC55E00D10E5AFB8B8FEA73C""}]"
Senior Product Manager,Product,2,"Maidstone, Jarrow",Senior,Hybrid,"['Roadmapping', 'Stakeholder Management']","[{""source"": ""Adzuna"", ""url"": ""https://www.adzuna.co.uk/jobs/land/ad/5591771558?se=sgdRwMgA8RGhuY8Zc5lhIQ&utm_medium=api&utm_source=026f28a2&v=3B483FC9D93A19F70764CD2FA364C004141CD259""}, {""source"": ""Adzuna"", ""url"": ""https://www.adzuna.co.uk/jobs/land/ad/5581598270?se=sgdRwMgA8RGhuY8Zc5lhIQ&utm_medium=api&utm_source=026f28a2&v=79D62E10B25A584A1962DDD33A387BEDC9F3DDD1""}]"
Senior Product Manager (Affiliate Marketing),Product,1,London,Mid,Remote,"['Roadmapping', 'Stakeholder Management']","[{""source"": ""Adzuna"", ""url"": ""https://www.adzuna.co.uk/jobs/land/ad/5603265232?se=JAWkwcgA8RGI2N0cIjSMgQ&utm_medium=api&utm_source=026f28a2&v=E377B00BBA5C389D38E4512817F7482A176CA7D8""}]"
Senior Product Manager (Ai),Product,1,Cambridge,Senior,Hybrid,"['Roadmapping', 'Stakeholder Management']","[{""source"": ""Adzuna"", ""url"": ""https://www.adzuna.co.uk/jobs/land/ad/5611146709?se=sgdRwMgA8RGhuY8Zc5lhIQ&utm_medium=api&utm_source=026f28a2&v=A871A6869E864C3246C4E6523DADBABE6B67621B""}]"
Senior Product Manager Line Maint,Product,1,UK,Senior,Hybrid,"['Roadmapping', 'Stakeholder Management']","[{""source"": ""Adzuna"", ""url"": ""https://www.adzuna.co.uk/jobs/land/ad/5601844687?se=JAWkwcgA8RGI2N0cIjSMgQ&utm_medium=api&utm_source=026f28a2&v=69F06D73ED5D6F3E59EF571D2BE8D2F1120850AA""}]"
Senior Product Marketing Manager,Marketing,3,"Beckwith, Newcastle Upon Tyne, London",Senior,On-site,"['Campaigns', 'SEO']","[{""source"": ""Adzuna"", ""url"": ""https://www.adzuna.co.uk/jobs/land/ad/5600059122?se=TEEuzsgA8RG27sBWXwN7yg&utm_medium=api&utm_source=026f28a2&v=49C15EED46BCC88ED09587E3C9D2D06A76865964""}, {""source"": ""Adzuna"", ""url"": ""https://www.adzuna.co.uk/jobs/land/ad/5544216358?se=1uV2z8gA8RG27sBWXwN7yg&utm_medium=api&utm_source=026f28a2&v=E6B5D9F7B6627CECA4D880063935D689372F87A1""}, {""source"": ""Adzuna"", ""url"": ""https://www.adzuna.co.uk/jobs/land/ad/5549808197?se=1uV2z8gA8RG27sBWXwN7yg&utm_medium=api&utm_source=026f28a2&v=F28DDE4AFFD6CB428E9B06A68759F4F142B1EA3A""}]"
Senior Product Owner,Product,1,Chester,Senior,On-site,"['Roadmapping', 'Stakeholder Management']","[{""source"": ""Adzuna"", ""url"": ""https://www.adzuna.co.uk/jobs/land/ad/5553811610?se=wsjwwsgA8RG27sBWXwN7yg&utm_medium=api&utm_source=026f28a2&v=A2AC9C6755277C2F6696040D5FF28A57C5E771B5""}]"
"Senior Product Owner, Certifications",Product,1,London,Mid,Remote,"['Roadmapping', 'Stakeholder Management']","[{""source"": ""Adzuna"", ""url"": ""https://www.adzuna.co.uk/jobs/land/ad/5590671282?se=wsjwwsgA8RG27sBWXwN7yg&utm_medium=api&utm_source=026f28a2&v=B86D89D726B1B023BCC11B7E6B24DEFEC1980488""}]"
Senior Project Accountant,Finance,7,"Langley, West Stoke, Portsmouth",Senior,Hybrid,['C++'],"[{""source"": ""Adzuna"", ""url"": ""https://www.adzuna.co.uk/jobs/land/ad/5608120761?se=eiFD08gA8RGV19jEQmXbTQ&utm_medium=api&utm_source=026f28a2&v=504D9D05F6BA043200B4BC48F8F986CD6377082B""}, {""source"": ""Adzuna"", ""url"": ""https://www.adzuna.co.uk/jobs/land/ad/5608120759?se=eiFD08gA8RGV19jEQmXbTQ&utm_medium=api&utm_source=026f28a2&v=045CD8C60FAA23D490C10EEBECDB75D929A0018A""}, {""source"": ""Adzuna"", ""url"": ""https://www.adzuna.co.uk/jobs/land/ad/5608120758?se=eiFD08gA8RGV19jEQmXbTQ&utm_medium=api&utm_source=026f28a2&v=EC7EF17D79CCC273D9C5E8193418E72B0001AC31""}, {""source"": ""Adzuna"", ""url"": ""https://www.adzuna.co.uk/jobs/land/ad/5608120760?se=eiFD08gA8RGV19jEQmXbTQ&utm_medium=api&utm_source=026f28a2&v=A5BA51BAF13981647EF313C9F98EE1174868460F""}, {""source"": ""Adzuna"", ""url"": ""https://www.adzuna.co.uk/jobs/land/ad/5608120778?se=eiFD08gA8RGV19jEQmXbTQ&utm_medium=api&utm_source=026f28a2&v=ED8212B3DDF1EFB07D435E897EBEE9FFB98D302A""}, {""source"": ""Adzuna"", ""url"": ""https://www.adzuna.co.uk/jobs/land/ad/5608120763?se=eiFD08gA8RGV19jEQmXbTQ&utm_medium=api&utm_source=026f28a2&v=861240C0A5511DEB652425C85821FF8270DCE820""}, {""source"": ""Adzuna"", ""url"": ""https://www.adzuna.co.uk/jobs/land/ad/5608120762?se=eiFD08gA8RGV19jEQmXbTQ&utm_medium=api&utm_source=026f28a2&v=FB6AD1E2595766BDA9E9F698A73F9F65E0F69CFB""}]"
Senior Project Manager (Construction Consultancy),Business,1,Winchester,Senior,On-site,"['Analysis', 'Communication']","[{""source"": ""Adzuna"", ""url"": ""https://www.adzuna.co.uk/jobs/land/ad/5546804129?se=Gt8nyMgA8RG27sBWXwN7yg&utm_medium=api&utm_source=026f28a2&v=CFDB05F556A460F696215AC2AEC68BEE443F0AA0""}]"
Senior Project Manager - Human Resources,HR,1,Essex,Senior,On-site,"['People Management', 'Recruitment']","[{""source"": ""Adzuna"", ""url"": ""https://www.adzuna.co.uk/jobs/details/5603281361?utm_medium=api&utm_source=026f28a2""}]"
"Senior Regulatory Affairs Executive, Lifecycle Management & Post-Marketing Compliance",Healthcare,1,Weston,Mid,On-site,['Clinical Knowledge'],"[{""source"": ""Adzuna"", ""url"": ""https://www.adzuna.co.uk/jobs/details/5572170076?utm_medium=api&utm_source=026f28a2""}]"
Senior Regulatory Business Analyst,Business,1,London,Senior,Hybrid,"['Analysis', 'Communication']","[{""source"": ""Adzuna"", ""url"": ""https://www.adzuna.co.uk/jobs/land/ad/5603215254?se=SgmZxcgA8RG27sBWXwN7yg&utm_medium=api&utm_source=026f28a2&v=281E59B7E07452FBA37A8A8557292E272E5D7ED8""}]"
Senior Research Data Scientist,Data,1,London,Senior,On-site,"['Data Analysis', 'SQL']","[{""source"": ""Adzuna"", ""url"": ""https://www.adzuna.co.uk/jobs/land/ad/5513743926?se=1rQzvMgA8RGV19jEQmXbTQ&utm_medium=api&utm_source=026f28a2&v=F3B4A2639452C02957A307FBE89F1F10F34F5FFD""}]"
Senior Software Engineer,Engineering,13,"South East London, East Knighton, Filton",Senior,On-site,"['Azure', 'C++', 'Data Analysis', 'Java', 'Problem Solving', 'Python', 'SQL', 'System Design']","[{""source"": ""Adzuna"", ""url"": ""https://www.adzuna.co.uk/jobs/land/ad/5605673937?se=TJbHrcgA8RGV19jEQmXbTQ&utm_medium=api&utm_source=026f28a2&v=6E031636F7B96FBFA67FCA2356EFD188E1EC5083""}, {""source"": ""Adzuna"", ""url"": ""https://www.adzuna.co.uk/jobs/land/ad/5593838635?se=TJbHrcgA8RGV19jEQmXbTQ&utm_medium=api&utm_source=026f28a2&v=DCB734C623B0C2D3ED6A5C6B891A8598F71E7809""}, {""source"": ""Adzuna"", ""url"": ""https://www.adzuna.co.uk/jobs/land/ad/5567770994?se=TJbHrcgA8RGV19jEQmXbTQ&utm_medium=api&utm_source=026f28a2&v=3EBB7266AAF4373261806D970F22DBF83E575B67""}, {""source"": ""Adzuna"", ""url"": ""https://www.adzuna.co.uk/jobs/land/ad/5600058508?se=TJbHrcgA8RGV19jEQmXbTQ&utm_medium=api&utm_source=026f28a2&v=77FF175F183D540881C4E1ECCEB3A80F67512534""}, {""source"": ""Adzuna"", ""url"": ""https://www.adzuna.co.uk/jobs/land/ad/5607334839?se=CkM4r8gA8RGhuY8Zc5lhIQ&utm_medium=api&utm_source=026f28a2&v=C3D8C90C1E300CE95E693998660304D4DAD3AC23""}, {""source"": ""Adzuna"", ""url"": ""https://www.adzuna.co.uk/jobs/land/ad/5611129625?se=CkM4r8gA8RGhuY8Zc5lhIQ&utm_medium=api&utm_source=026f28a2&v=21D066F7C05EE51E881C2E3729998FBD2B61D6C1""}, {""source"": ""Adzuna"", ""url"": ""https://www.adzuna.co.uk/jobs/land/ad/5606108882?se=CkM4r8gA8RGhuY8Zc5lhIQ&utm_medium=api&utm_source=026f28a2&v=CA821E64BF81C150CF757EB09A8A5A40E5A0E2F4""}, {""source"": ""Adzuna"", ""url"": ""https://www.adzuna.co.uk/jobs/land/ad/5575328776?se=CkM4r8gA8RGhuY8Zc5lhIQ&utm_medium=api&utm_source=026f28a2&v=DC474173882277A5CBC3A0C24A01709BDEE9B46C""}, {""source"": ""Adzuna"", ""url"": ""https://www.adzuna.co.uk/jobs/land/ad/5587702947?se=CkM4r8gA8RGhuY8Zc5lhIQ&utm_medium=api&utm_source=026f28a2&v=92CB3650DC139E0113DCE92377BE6D3B8C79A657""}, {""source"": ""Adzuna"", ""url"": ""https://www.adzuna.co.uk/jobs/land/ad/5605784858?se=CkM4r8gA8RGhuY8Zc5lhIQ&utm_medium=api&utm_source=026f28a2&v=F18E89B4311F3D372A673B97BEBD9C0CFF4BE2FF""}, {""source"": ""Adzuna"", ""url"": ""https://www.adzuna.co.uk/jobs/land/ad/5581661215?se=CkM4r8gA8RGhuY8Zc5lhIQ&utm_medium=api&utm_source=026f28a2&v=80110185135C108605E99649E2B0811A34C4CA1C""}, {""source"": ""Adzuna"", ""url"": ""https://www.adzuna.co.uk/jobs/land/ad/5592014019?se=CkM4r8gA8RGhuY8Zc5lhIQ&utm_medium=api&utm_source=026f28a2&v=DC6E8C43AB9F61A71D24AC649585E41965F783FF""}, {""source"": ""Adzuna"", ""url"": ""https://www.adzuna.co.uk/jobs/land/ad/5604824159?se=CkM4r8gA8RGhuY8Zc5lhIQ&utm_medium=api&utm_source=026f28a2&v=6781CBB830F555DB7CFD210ABE838F1F804A594A""}]"
Senior Staff Nurse - Oncology/ Sact,Healthcare,7,"Bocking, Nine Ashes, Barnston",Senior,On-site,['C++'],"[{""source"": ""Adzuna"", ""url"": ""https://www.adzuna.co.uk/jobs/land/ad/5572582896?se=zo7f2cgA8RG27sBWXwN7yg&utm_medium=api&utm_source=026f28a2&v=9DF0403726D5147FCDB0888AA8AE253FFCCCEE2E""}, {""source"": ""Adzuna"", ""url"": ""https://www.adzuna.co.uk/jobs/land/ad/5572582885?se=zo7f2cgA8RG27sBWXwN7yg&utm_medium=api&utm_source=026f28a2&v=FBA78009C03800276F55E83FB24E4AAC11CA3D55""}, {""source"": ""Adzuna"", ""url"": ""https://www.adzuna.co.uk/jobs/land/ad/5572582878?se=zo7f2cgA8RG27sBWXwN7yg&utm_medium=api&utm_source=026f28a2&v=6CD21C549CC2B9670412496B302585C8361C06C4""}, {""source"": ""Adzuna"", ""url"": ""https://www.adzuna.co.uk/jobs/land/ad/5572582891?se=zo7f2cgA8RG27sBWXwN7yg&utm_medium=api&utm_source=026f28a2&v=CEF3648D75CE62246CF2ED70C3FE189E910BC07D""}, {""source"": ""Adzuna"", ""url"": ""https://www.adzuna.co.uk/jobs/land/ad/5572582867?se=zo7f2cgA8RG27sBWXwN7yg&utm_medium=api&utm_source=026f28a2&v=BBD3A2C898C2715CD39FD458952D87154C1779DD""}, {""source"": ""Adzuna"", ""url"": ""https://www.adzuna.co.uk/jobs/land/ad/5572582877?se=zo7f2cgA8RG27sBWXwN7yg&utm_medium=api&utm_source=026f28a2&v=98EA87B278371011A62D412C12112F9DCB09432D""}, {""source"": ""Adzuna"", ""url"": ""https://www.adzuna.co.uk/jobs/land/ad/5572582894?se=zo7f2cgA8RG27sBWXwN7yg&utm_medium=api&utm_source=026f28a2&v=B5452868CC9A1949116CB7E422D2E58EC0C98F0E""}]"
Senior Staff Nurse - Wards,Healthcare,7,"Bodicote, Mytchett, Lenborough",Senior,On-site,['Clinical Knowledge'],"[{""source"": ""Adzuna"", ""url"": ""https://www.adzuna.co.uk/jobs/land/ad/5401738036?se=zh-C2MgA8RGhuY8Zc5lhIQ&utm_medium=api&utm_source=026f28a2&v=0B65FE7AB586B0611FA41DF7688C81C99C31C7D9""}, {""source"": ""Adzuna"", ""url"": ""https://www.adzuna.co.uk/jobs/land/ad/5401738035?se=zh-C2MgA8RGhuY8Zc5lhIQ&utm_medium=api&utm_source=026f28a2&v=28574A8AA4E574AF7BDAD9B1EC46BFE90435465F""}, {""source"": ""Adzuna"", ""url"": ""https://www.adzuna.co.uk/jobs/land/ad/5401738043?se=zh-C2MgA8RGhuY8Zc5lhIQ&utm_medium=api&utm_source=026f28a2&v=AEA0DEB224A538FFF0015FC97D6CA6656918717E""}, {""source"": ""Adzuna"", ""url"": ""https://www.adzuna.co.uk/jobs/land/ad/5401738042?se=zh-C2MgA8RGhuY8Zc5lhIQ&utm_medium=api&utm_source=026f28a2&v=36D2D0CD8E13558C2EECA5718061B328C82F0DCB""}, {""source"": ""Adzuna"", ""url"": ""https://www.adzuna.co.uk/jobs/land/ad/5401738034?se=zh-C2MgA8RGhuY8Zc5lhIQ&utm_medium=api&utm_source=026f28a2&v=407A5DD817B33A3F2CC4E1B87EE68A57CBEFA9C2""}, {""source"": ""Adzuna"", ""url"": ""https://www.adzuna.co.uk/jobs/land/ad/5401738039?se=zh-C2MgA8RGhuY8Zc5lhIQ&utm_medium=api&utm_source=026f28a2&v=D17FF5EB2A6C4BDBFA56F2F9BB6FCD045BAFC531""}, {""source"": ""Adzuna"", ""url"": ""https://www.adzuna.co.uk/jobs/land/ad/5401738037?se=zo7f2cgA8RG27sBWXwN7yg&utm_medium=api&utm_source=026f28a2&v=681D6CC003CC577D95D644706AAD5E79D157F7A8""}]"
Senior Staff Nurse – Oncology/Sact,Healthcare,7,"Oaklands, Leavesden, Trimms Green",Senior,On-site,['Clinical Knowledge'],"[{""source"": ""Adzuna"", ""url"": ""https://www.adzuna.co.uk/jobs/land/ad/5551821976?se=zo7f2cgA8RG27sBWXwN7yg&utm_medium=api&utm_source=026f28a2&v=E9F88811DDED2B6A406408D648D50C28B164A9B4""}, {""source"": ""Adzuna"", ""url"": ""https://www.adzuna.co.uk/jobs/land/ad/5551821972?se=zo7f2cgA8RG27sBWXwN7yg&utm_medium=api&utm_source=026f28a2&v=9504722B2B6ED55F5D2B90EDC393D0A8EDE8E873""}, {""source"": ""Adzuna"", ""url"": ""https://www.adzuna.co.uk/jobs/land/ad/5551821981?se=zo7f2cgA8RG27sBWXwN7yg&utm_medium=api&utm_source=026f28a2&v=41BE8748ACD2E28AFC5C3393E8A949860C69DB65""}, {""source"": ""Adzuna"", ""url"": ""https://www.adzuna.co.uk/jobs/land/ad/5551821984?se=zo7f2cgA8RG27sBWXwN7yg&utm_medium=api&utm_source=026f28a2&v=91833DA9E4DC9B8668C4E9B4FBCE42C9D9B4D6B6""}, {""source"": ""Adzuna"", ""url"": ""https://www.adzuna.co.uk/jobs/land/ad/5551821987?se=zo7f2cgA8RG27sBWXwN7yg&utm_medium=api&utm_source=026f28a2&v=B4E8527C48CB5BB0CC9B422BFAD9976AC2963633""}, {""source"": ""Adzuna"", ""url"": ""https://www.adzuna.co.uk/jobs/land/ad/5551821975?se=zo7f2cgA8RG27sBWXwN7yg&utm_medium=api&utm_source=026f28a2&v=26585AD68550D4374D8530A66EDD2A85DE9AA39F""}, {""source"": ""Adzuna"", ""url"": ""https://www.adzuna.co.uk/jobs/land/ad/5551821986?se=zo7f2cgA8RG27sBWXwN7yg&utm_medium=api&utm_source=026f28a2&v=D0E5FA778C4FB5F21E643B2BDCE29F0930464000""}]"
Senior Staff Software Engineer,Engineering,1,Northway,Senior,Hybrid,"['Problem Solving', 'System Design']","[{""source"": ""Adzuna"", ""url"": ""https://www.adzuna.co.uk/jobs/land/ad/5603018415?se=CkM4r8gA8RGhuY8Zc5lhIQ&utm_medium=api&utm_source=026f28a2&v=6D8D80B788DEF2FCE10170AD54406175D25B331A""}]"
Senior Statistical Programmer,Healthcare,1,UK,Mid,On-site,['Clinical Knowledge'],"[{""source"": ""Adzuna"", ""url"": ""https://www.adzuna.co.uk/jobs/details/5256224722?utm_medium=api&utm_source=026f28a2""}]"
Senior Test Data & Analytics Specialist,Data,1,Warwick,Senior,Hybrid,"['Data Analysis', 'SQL']","[{""source"": ""Adzuna"", ""url"": ""https://www.adzuna.co.uk/jobs/land/ad/5597198958?se=3GmBvcgA8RGhuY8Zc5lhIQ&utm_medium=api&utm_source=026f28a2&v=F73BC0FD30F34649572960797304BF233EE1200B""}]"
Senior Ux Designer,Design,17,"Thorpe, St. Augustines, Cambridge",Senior,On-site,"['UI', 'UX']","[{""source"": ""Adzuna"", ""url"": ""https://www.adzuna.co.uk/jobs/land/ad/5608131048?se=bhIX48gA8RGI2N0cIjSMgQ&utm_medium=api&utm_source=026f28a2&v=0B16CF95014A315F4E846EDDB43A21B2FE5EFF3D""}, {""source"": ""Adzuna"", ""url"": ""https://www.adzuna.co.uk/jobs/land/ad/5575639795?se=bhIX48gA8RGI2N0cIjSMgQ&utm_medium=api&utm_source=026f28a2&v=16FD7E592D714C18134D3FD07001C26932688EA8""}, {""source"": ""Adzuna"", ""url"": ""https://www.adzuna.co.uk/jobs/details/5533445774?utm_medium=api&utm_source=026f28a2""}, {""source"": ""Adzuna"", ""url"": ""https://www.adzuna.co.uk/jobs/land/ad/5595574127?se=Hth35MgA8RG27sBWXwN7yg&utm_medium=api&utm_source=026f28a2&v=7F8EC76A636E59D31A6CC6B4D8ED0DBCEBB59F11""}, {""source"": ""Adzuna"", ""url"": ""https://www.adzuna.co.uk/jobs/land/ad/5587650793?se=Hth35MgA8RG27sBWXwN7yg&utm_medium=api&utm_source=026f28a2&v=EDE13CCBC83BB0D52DE6ECAF6CBF5E9CFC97A70C""}, {""source"": ""Adzuna"", ""url"": ""https://www.adzuna.co.uk/jobs/land/ad/5574628856?se=Hth35MgA8RG27sBWXwN7yg&utm_medium=api&utm_source=026f28a2&v=E2D6B6873C73813171AC1757B774E4B3A923E7E0""}, {""source"": ""Adzuna"", ""url"": ""https://www.adzuna.co.uk/jobs/details/5602336112?utm_medium=api&utm_source=026f28a2""}, {""source"": ""Adzuna"", ""url"": ""https://www.adzuna.co.uk/jobs/details/5597294957?utm_medium=api&utm_source=026f28a2""}, {""source"": ""Adzuna"", ""url"": ""https://www.adzuna.co.uk/jobs/details/5589386859?utm_medium=api&utm_source=026f28a2""}, {""source"": ""Adzuna"", ""url"": ""https://www.adzuna.co.uk/jobs/details/4802524586?utm_medium=api&utm_source=026f28a2""}, {""source"": ""Adzuna"", ""url"": ""https://www.adzuna.co.uk/jobs/details/5540934778?utm_medium=api&utm_source=026f28a2""}, {""source"": ""Adzuna"", ""url"": ""https://www.adzuna.co.uk/jobs/details/5597898166?utm_medium=api&utm_source=026f28a2""}, {""source"": ""Adzuna"", ""url"": ""https://www.adzuna.co.uk/jobs/details/5597898168?utm_medium=api&utm_source=026f28a2""}, {""source"": ""Adzuna"", ""url"": ""https://www.adzuna.co.uk/jobs/details/5428957865?utm_medium=api&utm_source=026f28a2""}, {""source"": ""Adzuna"", ""url"": ""https://www.adzuna.co.uk/jobs/details/5429913696?utm_medium=api&utm_source=026f28a2""}, {""source"": ""Adzuna"", ""url"": ""https://www.adzuna.co.uk/jobs/details/5580121021?utm_medium=api&utm_source=026f28a2""}, {""source"": ""Adzuna"", ""url"": ""https://www.adzuna.co.uk/jobs/details/5585926219?utm_medium=api&utm_source=026f28a2""}]"
Senior Ux Designer - Contract,Design,1,Belfast,Senior,On-site,"['UI', 'UX']","[{""source"": ""Adzuna"", ""url"": ""https://www.adzuna.co.uk/jobs/land/ad/5602754512?se=bhIX48gA8RGI2N0cIjSMgQ&utm_medium=api&utm_source=026f28a2&v=59C83BE19DEB55A5819A69D140BC9204320B9059""}]"
Senior/Executive Director Of Clinical Business Development (Big Pharma Accounts),Healthcare,1,Cambridge,Senior,On-site,['Clinical Knowledge'],"[{""source"": ""Adzuna"", ""url"": ""https://www.adzuna.co.uk/jobs/details/5598246368?utm_medium=api&utm_source=026f28a2""}]"
Senior/Principal Platform Systems Mechanical Engineer,Engineering,8,"Heysham, Far Arnside, The Hill",Senior,On-site,"['Problem Solving', 'System Design']","[{""source"": ""Adzuna"", ""url"": ""https://www.adzuna.co.uk/jobs/land/ad/5515486914?se=wF0Js8gA8RGV19jEQmXbTQ&utm_medium=api&utm_source=026f28a2&v=F38A2EF4650B0709D7F5F714002D3290EE12FB99""}, {""source"": ""Adzuna"", ""url"": ""https://www.adzuna.co.uk/jobs/land/ad/5515486915?se=wF0Js8gA8RGV19jEQmXbTQ&utm_medium=api&utm_source=026f28a2&v=C521791453F8BD4C23A10AD47D5B919EB50E9D1B""}, {""source"": ""Adzuna"", ""url"": ""https://www.adzuna.co.uk/jobs/land/ad/5515486930?se=wF0Js8gA8RGV19jEQmXbTQ&utm_medium=api&utm_source=026f28a2&v=A734F027CB00A32192B5FC34141CE55D028CE044""}, {""source"": ""Adzuna"", ""url"": ""https://www.adzuna.co.uk/jobs/land/ad/5515486929?se=wF0Js8gA8RGV19jEQmXbTQ&utm_medium=api&utm_source=026f28a2&v=FA8270F2CAAB10B4CEDEEB528C98ED2DDCAE934F""}, {""source"": ""Adzuna"", ""url"": ""https://www.adzuna.co.uk/jobs/land/ad/5515486913?se=wF0Js8gA8RGV19jEQmXbTQ&utm_medium=api&utm_source=026f28a2&v=F7612133FB6C9738F486F9178080CD3D980BB4B8""}, {""source"": ""Adzuna"", ""url"": ""https://www.adzuna.co.uk/jobs/land/ad/5515486916?se=wF0Js8gA8RGV19jEQmXbTQ&utm_medium=api&utm_source=026f28a2&v=186C91A66A5AD2642DE689A8B464E67BD9738FC5""}, {""source"": ""Adzuna"", ""url"": ""https://www.adzuna.co.uk/jobs/land/ad/5515486920?se=wF0Js8gA8RGV19jEQmXbTQ&utm_medium=api&utm_source=026f28a2&v=221983852C57C9BF9DB4356D5FD2104F9D13FACD""}, {""source"": ""Adzuna"", ""url"": ""https://www.adzuna.co.uk/jobs/land/ad/5515486925?se=wF0Js8gA8RGV19jEQmXbTQ&utm_medium=api&utm_source=026f28a2&v=602F26DF0687A900AFE10AEBC8FE790CDE2F1642""}]"
Service Manager,HR,1,Sutton,Senior,On-site,"['People Management', 'Recruitment']","[{""source"": ""Adzuna"", ""url"": ""https://www.adzuna.co.uk/jobs/land/ad/5600130726?se=FlK16cgA8RGhuY8Zc5lhIQ&utm_medium=api&utm_source=026f28a2&v=9E9C64438B12AFDC76707456B0D3458C035A2246""}]"
Sheq Consultant,Business,1,Bradwell Common,Mid,On-site,"['Analysis', 'Communication']","[{""source"": ""Adzuna"", ""url"": ""https://www.adzuna.co.uk/jobs/land/ad/5607343850?se=5oxhycgA8RGhuY8Zc5lhIQ&utm_medium=api&utm_source=026f28a2&v=DB82E1D994B1F0B7E916D8FA4DB9DDCF41FCB224""}]"
Site Lead (Pharma),Healthcare,1,Newry,Senior,On-site,['C++'],"[{""source"": ""Adzuna"", ""url"": ""https://www.adzuna.co.uk/jobs/land/ad/5602754291?se=bhvh3cgA8RGI2N0cIjSMgQ&utm_medium=api&utm_source=026f28a2&v=DEC76AB62AC9CAACC29FB1C72839B43BC0687D17""}]"
Social Media And Marketing Manager,Marketing,1,UK,Senior,On-site,"['Campaigns', 'SEO']","[{""source"": ""Adzuna"", ""url"": ""https://www.adzuna.co.uk/jobs/land/ad/5601948077?se=TEEuzsgA8RG27sBWXwN7yg&utm_medium=api&utm_source=026f28a2&v=926B89432D3C9EDF63945012680423DEDAB8EF4A""}]"
Social Media Marketing Manager,Marketing,1,North West England,Senior,On-site,"['Campaigns', 'SEO']","[{""source"": ""Adzuna"", ""url"": ""https://www.adzuna.co.uk/jobs/land/ad/5579262066?se=1uV2z8gA8RG27sBWXwN7yg&utm_medium=api&utm_source=026f28a2&v=E3CD5E14866F2B96075565A9DCD792F87F0F3587""}]"
Software Engineer,Engineering,28,"Normanton, Bristol, Hoole",Senior,On-site,"['C++', 'Java', 'Node.js', 'Problem Solving', 'Python', 'React', 'System Design']","[{""source"": ""Adzuna"", ""url"": ""https://www.adzuna.co.uk/jobs/land/ad/5605929366?se=TJbHrcgA8RGV19jEQmXbTQ&utm_medium=api&utm_source=026f28a2&v=4ECB05E9AFDD8CEA8736D90065BFBD5730FF9E67""}, {""source"": ""Adzuna"", ""url"": ""https://www.adzuna.co.uk/jobs/land/ad/5589109958?se=TJbHrcgA8RGV19jEQmXbTQ&utm_medium=api&utm_source=026f28a2&v=923C4622122BB9CD70F8B52B5F4651071CB0F693""}, {""source"": ""Adzuna"", ""url"": ""https://www.adzuna.co.uk/jobs/land/ad/5593863389?se=TJbHrcgA8RGV19jEQmXbTQ&utm_medium=api&utm_source=026f28a2&v=3E24BFFE54FABC4094DBDFA84AA2B82BB47BB779""}, {""source"": ""Adzuna"", ""url"": ""https://www.adzuna.co.uk/jobs/land/ad/5590275043?se=TJbHrcgA8RGV19jEQmXbTQ&utm_medium=api&utm_source=026f28a2&v=3A01B9E3705B4405603441520C81958D4312439B""}, {""source"": ""Adzuna"", ""url"": ""https://www.adzuna.co.uk/jobs/land/ad/5578938269?se=TJbHrcgA8RGV19jEQmXbTQ&utm_medium=api&utm_source=026f28a2&v=E185C7668A813F42067DD6897B08CDF602565252""}, {""source"": ""Adzuna"", ""url"": ""https://www.adzuna.co.uk/jobs/land/ad/5596782799?se=TJbHrcgA8RGV19jEQmXbTQ&utm_medium=api&utm_source=026f28a2&v=409704C32115435387F65118E77D920FDD455B34""}, {""source"": ""Adzuna"", ""url"": ""https://www.adzuna.co.uk/jobs/land/ad/5606835678?se=TJbHrcgA8RGV19jEQmXbTQ&utm_medium=api&utm_source=026f28a2&v=037A717B807C9497D78D8B4F2704D73805DC3B4D""}, {""source"": ""Adzuna"", ""url"": ""https://www.adzuna.co.uk/jobs/land/ad/5583435063?se=TJbHrcgA8RGV19jEQmXbTQ&utm_medium=api&utm_source=026f28a2&v=F34E2ACFCECE01D9ED1A428E9B4827DFA1313E8C""}, {""source"": ""Adzuna"", ""url"": ""https://www.adzuna.co.uk/jobs/land/ad/5588537964?se=TJbHrcgA8RGV19jEQmXbTQ&utm_medium=api&utm_source=026f28a2&v=0DE99B06018EC327CCED0D8D1670BD8D09AB3B72""}, {""source"": ""Adzuna"", ""url"": ""https://www.adzuna.co.uk/jobs/land/ad/5588537965?se=TJbHrcgA8RGV19jEQmXbTQ&utm_medium=api&utm_source=026f28a2&v=7526C4B5B59CEA787214BAA2B5B750F567DCC4F3""}, {""source"": ""Adzuna"", ""url"": ""https://www.adzuna.co.uk/jobs/land/ad/5588537953?se=TJbHrcgA8RGV19jEQmXbTQ&utm_medium=api&utm_source=026f28a2&v=EE56656CC415673E6E8E284C1E0C03F0E16B4DCB""}, {""source"": ""Adzuna"", ""url"": ""https://www.adzuna.co.uk/jobs/land/ad/5588537956?se=TJbHrcgA8RGV19jEQmXbTQ&utm_medium=api&utm_source=026f28a2&v=08F8DBB1AC867A7DDE9E706A0AB1C3F74790018E""}, {""source"": ""Adzuna"", ""url"": ""https://www.adzuna.co.uk/jobs/land/ad/5583933173?se=TJbHrcgA8RGV19jEQmXbTQ&utm_medium=api&utm_source=026f28a2&v=233361BB7A2163B685497747887C2DFC31C8D1BB""}, {""source"": ""Adzuna"", ""url"": ""https://www.adzuna.co.uk/jobs/land/ad/5583933150?se=TJbHrcgA8RGV19jEQmXbTQ&utm_medium=api&utm_source=026f28a2&v=4E33912F33CC41161A04E9CE087CCD1D5CB1C9C0""}, {""source"": ""Adzuna"", ""url"": ""https://www.adzuna.co.uk/jobs/land/ad/5572559484?se=TJbHrcgA8RGV19jEQmXbTQ&utm_medium=api&utm_source=026f28a2&v=89BC418F610EE8F48679FF6C2026097C6C79B456""}, {""source"": ""Adzuna"", ""url"": ""https://www.adzuna.co.uk/jobs/land/ad/5583475615?se=TJbHrcgA8RGV19jEQmXbTQ&utm_medium=api&utm_source=026f28a2&v=A725C977F5D5FAB8F2A3B372AEF077820F92C8AC""}, {""source"": ""Adzuna"", ""url"": ""https://www.adzuna.co.uk/jobs/land/ad/5602791978?se=TJbHrcgA8RGV19jEQmXbTQ&utm_medium=api&utm_source=026f28a2&v=45C4B63821C540765A77311E9AC1B45A9AC2DFEB""}, {""source"": ""Adzuna"", ""url"": ""https://www.adzuna.co.uk/jobs/land/ad/5568294350?se=TJbHrcgA8RGV19jEQmXbTQ&utm_medium=api&utm_source=026f28a2&v=B91419547205485DA5C1BD71DBABADD01DF10DF2""}, {""source"": ""Adzuna"", ""url"": ""https://www.adzuna.co.uk/jobs/land/ad/5610466489?se=TJbHrcgA8RGV19jEQmXbTQ&utm_medium=api&utm_source=026f28a2&v=5BED6A6696C9CD51DF425A9E782FC1FE14725978""}, {""source"": ""Adzuna"", ""url"": ""https://www.adzuna.co.uk/jobs/land/ad/5578947903?se=TJbHrcgA8RGV19jEQmXbTQ&utm_medium=api&utm_source=026f28a2&v=83FA4F17EA4F563E064F3594BC50C2F556580141""}, {""source"": ""Adzuna"", ""url"": ""https://www.adzuna.co.uk/jobs/land/ad/5587071939?se=TJbHrcgA8RGV19jEQmXbTQ&utm_medium=api&utm_source=026f28a2&v=7F0241B4F06ADE77E8FE7C6814F26A773CC24B68""}, {""source"": ""Adzuna"", ""url"": ""https://www.adzuna.co.uk/jobs/land/ad/5570832598?se=TJbHrcgA8RGV19jEQmXbTQ&utm_medium=api&utm_source=026f28a2&v=4B32D5BB83AB2BA52771ABAA764F2CF8691DC25E""}, {""source"": ""Adzuna"", ""url"": ""https://www.adzuna.co.uk/jobs/land/ad/5592173135?se=TJbHrcgA8RGV19jEQmXbTQ&utm_medium=api&utm_source=026f28a2&v=DF126AF42FD6278138B1434D1DE42B17EED8E061""}, {""source"": ""Adzuna"", ""url"": ""https://www.adzuna.co.uk/jobs/land/ad/5606836007?se=TJbHrcgA8RGV19jEQmXbTQ&utm_medium=api&utm_source=026f28a2&v=D8BBAACD42F02DA92865B7FE0A642E1CA49833BE""}, {""source"": ""Adzuna"", ""url"": ""https://www.adzuna.co.uk/jobs/land/ad/5607335335?se=TJbHrcgA8RGV19jEQmXbTQ&utm_medium=api&utm_source=026f28a2&v=981685D964C9B3DD5DD2AF3E2CE458CAA6BE227A""}, {""source"": ""Adzuna"", ""url"": ""https://www.adzuna.co.uk/jobs/land/ad/5585754143?se=TJbHrcgA8RGV19jEQmXbTQ&utm_medium=api&utm_source=026f28a2&v=D436886B174F7155A721B56D1116C2C66BB30210""}, {""source"": ""Adzuna"", ""url"": ""https://www.adzuna.co.uk/jobs/land/ad/5582654058?se=TJbHrcgA8RGV19jEQmXbTQ&utm_medium=api&utm_source=026f28a2&v=51B0AB535519F9D4E7658FB41EA31D4D80FF3FC3""}, {""source"": ""Adzuna"", ""url"": ""https://www.adzuna.co.uk/jobs/land/ad/5606250468?se=TJbHrcgA8RGV19jEQmXbTQ&utm_medium=api&utm_source=026f28a2&v=7C2472E937CE611476905E3669F1803EAB5B6343""}]"
Software Engineer (Doc1),Engineering,1,Old Fletton,Mid,Hybrid,"['Problem Solving', 'System Design']","[{""source"": ""Adzuna"", ""url"": ""https://www.adzuna.co.uk/jobs/land/ad/5604678862?se=CkM4r8gA8RGhuY8Zc5lhIQ&utm_medium=api&utm_source=026f28a2&v=FA59CA4EE26CDCEF9ED0C576FD144D83291683E9""}]"
Software Engineer (Typescript),Engineering,1,Belfast,Mid,On-site,"['Problem Solving', 'System Design']","[{""source"": ""Adzuna"", ""url"": ""https://www.adzuna.co.uk/jobs/land/ad/5601498976?se=CkM4r8gA8RGhuY8Zc5lhIQ&utm_medium=api&utm_source=026f28a2&v=D17771B1CB1A7A821FA36EF2E25C4835B896FE7B""}]"
Software Engineer - Ai,Engineering,1,Belfast,Senior,Hybrid,"['Problem Solving', 'System Design']","[{""source"": ""Adzuna"", ""url"": ""https://www.adzuna.co.uk/jobs/land/ad/5569384722?se=CkM4r8gA8RGhuY8Zc5lhIQ&utm_medium=api&utm_source=026f28a2&v=106EDD69BA75870B81F2D1ECDEFB86E67A685941""}]"
Software Engineer - Dv Cleared,Engineering,1,Gloucester,Mid,On-site,['AWS'],"[{""source"": ""Adzuna"", ""url"": ""https://www.adzuna.co.uk/jobs/land/ad/5607343072?se=CkM4r8gA8RGhuY8Zc5lhIQ&utm_medium=api&utm_source=026f28a2&v=7B9E2CF78A0BD48981B17A415407883C55CBB122""}]"
Software Engineer .Net,Engineering,1,Peterborough,Mid,Hybrid,"['Problem Solving', 'System Design']","[{""source"": ""Adzuna"", ""url"": ""https://www.adzuna.co.uk/jobs/land/ad/5611107078?se=TJbHrcgA8RGV19jEQmXbTQ&utm_medium=api&utm_source=026f28a2&v=841C13EEB8FACFAA4B334FEC86FAA4E021B13C0D""}]"
Software Engineer Doc1,Engineering,1,Peterborough,Mid,Hybrid,"['Problem Solving', 'System Design']","[{""source"": ""Adzuna"", ""url"": ""https://www.adzuna.co.uk/jobs/land/ad/5601325694?se=TJbHrcgA8RGV19jEQmXbTQ&utm_medium=api&utm_source=026f28a2&v=8116227FA321D6ABE2F5F58820693DCA64F1A634""}]"
Software Engineer Full Stack,Engineering,1,UK,Mid,Hybrid,"['Problem Solving', 'System Design']","[{""source"": ""Adzuna"", ""url"": ""https://www.adzuna.co.uk/jobs/land/ad/5596972899?se=CkM4r8gA8RGhuY8Zc5lhIQ&utm_medium=api&utm_source=026f28a2&v=96A8D8A29A7045B65D28081F0B9E366AC1510374""}]"
Software Engineer Rtp,Engineering,1,Manchester,Mid,On-site,"['Problem Solving', 'System Design']","[{""source"": ""Adzuna"", ""url"": ""https://www.adzuna.co.uk/jobs/land/ad/5581096307?se=TJbHrcgA8RGV19jEQmXbTQ&utm_medium=api&utm_source=026f28a2&v=0DD8F761FAE5924E00009C9FA0D082A9FDDCC484""}]"
Software Engineering Lead,Engineering,1,Chesterton,Senior,Remote,"['Problem Solving', 'System Design']","[{""source"": ""Adzuna"", ""url"": ""https://www.adzuna.co.uk/jobs/land/ad/5602457516?se=TJbHrcgA8RGV19jEQmXbTQ&utm_medium=api&utm_source=026f28a2&v=585587630C73A700B2890FD6A2C53BF509156F9B""}]"
Software Engineering Manager,Engineering,3,"Belfast, Edinburgh City Centre",Senior,On-site,"['Java', 'Problem Solving', 'System Design']","[{""source"": ""Adzuna"", ""url"": ""https://www.adzuna.co.uk/jobs/land/ad/5583433191?se=TJbHrcgA8RGV19jEQmXbTQ&utm_medium=api&utm_source=026f28a2&v=FAEC79B1A8B297874CC20A335114EDF7AE79A180""}, {""source"": ""Adzuna"", ""url"": ""https://www.adzuna.co.uk/jobs/land/ad/5575328767?se=CkM4r8gA8RGhuY8Zc5lhIQ&utm_medium=api&utm_source=026f28a2&v=7E3D36655C454653799442D35AF3F7C8A5F1586A""}, {""source"": ""Adzuna"", ""url"": ""https://www.adzuna.co.uk/jobs/land/ad/5604678830?se=CkM4r8gA8RGhuY8Zc5lhIQ&utm_medium=api&utm_source=026f28a2&v=355B83D7EC52B5518B17BD336E27CB7151BF4790""}]"
Software Engineering Team Lead,Engineering,1,Belfast,Senior,On-site,"['Problem Solving', 'System Design']","[{""source"": ""Adzuna"", ""url"": ""https://www.adzuna.co.uk/jobs/land/ad/5569656120?se=CkM4r8gA8RGhuY8Zc5lhIQ&utm_medium=api&utm_source=026f28a2&v=FD20A2BA2660ECA201734AB0DD34F043FAD79AF8""}]"
Solution Engineer - Pharma,Healthcare,1,UK,Senior,On-site,['Clinical Knowledge'],"[{""source"": ""Adzuna"", ""url"": ""https://www.adzuna.co.uk/jobs/details/5210482941?utm_medium=api&utm_source=026f28a2""}]"
Solutions Consultant,Business,1,East Malling,Mid,On-site,"['Analysis', 'Communication']","[{""source"": ""Adzuna"", ""url"": ""https://www.adzuna.co.uk/jobs/land/ad/5603388268?se=5oxhycgA8RGhuY8Zc5lhIQ&utm_medium=api&utm_source=026f28a2&v=F0D6EED17F3A324F3451753FBC22FD98177B8154""}]"
"Spatial Ai & Ml Data Scientist (Arcgis, Python)",Data,1,North West England,Mid,Remote,"['AWS', 'Azure', 'Machine Learning', 'Python']","[{""source"": ""Adzuna"", ""url"": ""https://www.adzuna.co.uk/jobs/land/ad/5571249782?se=1rQzvMgA8RGV19jEQmXbTQ&utm_medium=api&utm_source=026f28a2&v=C31C4A8D19E23D36F026FA11F3187F4923E879DD""}]"
Speculative Introductions,HR,1,London,Senior,On-site,"['People Management', 'Recruitment']","[{""source"": ""Adzuna"", ""url"": ""https://www.adzuna.co.uk/jobs/details/4857678829?utm_medium=api&utm_source=026f28a2""}]"
Sponsorship Operations Manager,Business,1,Milton Keynes,Mid,On-site,"['Analysis', 'Communication']","[{""source"": ""Adzuna"", ""url"": ""https://www.adzuna.co.uk/jobs/land/ad/5608589141?se=tmvAysgA8RGhuY8Zc5lhIQ&utm_medium=api&utm_source=026f28a2&v=720CB0DBF2199AC90EC5231B30392D802C64FB89""}]"
Sports Data Scientist,Data,2,"London, The City",Senior,On-site,"['Data Analysis', 'SQL']","[{""source"": ""Adzuna"", ""url"": ""https://www.adzuna.co.uk/jobs/land/ad/5570968664?se=1rQzvMgA8RGV19jEQmXbTQ&utm_medium=api&utm_source=026f28a2&v=C6E85086F5EF439A706C23441953D8A6BCAA2B1F""}, {""source"": ""Adzuna"", ""url"": ""https://www.adzuna.co.uk/jobs/land/ad/5571040059?se=1rQzvMgA8RGV19jEQmXbTQ&utm_medium=api&utm_source=026f28a2&v=1359959230AA7CEE9097C3FABB11F36FCEFCAF24""}]"
Sr Cra - Oncology Experience Preferable,Healthcare,1,UK,Senior,On-site,['Clinical Knowledge'],"[{""source"": ""Adzuna"", ""url"": ""https://www.adzuna.co.uk/jobs/details/5604025652?utm_medium=api&utm_source=026f28a2""}]"
"Sr Sales Development Rep, Pharma",Healthcare,2,UK,Mid,On-site,['Clinical Knowledge'],"[{""source"": ""Adzuna"", ""url"": ""https://www.adzuna.co.uk/jobs/details/5539534540?utm_medium=api&utm_source=026f28a2""}, {""source"": ""Adzuna"", ""url"": ""https://www.adzuna.co.uk/jobs/details/5540271361?utm_medium=api&utm_source=026f28a2""}]"
Sr. Clinical Research Associate,Healthcare,1,Reading,Senior,On-site,['Clinical Knowledge'],"[{""source"": ""Adzuna"", ""url"": ""https://www.adzuna.co.uk/jobs/details/5572984136?utm_medium=api&utm_source=026f28a2""}]"
Sr. Ux Designer,Design,1,UK,Mid,On-site,"['UI', 'UX']","[{""source"": ""Adzuna"", ""url"": ""https://www.adzuna.co.uk/jobs/details/5210482874?utm_medium=api&utm_source=026f28a2""}]"
Staff Nurse - Outpatient / Pre-Assessment,Healthcare,6,"Heeley, Featherstone, Sandtoft",Mid,On-site,['Clinical Knowledge'],"[{""source"": ""Adzuna"", ""url"": ""https://www.adzuna.co.uk/jobs/land/ad/5570431237?se=zo7f2cgA8RG27sBWXwN7yg&utm_medium=api&utm_source=026f28a2&v=3183629C2F9A956BC030F9D5BDEC4175B0F4EDB0""}, {""source"": ""Adzuna"", ""url"": ""https://www.adzuna.co.uk/jobs/land/ad/5570431249?se=zo7f2cgA8RG27sBWXwN7yg&utm_medium=api&utm_source=026f28a2&v=572A7C9EC10FF527A218347A67AD47DBC2310506""}, {""source"": ""Adzuna"", ""url"": ""https://www.adzuna.co.uk/jobs/land/ad/5570431244?se=zo7f2cgA8RG27sBWXwN7yg&utm_medium=api&utm_source=026f28a2&v=4FF6E83B4E237F6F475D7C78D5BB2A30E57F2358""}, {""source"": ""Adzuna"", ""url"": ""https://www.adzuna.co.uk/jobs/land/ad/5570431255?se=zo7f2cgA8RG27sBWXwN7yg&utm_medium=api&utm_source=026f28a2&v=C5D320AA5395818C7829CBD1505C72370D331F46""}, {""source"": ""Adzuna"", ""url"": ""https://www.adzuna.co.uk/jobs/land/ad/5570431257?se=zo7f2cgA8RG27sBWXwN7yg&utm_medium=api&utm_source=026f28a2&v=2E2F2F02EBCFC6A757B6E40DF7E7B64EBBCDA6A6""}, {""source"": ""Adzuna"", ""url"": ""https://www.adzuna.co.uk/jobs/land/ad/5570431236?se=zo7f2cgA8RG27sBWXwN7yg&utm_medium=api&utm_source=026f28a2&v=402C5EE1F4FA1BC6B75EC0FB6F055112BD2AE660""}]"
Staff Nurse - Outpatients,Healthcare,6,"Dragonby, Low Stubbin, Sandtoft",Mid,On-site,['Clinical Knowledge'],"[{""source"": ""Adzuna"", ""url"": ""https://www.adzuna.co.uk/jobs/land/ad/5570431254?se=zh-C2MgA8RGhuY8Zc5lhIQ&utm_medium=api&utm_source=026f28a2&v=5C638692F278A0A52DB992C8FAB6EF19CAD99CAC""}, {""source"": ""Adzuna"", ""url"": ""https://www.adzuna.co.uk/jobs/land/ad/5570431258?se=zh-C2MgA8RGhuY8Zc5lhIQ&utm_medium=api&utm_source=026f28a2&v=895CDE7B54DF976D97F708A7E2F7532DC0176DB7""}, {""source"": ""Adzuna"", ""url"": ""https://www.adzuna.co.uk/jobs/land/ad/5570431243?se=zh-C2MgA8RGhuY8Zc5lhIQ&utm_medium=api&utm_source=026f28a2&v=646864737B80F7C1DB6B8B4E8241FCE0695056C0""}, {""source"": ""Adzuna"", ""url"": ""https://www.adzuna.co.uk/jobs/land/ad/5570431259?se=zh-C2MgA8RGhuY8Zc5lhIQ&utm_medium=api&utm_source=026f28a2&v=22393E90050A258B41BACBD15EDB6098F27F2EC6""}, {""source"": ""Adzuna"", ""url"": ""https://www.adzuna.co.uk/jobs/land/ad/5570431248?se=zh-C2MgA8RGhuY8Zc5lhIQ&utm_medium=api&utm_source=026f28a2&v=4F29ECCB7F2D13C7796D87DC85E8728D527979E3""}, {""source"": ""Adzuna"", ""url"": ""https://www.adzuna.co.uk/jobs/land/ad/5570431247?se=zh-C2MgA8RGhuY8Zc5lhIQ&utm_medium=api&utm_source=026f28a2&v=119D420632D1B917B8BCF9A7334CEE9244033E45""}]"
Staff Nurse - Pre Assessment,Healthcare,1,Walham,Mid,On-site,['Clinical Knowledge'],"[{""source"": ""Adzuna"", ""url"": ""https://www.adzuna.co.uk/jobs/land/ad/5608009217?se=zo7f2cgA8RG27sBWXwN7yg&utm_medium=api&utm_source=026f28a2&v=4B72605F451D51703B4552F4577D1AE9612807D1""}]"
Staff Nurse - Radiology,Healthcare,7,"Barnston, Fryerning, Bocking",Mid,On-site,['Clinical Knowledge'],"[{""source"": ""Adzuna"", ""url"": ""https://www.adzuna.co.uk/jobs/land/ad/5580602443?se=zh-C2MgA8RGhuY8Zc5lhIQ&utm_medium=api&utm_source=026f28a2&v=48BA619EC60DD4B3008A2FE94C1FBCF77213C5C6""}, {""source"": ""Adzuna"", ""url"": ""https://www.adzuna.co.uk/jobs/land/ad/5580602467?se=zh-C2MgA8RGhuY8Zc5lhIQ&utm_medium=api&utm_source=026f28a2&v=92F7EFBF00D25EDB1DE5185B4E6CBA2B02409A09""}, {""source"": ""Adzuna"", ""url"": ""https://www.adzuna.co.uk/jobs/land/ad/5580602451?se=zh-C2MgA8RGhuY8Zc5lhIQ&utm_medium=api&utm_source=026f28a2&v=FCA058573BF9A94484FFF3E993F311327339A772""}, {""source"": ""Adzuna"", ""url"": ""https://www.adzuna.co.uk/jobs/land/ad/5580602478?se=zh-C2MgA8RGhuY8Zc5lhIQ&utm_medium=api&utm_source=026f28a2&v=25235284E93F92D4770177F51E8FD51694073422""}, {""source"": ""Adzuna"", ""url"": ""https://www.adzuna.co.uk/jobs/land/ad/5580602466?se=zh-C2MgA8RGhuY8Zc5lhIQ&utm_medium=api&utm_source=026f28a2&v=DEC81D94ABE1B1F6B41EC36837882FCF0BF234FD""}, {""source"": ""Adzuna"", ""url"": ""https://www.adzuna.co.uk/jobs/land/ad/5580602442?se=zh-C2MgA8RGhuY8Zc5lhIQ&utm_medium=api&utm_source=026f28a2&v=9C27BE4CFBCE50B663413406C20205F74F315468""}, {""source"": ""Adzuna"", ""url"": ""https://www.adzuna.co.uk/jobs/land/ad/5580602477?se=zh-C2MgA8RGhuY8Zc5lhIQ&utm_medium=api&utm_source=026f28a2&v=41E8D77D11FBAE504B824A5C5FAC39D7BC6753BC""}]"
Staff Nurse - Ward,Healthcare,3,"Ashtead, Colchester, Ferncliffe",Mid,On-site,['Clinical Knowledge'],"[{""source"": ""Adzuna"", ""url"": ""https://www.adzuna.co.uk/jobs/land/ad/5597110442?se=zh-C2MgA8RGhuY8Zc5lhIQ&utm_medium=api&utm_source=026f28a2&v=7669A4FC573D386A7BD8AEF7A15512B062187205""}, {""source"": ""Adzuna"", ""url"": ""https://www.adzuna.co.uk/jobs/land/ad/5597110441?se=zh-C2MgA8RGhuY8Zc5lhIQ&utm_medium=api&utm_source=026f28a2&v=249CFB3E6B681853C9EF8ADFC0B8AF4CBDCF3260""}, {""source"": ""Adzuna"", ""url"": ""https://www.adzuna.co.uk/jobs/land/ad/5608009228?se=zh-C2MgA8RGhuY8Zc5lhIQ&utm_medium=api&utm_source=026f28a2&v=F7DCA8B3811B35D85EF80729D6112F8D7C6DB2F7""}]"
Staff Nurse - Ward And Day Unit,Healthcare,1,York,Mid,On-site,['Clinical Knowledge'],"[{""source"": ""Adzuna"", ""url"": ""https://www.adzuna.co.uk/jobs/land/ad/5570431331?se=zo7f2cgA8RG27sBWXwN7yg&utm_medium=api&utm_source=026f28a2&v=E1D71C821886173B2D56932852A7B2C0FFFE40A2""}]"
Staff Product Manager (Corporate Solution Delivery),Product,1,Leavesden,Mid,On-site,"['Roadmapping', 'Stakeholder Management']","[{""source"": ""Adzuna"", ""url"": ""https://www.adzuna.co.uk/jobs/land/ad/5601948064?se=JAWkwcgA8RGI2N0cIjSMgQ&utm_medium=api&utm_source=026f28a2&v=64A79AE3599E270CDF0927A4FAB55DB5966451B3""}]"
Staff Software Engineer,Engineering,2,Belfast,Senior,Hybrid,"['Problem Solving', 'System Design']","[{""source"": ""Adzuna"", ""url"": ""https://www.adzuna.co.uk/jobs/land/ad/5602754542?se=CkM4r8gA8RGhuY8Zc5lhIQ&utm_medium=api&utm_source=026f28a2&v=D9BA6250A7E770D2673318E922C0F126A86A72B6""}, {""source"": ""Adzuna"", ""url"": ""https://www.adzuna.co.uk/jobs/land/ad/5598273584?se=CkM4r8gA8RGhuY8Zc5lhIQ&utm_medium=api&utm_source=026f28a2&v=2A45E98D8823B6DACCF887D1582D44B86305B36D""}]"
"Statistical Science Lead, Director",Healthcare,1,UK,Senior,On-site,['Clinical Knowledge'],"[{""source"": ""Adzuna"", ""url"": ""https://www.adzuna.co.uk/jobs/details/5529217027?utm_medium=api&utm_source=026f28a2""}]"
Statistical Scientist Lead,Healthcare,1,UK,Senior,On-site,['Clinical Knowledge'],"[{""source"": ""Adzuna"", ""url"": ""https://www.adzuna.co.uk/jobs/details/5587657611?utm_medium=api&utm_source=026f28a2""}]"
Store Manager,HR,2,"The City, London",Mid,On-site,"['People Management', 'Recruitment']","[{""source"": ""Adzuna"", ""url"": ""https://www.adzuna.co.uk/jobs/land/ad/5604105453?se=FlK16cgA8RGhuY8Zc5lhIQ&utm_medium=api&utm_source=026f28a2&v=E3A3F59FAE4BA54C42938FBDAE2CBFE853540933""}, {""source"": ""Adzuna"", ""url"": ""https://www.adzuna.co.uk/jobs/land/ad/5604104256?se=FlK16cgA8RGhuY8Zc5lhIQ&utm_medium=api&utm_source=026f28a2&v=0508136BCB53075E8D7140961493D51D62FB0C56""}]"
Structured Finance Credit Analyst,Finance,1,London,Mid,On-site,"['Accounting', 'Reporting']","[{""source"": ""Adzuna"", ""url"": ""https://www.adzuna.co.uk/jobs/land/ad/5592799007?se=xuEt18gA8RG27sBWXwN7yg&utm_medium=api&utm_source=026f28a2&v=20EDE8C9D33F3FEF204715D25C71B0550280F08A""}]"
Supply Chain Data Analyst,Data,1,Lostock Gralam,Mid,On-site,"['Data Analysis', 'SQL']","[{""source"": ""Adzuna"", ""url"": ""https://www.adzuna.co.uk/jobs/land/ad/5608510459?se=5FtQuMgA8RG27sBWXwN7yg&utm_medium=api&utm_source=026f28a2&v=842329260C8869DC73811004CACAB0D41C63323B""}]"
System Design Authority – Engineering System,Design,5,"Blackpool Airport, Lytham, Padiham",Senior,Hybrid,"['UI', 'UX']","[{""source"": ""Adzuna"", ""url"": ""https://www.adzuna.co.uk/jobs/land/ad/5608009018?se=7BXT4cgA8RG27sBWXwN7yg&utm_medium=api&utm_source=026f28a2&v=231A39C48BE5C810CAC25CCF591A566BCB902EB1""}, {""source"": ""Adzuna"", ""url"": ""https://www.adzuna.co.uk/jobs/land/ad/5608009023?se=7BXT4cgA8RG27sBWXwN7yg&utm_medium=api&utm_source=026f28a2&v=D75B4E2669287DF488C2A3008921E16607259008""}, {""source"": ""Adzuna"", ""url"": ""https://www.adzuna.co.uk/jobs/land/ad/5608009022?se=7BXT4cgA8RG27sBWXwN7yg&utm_medium=api&utm_source=026f28a2&v=BE001E088BC548D86FF8F1BCE23380DA484AE18B""}, {""source"": ""Adzuna"", ""url"": ""https://www.adzuna.co.uk/jobs/land/ad/5608009020?se=7BXT4cgA8RG27sBWXwN7yg&utm_medium=api&utm_source=026f28a2&v=57AE80CC3489212018327DD55E6C775D579E62CD""}, {""source"": ""Adzuna"", ""url"": ""https://www.adzuna.co.uk/jobs/land/ad/5608009016?se=7BXT4cgA8RG27sBWXwN7yg&utm_medium=api&utm_source=026f28a2&v=C53A88B5F990609CEF8740001ADB18490821DA2B""}]"
Systems Administrator (Based In Hr),HR,1,Little Grimsby,Mid,On-site,"['People Management', 'Recruitment']","[{""source"": ""Adzuna"", ""url"": ""https://www.adzuna.co.uk/jobs/land/ad/5502598946?se=ynHH5cgA8RG27sBWXwN7yg&utm_medium=api&utm_source=026f28a2&v=490FB6ACC13E935C3030A763C8EF58FAC248C81A""}]"
Systems Consultant,Business,1,London,Senior,On-site,"['Analysis', 'Communication']","[{""source"": ""Adzuna"", ""url"": ""https://www.adzuna.co.uk/jobs/land/ad/5549283504?se=Gt8nyMgA8RG27sBWXwN7yg&utm_medium=api&utm_source=026f28a2&v=0FAD5C95D00CAC247A49EAD69C5E4C2E13E51253""}]"
Tax Operations Manager,Business,1,Edinburgh,Mid,Hybrid,"['Analysis', 'Communication']","[{""source"": ""Adzuna"", ""url"": ""https://www.adzuna.co.uk/jobs/land/ad/5592314992?se=tmvAysgA8RGhuY8Zc5lhIQ&utm_medium=api&utm_source=026f28a2&v=7FCFB8E68772391FD441B30272CEC29B13CE7C72""}]"
Teaching Fellow,HR,1,Belgrave,Mid,On-site,"['People Management', 'Recruitment']","[{""source"": ""Adzuna"", ""url"": ""https://www.adzuna.co.uk/jobs/details/5594065644?utm_medium=api&utm_source=026f28a2""}]"
Technical Author,Healthcare,1,Pershore,Mid,On-site,['Clinical Knowledge'],"[{""source"": ""Adzuna"", ""url"": ""https://www.adzuna.co.uk/jobs/land/ad/5572722405?se=jBIq38gA8RGV19jEQmXbTQ&utm_medium=api&utm_source=026f28a2&v=87808F648A86BD944420CDA8ABB6240F32BDD201""}]"
Technical Business Analyst,Business,4,"Edinburgh, Sheffield, Glasgow",Mid,Hybrid,"['Analysis', 'Communication']","[{""source"": ""Adzuna"", ""url"": ""https://www.adzuna.co.uk/jobs/land/ad/5604209707?se=SgmZxcgA8RG27sBWXwN7yg&utm_medium=api&utm_source=026f28a2&v=DCA84AF23370673698DDD6B048898B1DDFA0395A""}, {""source"": ""Adzuna"", ""url"": ""https://www.adzuna.co.uk/jobs/land/ad/5575507808?se=SgmZxcgA8RG27sBWXwN7yg&utm_medium=api&utm_source=026f28a2&v=D681AC6810C8556A21A3FC48520B57029BC5E869""}, {""source"": ""Adzuna"", ""url"": ""https://www.adzuna.co.uk/jobs/land/ad/5609954780?se=SgmZxcgA8RG27sBWXwN7yg&utm_medium=api&utm_source=026f28a2&v=DA7D4A4D41D9E0125FA130D43254DD01A7FF42C6""}, {""source"": ""Adzuna"", ""url"": ""https://www.adzuna.co.uk/jobs/land/ad/5595242568?se=6o3NxsgA8RGV19jEQmXbTQ&utm_medium=api&utm_source=026f28a2&v=1F6E75186BAB1147CDB307F00396A06128DC3FCE""}]"
Technical Business Analyst - North West,Business,1,London,Mid,Hybrid,"['Analysis', 'Communication']","[{""source"": ""Adzuna"", ""url"": ""https://www.adzuna.co.uk/jobs/land/ad/5601498978?se=SgmZxcgA8RG27sBWXwN7yg&utm_medium=api&utm_source=026f28a2&v=7E7B96127DF14E49B511C3C60E42A1B148FE2942""}]"
Technical Consultant,Business,1,Bournemouth,Senior,Hybrid,"['Analysis', 'Communication']","[{""source"": ""Adzuna"", ""url"": ""https://www.adzuna.co.uk/jobs/land/ad/5603017919?se=Gt8nyMgA8RG27sBWXwN7yg&utm_medium=api&utm_source=026f28a2&v=9FACD1B9EB58A74FCF4D573695855EAEEADB26FF""}]"
Technical Product Manager,Product,2,"Huddersfield, Bradford",Senior,On-site,"['Roadmapping', 'Stakeholder Management']","[{""source"": ""Adzuna"", ""url"": ""https://www.adzuna.co.uk/jobs/land/ad/5610855113?se=sgdRwMgA8RGhuY8Zc5lhIQ&utm_medium=api&utm_source=026f28a2&v=7B8B8E54F93B9842BFC419D94AE6ECBD8390CB98""}, {""source"": ""Adzuna"", ""url"": ""https://www.adzuna.co.uk/jobs/land/ad/5582107252?se=sgdRwMgA8RGhuY8Zc5lhIQ&utm_medium=api&utm_source=026f28a2&v=830738CB58066C6E83E8ADADAF6D85D81B945D34""}]"
Technical Product Manager Roofing & Building Products,Product,1,Northampton,Mid,On-site,"['Roadmapping', 'Stakeholder Management']","[{""source"": ""Adzuna"", ""url"": ""https://www.adzuna.co.uk/jobs/land/ad/5587673450?se=sgdRwMgA8RGhuY8Zc5lhIQ&utm_medium=api&utm_source=026f28a2&v=EA93AAC09D43D322EE475AC7A2E4BAACD5D1A408""}]"
Technical Project Manager,Data,1,South East London,Mid,On-site,"['Data Analysis', 'SQL']","[{""source"": ""Adzuna"", ""url"": ""https://www.adzuna.co.uk/jobs/land/ad/5581594167?se=yGTuvsgA8RGhuY8Zc5lhIQ&utm_medium=api&utm_source=026f28a2&v=7DBC9D8C93F04A4AD246013844A405FF46ABBEC1""}]"
"Technical Trainer - Data Analytics (Power Bi , Tableau , Sql)",Data,1,UK,Mid,On-site,"['Data Analysis', 'SQL']","[{""source"": ""Adzuna"", ""url"": ""https://www.adzuna.co.uk/jobs/details/5592015358?utm_medium=api&utm_source=026f28a2""}]"
Technician,Healthcare,1,Broxbourne,Mid,On-site,['Clinical Knowledge'],"[{""source"": ""Adzuna"", ""url"": ""https://www.adzuna.co.uk/jobs/land/ad/5570967929?se=bhvh3cgA8RGI2N0cIjSMgQ&utm_medium=api&utm_source=026f28a2&v=B4F74FF824C3FAA10D8C046DF5F1B05BA0D6BB39""}]"
Temporary Accountant,Finance,1,Belfast,Senior,On-site,"['Accounting', 'Reporting']","[{""source"": ""Adzuna"", ""url"": ""https://www.adzuna.co.uk/jobs/land/ad/5603215017?se=eiFD08gA8RGV19jEQmXbTQ&utm_medium=api&utm_source=026f28a2&v=04060C8CAB4EE1B0F2A627EC6A9E08ECF5F91B55""}]"
Testing & Release Officer,Healthcare,1,Weston,Mid,On-site,['Clinical Knowledge'],"[{""source"": ""Adzuna"", ""url"": ""https://www.adzuna.co.uk/jobs/details/5591490944?utm_medium=api&utm_source=026f28a2""}]"
Theatre Nurse/Odp Scrub,Healthcare,6,"Catcliffe, Featherstone, Heeley",Mid,On-site,['Clinical Knowledge'],"[{""source"": ""Adzuna"", ""url"": ""https://www.adzuna.co.uk/jobs/land/ad/5584307142?se=zo7f2cgA8RG27sBWXwN7yg&utm_medium=api&utm_source=026f28a2&v=5397AC2CAEBE3F379BD24BD5B589BB415E934D0C""}, {""source"": ""Adzuna"", ""url"": ""https://www.adzuna.co.uk/jobs/land/ad/5584307147?se=zo7f2cgA8RG27sBWXwN7yg&utm_medium=api&utm_source=026f28a2&v=C5257E74F517413C0145526BA9F54E1989D2A971""}, {""source"": ""Adzuna"", ""url"": ""https://www.adzuna.co.uk/jobs/land/ad/5584307143?se=zo7f2cgA8RG27sBWXwN7yg&utm_medium=api&utm_source=026f28a2&v=75B5EFB6EA4B20F08A429027300E1E49BCAFF77D""}, {""source"": ""Adzuna"", ""url"": ""https://www.adzuna.co.uk/jobs/land/ad/5584307160?se=zo7f2cgA8RG27sBWXwN7yg&utm_medium=api&utm_source=026f28a2&v=1F20306059F065EEE8B8EC9BBFAF39E624435F12""}, {""source"": ""Adzuna"", ""url"": ""https://www.adzuna.co.uk/jobs/land/ad/5584307151?se=zo7f2cgA8RG27sBWXwN7yg&utm_medium=api&utm_source=026f28a2&v=DB3ED2603D757B6615A412D3D3E12B4FD521A5B6""}, {""source"": ""Adzuna"", ""url"": ""https://www.adzuna.co.uk/jobs/land/ad/5584307157?se=zo7f2cgA8RG27sBWXwN7yg&utm_medium=api&utm_source=026f28a2&v=3994D425B6E536FF3C0CD0D81AFF6E07E7A1829A""}]"
Theatre Scrub Nurse/Odp,Healthcare,1,Ferncliffe,Mid,On-site,['Clinical Knowledge'],"[{""source"": ""Adzuna"", ""url"": ""https://www.adzuna.co.uk/jobs/land/ad/5608009218?se=zo7f2cgA8RG27sBWXwN7yg&utm_medium=api&utm_source=026f28a2&v=D50E4E15005D188F42DFAB4222F420A5B1F7AF3A""}]"
Traffic Management Operative,Business,5,"Arlingham, Humberstone, Soundwell",Mid,On-site,"['Analysis', 'Communication']","[{""source"": ""Adzuna"", ""url"": ""https://www.adzuna.co.uk/jobs/land/ad/5584307094?se=jkTCzMgA8RGhuY8Zc5lhIQ&utm_medium=api&utm_source=026f28a2&v=D68201E69D7E9584DC47033EF4230161F76DB077""}, {""source"": ""Adzuna"", ""url"": ""https://www.adzuna.co.uk/jobs/land/ad/5608388767?se=jkTCzMgA8RGhuY8Zc5lhIQ&utm_medium=api&utm_source=026f28a2&v=9FB087256F7CA6AFCA99536B465939D4A5D73CF2""}, {""source"": ""Adzuna"", ""url"": ""https://www.adzuna.co.uk/jobs/land/ad/5608388765?se=jkTCzMgA8RGhuY8Zc5lhIQ&utm_medium=api&utm_source=026f28a2&v=EDFE6EA0CDAA39C9B9A0F167B70760F5CF7ECDC5""}, {""source"": ""Adzuna"", ""url"": ""https://www.adzuna.co.uk/jobs/land/ad/5572582774?se=jkTCzMgA8RGhuY8Zc5lhIQ&utm_medium=api&utm_source=026f28a2&v=CC2A8D16DAB09EE4B983081777DD090810C874ED""}, {""source"": ""Adzuna"", ""url"": ""https://www.adzuna.co.uk/jobs/land/ad/5584307095?se=jkTCzMgA8RGhuY8Zc5lhIQ&utm_medium=api&utm_source=026f28a2&v=3006D2109B2D529B0446DD702F93D22F40E2CEA0""}]"
Training And Development Officer,HR,1,Craigavon,Senior,On-site,"['People Management', 'Recruitment']","[{""source"": ""Adzuna"", ""url"": ""https://www.adzuna.co.uk/jobs/land/ad/5604284035?se=FlK16cgA8RGhuY8Zc5lhIQ&utm_medium=api&utm_source=026f28a2&v=9933574B1515D6BBE30F2C1D04F904224753A993""}]"
Travel Consultant,Business,1,Stanwix,Mid,On-site,"['Analysis', 'Communication']","[{""source"": ""Adzuna"", ""url"": ""https://www.adzuna.co.uk/jobs/land/ad/5596973567?se=5oxhycgA8RGhuY8Zc5lhIQ&utm_medium=api&utm_source=026f28a2&v=7082A4C7EB5496C0DFD1DF63A0D32D78829FDDB0""}]"
Travel Marketing Manager,Marketing,1,London,Mid,On-site,"['Campaigns', 'SEO']","[{""source"": ""Adzuna"", ""url"": ""https://www.adzuna.co.uk/jobs/details/5608613375?utm_medium=api&utm_source=026f28a2""}]"
Ui/Ux Designer,Design,7,"London, The City, Chesterton",Mid,On-site,"['UI', 'UX']","[{""source"": ""Adzuna"", ""url"": ""https://www.adzuna.co.uk/jobs/land/ad/5551787987?se=bhIX48gA8RGI2N0cIjSMgQ&utm_medium=api&utm_source=026f28a2&v=021AED9785CA7813C1E4D47A73DE06E81D14EB39""}, {""source"": ""Adzuna"", ""url"": ""https://www.adzuna.co.uk/jobs/land/ad/5551629209?se=bhIX48gA8RGI2N0cIjSMgQ&utm_medium=api&utm_source=026f28a2&v=7A83BF6002A791459F73DC941C6D63EBEFA9E19E""}, {""source"": ""Adzuna"", ""url"": ""https://www.adzuna.co.uk/jobs/details/5544314743?utm_medium=api&utm_source=026f28a2""}, {""source"": ""Adzuna"", ""url"": ""https://www.adzuna.co.uk/jobs/details/4795571883?utm_medium=api&utm_source=026f28a2""}, {""source"": ""Adzuna"", ""url"": ""https://www.adzuna.co.uk/jobs/details/5575614717?utm_medium=api&utm_source=026f28a2""}, {""source"": ""Adzuna"", ""url"": ""https://www.adzuna.co.uk/jobs/details/5514599943?utm_medium=api&utm_source=026f28a2""}, {""source"": ""Adzuna"", ""url"": ""https://www.adzuna.co.uk/jobs/details/5509086456?utm_medium=api&utm_source=026f28a2""}]"
Unsolicited Application,HR,1,Bradford,Senior,On-site,"['People Management', 'Recruitment']","[{""source"": ""Adzuna"", ""url"": ""https://www.adzuna.co.uk/jobs/details/4802509120?utm_medium=api&utm_source=026f28a2""}]"
Urban Designer/ Layout Designer,Design,1,Bristol,Senior,On-site,"['UI', 'UX']","[{""source"": ""Adzuna"", ""url"": ""https://www.adzuna.co.uk/jobs/land/ad/5591766375?se=7BXT4cgA8RG27sBWXwN7yg&utm_medium=api&utm_source=026f28a2&v=332009D5B7503C9A933982045FB83991343EEC8E""}]"
Urology Consultant,Business,1,Edinburgh,Mid,On-site,"['Analysis', 'Communication']","[{""source"": ""Adzuna"", ""url"": ""https://www.adzuna.co.uk/jobs/land/ad/5577668442?se=Gt8nyMgA8RG27sBWXwN7yg&utm_medium=api&utm_source=026f28a2&v=5F9C7285050423EA6F6F2895C8FB7EE3100BD974""}]"
Ux Design Intern,Design,1,London,Senior,Remote,"['UI', 'UX']","[{""source"": ""Adzuna"", ""url"": ""https://www.adzuna.co.uk/jobs/details/4753824190?utm_medium=api&utm_source=026f28a2""}]"
Ux Design Lead,Design,1,Manchester,Senior,On-site,"['UI', 'UX']","[{""source"": ""Adzuna"", ""url"": ""https://www.adzuna.co.uk/jobs/land/ad/5550875148?se=Hth35MgA8RG27sBWXwN7yg&utm_medium=api&utm_source=026f28a2&v=199D1F3C599E126DF312097D807CA723CB1F0C58""}]"
Ux Design Manager,Design,3,"UK, Dorking, Basingstoke",Senior,Hybrid,"['UI', 'UX']","[{""source"": ""Adzuna"", ""url"": ""https://www.adzuna.co.uk/jobs/details/5587670174?utm_medium=api&utm_source=026f28a2""}, {""source"": ""Adzuna"", ""url"": ""https://www.adzuna.co.uk/jobs/details/5586984108?utm_medium=api&utm_source=026f28a2""}, {""source"": ""Adzuna"", ""url"": ""https://www.adzuna.co.uk/jobs/details/5586984091?utm_medium=api&utm_source=026f28a2""}]"
Ux Designer,Design,52,"Cardiff County, Manchester, Handbridge",Mid,On-site,"['UI', 'UX']","[{""source"": ""Adzuna"", ""url"": ""https://www.adzuna.co.uk/jobs/land/ad/5579261705?se=bhIX48gA8RGI2N0cIjSMgQ&utm_medium=api&utm_source=026f28a2&v=590E15B5BE5A75E72D5A3F744B1BD51F222317C6""}, {""source"": ""Adzuna"", ""url"": ""https://www.adzuna.co.uk/jobs/land/ad/5588370655?se=bhIX48gA8RGI2N0cIjSMgQ&utm_medium=api&utm_source=026f28a2&v=8EA567F18AC245CB6EFEAEB6D225ACA9A4C959AB""}, {""source"": ""Adzuna"", ""url"": ""https://www.adzuna.co.uk/jobs/land/ad/5553652885?se=bhIX48gA8RGI2N0cIjSMgQ&utm_medium=api&utm_source=026f28a2&v=F91A64D1661CE99BA0E3FC731A6E55BCCBED87FC""}, {""source"": ""Adzuna"", ""url"": ""https://www.adzuna.co.uk/jobs/land/ad/5587816607?se=bhIX48gA8RGI2N0cIjSMgQ&utm_medium=api&utm_source=026f28a2&v=5BFD7828896878D0CDE4B5896473536B25C24CD6""}, {""source"": ""Adzuna"", ""url"": ""https://www.adzuna.co.uk/jobs/details/5595434266?utm_medium=api&utm_source=026f28a2""}, {""source"": ""Adzuna"", ""url"": ""https://www.adzuna.co.uk/jobs/details/5576013730?utm_medium=api&utm_source=026f28a2""}, {""source"": ""Adzuna"", ""url"": ""https://www.adzuna.co.uk/jobs/details/5435763603?utm_medium=api&utm_source=026f28a2""}, {""source"": ""Adzuna"", ""url"": ""https://www.adzuna.co.uk/jobs/details/5435763635?utm_medium=api&utm_source=026f28a2""}, {""source"": ""Adzuna"", ""url"": ""https://www.adzuna.co.uk/jobs/details/5435763599?utm_medium=api&utm_source=026f28a2""}, {""source"": ""Adzuna"", ""url"": ""https://www.adzuna.co.uk/jobs/details/5435763645?utm_medium=api&utm_source=026f28a2""}, {""source"": ""Adzuna"", ""url"": ""https://www.adzuna.co.uk/jobs/details/5435763637?utm_medium=api&utm_source=026f28a2""}, {""source"": ""Adzuna"", ""url"": ""https://www.adzuna.co.uk/jobs/land/ad/5575620498?se=bhIX48gA8RGI2N0cIjSMgQ&utm_medium=api&utm_source=026f28a2&v=C69CBD60AEC127CA6A95C77C646F46EF959E7BF4""}, {""source"": ""Adzuna"", ""url"": ""https://www.adzuna.co.uk/jobs/land/ad/5587905106?se=bhIX48gA8RGI2N0cIjSMgQ&utm_medium=api&utm_source=026f28a2&v=1AC1AF1012C70765E042357C54B3A41ECA11A27C""}, {""source"": ""Adzuna"", ""url"": ""https://www.adzuna.co.uk/jobs/land/ad/5575718513?se=bhIX48gA8RGI2N0cIjSMgQ&utm_medium=api&utm_source=026f28a2&v=D51C06A3CBC09C0FDDD098D025834D5B9079F70F""}, {""source"": ""Adzuna"", ""url"": ""https://www.adzuna.co.uk/jobs/land/ad/5573775750?se=bhIX48gA8RGI2N0cIjSMgQ&utm_medium=api&utm_source=026f28a2&v=29ACF603F16DF7A9C508C59748CD901B0692BA37""}, {""source"": ""Adzuna"", ""url"": ""https://www.adzuna.co.uk/jobs/land/ad/5586282865?se=bhIX48gA8RGI2N0cIjSMgQ&utm_medium=api&utm_source=026f28a2&v=F3E736C5F8E64D504B8ADD4E77ED7C8B6C849550""}, {""source"": ""Adzuna"", ""url"": ""https://www.adzuna.co.uk/jobs/land/ad/5448745943?se=bhIX48gA8RGI2N0cIjSMgQ&utm_medium=api&utm_source=026f28a2&v=A806FED63EF2DCAF726F163AAF13B58422170943""}, {""source"": ""Adzuna"", ""url"": ""https://www.adzuna.co.uk/jobs/land/ad/5575861930?se=bhIX48gA8RGI2N0cIjSMgQ&utm_medium=api&utm_source=026f28a2&v=69FD66CC73C53BC032F619D4765B33562B0440E8""}, {""source"": ""Adzuna"", ""url"": ""https://www.adzuna.co.uk/jobs/land/ad/5571499320?se=bhIX48gA8RGI2N0cIjSMgQ&utm_medium=api&utm_source=026f28a2&v=CDA7328B792963CD970DE4FB12FB51262080DCCD""}, {""source"": ""Adzuna"", ""url"": ""https://www.adzuna.co.uk/jobs/land/ad/5580394266?se=bhIX48gA8RGI2N0cIjSMgQ&utm_medium=api&utm_source=026f28a2&v=6CAA5FD72380168B1BF1C333EC045868DD641FA6""}, {""source"": ""Adzuna"", ""url"": ""https://www.adzuna.co.uk/jobs/land/ad/5586056872?se=bhIX48gA8RGI2N0cIjSMgQ&utm_medium=api&utm_source=026f28a2&v=9D970BF50ACFCF23B1A4C7689FE86DDF855BDC54""}, {""source"": ""Adzuna"", ""url"": ""https://www.adzuna.co.uk/jobs/land/ad/5587829002?se=bhIX48gA8RGI2N0cIjSMgQ&utm_medium=api&utm_source=026f28a2&v=6603ED2E355BD2B1D4A68FD2C22E6A060522BE14""}, {""source"": ""Adzuna"", ""url"": ""https://www.adzuna.co.uk/jobs/land/ad/5606111685?se=bhIX48gA8RGI2N0cIjSMgQ&utm_medium=api&utm_source=026f28a2&v=E43B920671204D9923713C31814C58EE46292C12""}, {""source"": ""Adzuna"", ""url"": ""https://www.adzuna.co.uk/jobs/details/5597608086?utm_medium=api&utm_source=026f28a2""}, {""source"": ""Adzuna"", ""url"": ""https://www.adzuna.co.uk/jobs/details/5611194781?utm_medium=api&utm_source=026f28a2""}, {""source"": ""Adzuna"", ""url"": ""https://www.adzuna.co.uk/jobs/details/5611194872?utm_medium=api&utm_source=026f28a2""}, {""source"": ""Adzuna"", ""url"": ""https://www.adzuna.co.uk/jobs/details/5587697731?utm_medium=api&utm_source=026f28a2""}, {""source"": ""Adzuna"", ""url"": ""https://www.adzuna.co.uk/jobs/details/4950317343?utm_medium=api&utm_source=026f28a2""}, {""source"": ""Adzuna"", ""url"": ""https://www.adzuna.co.uk/jobs/details/5576113806?utm_medium=api&utm_source=026f28a2""}, {""source"": ""Adzuna"", ""url"": ""https://www.adzuna.co.uk/jobs/details/5575142485?utm_medium=api&utm_source=026f28a2""}, {""source"": ""Adzuna"", ""url"": ""https://www.adzuna.co.uk/jobs/details/5604097137?utm_medium=api&utm_source=026f28a2""}, {""source"": ""Adzuna"", ""url"": ""https://www.adzuna.co.uk/jobs/details/5580663509?utm_medium=api&utm_source=026f28a2""}, {""source"": ""Adzuna"", ""url"": ""https://www.adzuna.co.uk/jobs/details/5611195404?utm_medium=api&utm_source=026f28a2""}, {""source"": ""Adzuna"", ""url"": ""https://www.adzuna.co.uk/jobs/details/5575139956?utm_medium=api&utm_source=026f28a2""}, {""source"": ""Adzuna"", ""url"": ""https://www.adzuna.co.uk/jobs/details/5588553388?utm_medium=api&utm_source=026f28a2""}, {""source"": ""Adzuna"", ""url"": ""https://www.adzuna.co.uk/jobs/details/5584344086?utm_medium=api&utm_source=026f28a2""}, {""source"": ""Adzuna"", ""url"": ""https://www.adzuna.co.uk/jobs/details/5611194048?utm_medium=api&utm_source=026f28a2""}, {""source"": ""Adzuna"", ""url"": ""https://www.adzuna.co.uk/jobs/details/5569966461?utm_medium=api&utm_source=026f28a2""}, {""source"": ""Adzuna"", ""url"": ""https://www.adzuna.co.uk/jobs/details/5575622341?utm_medium=api&utm_source=026f28a2""}, {""source"": ""Adzuna"", ""url"": ""https://www.adzuna.co.uk/jobs/details/5606173063?utm_medium=api&utm_source=026f28a2""}, {""source"": ""Adzuna"", ""url"": ""https://www.adzuna.co.uk/jobs/details/5611194900?utm_medium=api&utm_source=026f28a2""}, {""source"": ""Adzuna"", ""url"": ""https://www.adzuna.co.uk/jobs/details/5606734579?utm_medium=api&utm_source=026f28a2""}, {""source"": ""Adzuna"", ""url"": ""https://www.adzuna.co.uk/jobs/details/5603323624?utm_medium=api&utm_source=026f28a2""}, {""source"": ""Adzuna"", ""url"": ""https://www.adzuna.co.uk/jobs/details/5603995442?utm_medium=api&utm_source=026f28a2""}, {""source"": ""Adzuna"", ""url"": ""https://www.adzuna.co.uk/jobs/details/5597423137?utm_medium=api&utm_source=026f28a2""}, {""source"": ""Adzuna"", ""url"": ""https://www.adzuna.co.uk/jobs/details/5550875042?utm_medium=api&utm_source=026f28a2""}, {""source"": ""Adzuna"", ""url"": ""https://www.adzuna.co.uk/jobs/details/5611193826?utm_medium=api&utm_source=026f28a2""}, {""source"": ""Adzuna"", ""url"": ""https://www.adzuna.co.uk/jobs/details/5579242772?utm_medium=api&utm_source=026f28a2""}, {""source"": ""Adzuna"", ""url"": ""https://www.adzuna.co.uk/jobs/details/5588556508?utm_medium=api&utm_source=026f28a2""}, {""source"": ""Adzuna"", ""url"": ""https://www.adzuna.co.uk/jobs/details/5605547781?utm_medium=api&utm_source=026f28a2""}, {""source"": ""Adzuna"", ""url"": ""https://www.adzuna.co.uk/jobs/details/5500590549?utm_medium=api&utm_source=026f28a2""}, {""source"": ""Adzuna"", ""url"": ""https://www.adzuna.co.uk/jobs/details/5533540867?utm_medium=api&utm_source=026f28a2""}]"
Ux Designer (Games),Design,1,Hillhead,Mid,Hybrid,"['UI', 'UX']","[{""source"": ""Adzuna"", ""url"": ""https://www.adzuna.co.uk/jobs/land/ad/5551752433?se=Hth35MgA8RG27sBWXwN7yg&utm_medium=api&utm_source=026f28a2&v=89880E3A6EC7AE7CEA900B88603E5BFCC6ED3CB4""}]"
Ux Designer - Gammalabs,Design,1,Manchester,Senior,On-site,"['UI', 'UX']","[{""source"": ""Adzuna"", ""url"": ""https://www.adzuna.co.uk/jobs/details/5606182926?utm_medium=api&utm_source=026f28a2""}]"
Ux Designer At Hrtechx,Design,1,London,Mid,On-site,"['UI', 'UX']","[{""source"": ""Adzuna"", ""url"": ""https://www.adzuna.co.uk/jobs/land/ad/4802574394?se=Hth35MgA8RG27sBWXwN7yg&utm_medium=api&utm_source=026f28a2&v=A9189692AF7D11A176C68D6F1B2E24103DBC2CE4""}]"
Ux Designer At Setsales,Design,1,London,Mid,On-site,"['UI', 'UX']","[{""source"": ""Adzuna"", ""url"": ""https://www.adzuna.co.uk/jobs/land/ad/4802514710?se=Hth35MgA8RG27sBWXwN7yg&utm_medium=api&utm_source=026f28a2&v=3B7805B1453204E453A1F08F205B1A3FB8B47F91""}]"
Ux Designer/Senior Ux Designer,Design,1,Southampton,Senior,On-site,"['UI', 'UX']","[{""source"": ""Adzuna"", ""url"": ""https://www.adzuna.co.uk/jobs/details/5572685036?utm_medium=api&utm_source=026f28a2""}]"
"Vice President (Life Sciences Consulting, Pharma Practice)",Healthcare,1,London,Senior,On-site,['Data Analysis'],"[{""source"": ""Adzuna"", ""url"": ""https://www.adzuna.co.uk/jobs/details/5537734159?utm_medium=api&utm_source=026f28a2""}]"
"Vp Product, Data & Analytics",Data,2,"London, The City",Senior,On-site,"['Data Analysis', 'SQL']","[{""source"": ""Adzuna"", ""url"": ""https://www.adzuna.co.uk/jobs/land/ad/5570967799?se=3GmBvcgA8RGhuY8Zc5lhIQ&utm_medium=api&utm_source=026f28a2&v=8D47E0CDFC16197952BF8595D91CB4E889578BFB""}, {""source"": ""Adzuna"", ""url"": ""https://www.adzuna.co.uk/jobs/land/ad/5571035520?se=3GmBvcgA8RGhuY8Zc5lhIQ&utm_medium=api&utm_source=026f28a2&v=5AD0CC57E67010CD6CE09737937AFA79A83DF75E""}]"
"Vp, Clinical Research Head, Nephrology Therapeutic Area",Healthcare,2,"London, Stevenage",Senior,On-site,['Clinical Knowledge'],"[{""source"": ""Adzuna"", ""url"": ""https://www.adzuna.co.uk/jobs/details/5610834028?utm_medium=api&utm_source=026f28a2""}, {""source"": ""Adzuna"", ""url"": ""https://www.adzuna.co.uk/jobs/details/5610834024?utm_medium=api&utm_source=026f28a2""}]"
Ward Sister/Charge Nurse,Healthcare,1,York,Senior,On-site,['Clinical Knowledge'],"[{""source"": ""Adzuna"", ""url"": ""https://www.adzuna.co.uk/jobs/land/ad/5394301159?se=zo7f2cgA8RG27sBWXwN7yg&utm_medium=api&utm_source=026f28a2&v=3AF6765209ABAFED2083529D2A04EC629EBEDC3C""}]"
Waste Operations Manager,Business,1,Carrickfergus,Senior,On-site,"['Analysis', 'Communication']","[{""source"": ""Adzuna"", ""url"": ""https://www.adzuna.co.uk/jobs/land/ad/5601498418?se=jkTCzMgA8RGhuY8Zc5lhIQ&utm_medium=api&utm_source=026f28a2&v=64C55BA8EFD05596FA6CDD0317008935EA6F67ED""}]"
Water Consultant,Business,1,Coventry,Mid,On-site,"['Analysis', 'Communication']","[{""source"": ""Adzuna"", ""url"": ""https://www.adzuna.co.uk/jobs/land/ad/5587672658?se=Gt8nyMgA8RG27sBWXwN7yg&utm_medium=api&utm_source=026f28a2&v=4E5BAC298FF8266FFB188FB27356AD8AF3458172""}]"
Web Analyst (Web & Mobile App Analytics),Data,1,Manchester,Mid,On-site,"['Data Analysis', 'SQL']","[{""source"": ""Adzuna"", ""url"": ""https://www.adzuna.co.uk/jobs/land/ad/5584777309?se=3GmBvcgA8RGhuY8Zc5lhIQ&utm_medium=api&utm_source=026f28a2&v=C176812B3340C175086BC5B412226FD7A27F1884""}]"
Website And Marketing Manager,Marketing,1,London,Senior,On-site,"['Campaigns', 'SEO']","[{""source"": ""Adzuna"", ""url"": ""https://www.adzuna.co.uk/jobs/land/ad/5601617507?se=TEEuzsgA8RG27sBWXwN7yg&utm_medium=api&utm_source=026f28a2&v=E629BC68DB787CC5DE3C76F01641F290D8D99F1C""}]"
Workday Product Owner,Product,1,Birmingham,Senior,On-site,"['Roadmapping', 'Stakeholder Management']","[{""source"": ""Adzuna"", ""url"": ""https://www.adzuna.co.uk/jobs/land/ad/5574025583?se=wsjwwsgA8RG27sBWXwN7yg&utm_medium=api&utm_source=026f28a2&v=796DAF90DD45B0C44A3D0ED42DB69A75B3D9C182""}]"
